{
    "label": "A653",
    "frame": "P011",
    "level": 1,
    "L": 24,
    "lat_unit": 0.0992,
    "a_inv": 1.989,
    "m_B": 0.5832076420311714,
    "m_pi": 0.2131724484665661,
    "k2mpi2": 0.4822269041451039,
    "kcot_mpi": 1.244533821023628,
    "k2mpi2s": [
        0.40901798668258327,
        0.41190332857540485,
        0.41478867046822643,
        0.417674012361048,
        0.42055935425386964,
        0.4234446961466912,
        0.4263300380395128,
        0.4292153799323344,
        0.43210072182515596,
        0.43498606371797754,
        0.4378714056107991,
        0.4407567475036207,
        0.44364208939644234,
        0.4465274312892639,
        0.4494127731820855,
        0.4522981150749071,
        0.45518345696772866,
        0.45806879886055024,
        0.4609541407533718,
        0.46383948264619346,
        0.46672482453901504,
        0.4696101664318366,
        0.4724955083246582,
        0.4753808502174798,
        0.4782661921103014,
        0.48115153400312294,
        0.4840368758959446,
        0.48692221778876615,
        0.48980755968158773,
        0.4926929015744093,
        0.4955782434672309,
        0.4984635853600525,
        0.501348927252874,
        0.5042342691456957,
        0.5071196110385172,
        0.5100049529313389,
        0.5128902948241605,
        0.515775636716982,
        0.5186609786098036,
        0.5215463205026252,
        0.5244316623954468,
        0.5273170042882683,
        0.53020234618109,
        0.5330876880739115,
        0.5359730299667331,
        0.5388583718595548,
        0.5417437137523763,
        0.5446290556451979,
        0.5475143975380194,
        0.5503997394308411
    ],
    "kcot_mpis": [
        0.7453767213766888,
        0.7605149169331226,
        0.7759348516899551,
        0.7916453836462605,
        0.8076557491736025,
        0.8239755834581202,
        0.8406149422821808,
        0.8575843252497791,
        0.8748947005677085,
        0.8925575315056509,
        0.9105848046689329,
        0.9289890602458647,
        0.9477834243385769,
        0.9669816436408422,
        0.9865981225641913,
        1.0066479630858303,
        1.027147007514929,
        1.0481118844643453,
        1.0695600582614542,
        1.091509882163865,
        1.1139806556711793,
        1.136992686345768,
        1.1605673565292576,
        1.1847271954403809,
        1.209495957154429,
        1.2348987050259648,
        1.2609619032000574,
        1.287713515903991,
        1.3151831153084392,
        1.343401998832989,
        1.372403316863772,
        1.4022222120060854,
        1.4328959710596572,
        1.4644641911650893,
        1.496968961590258,
        1.5304550629976112,
        1.5649701861210277,
        1.6005651721224512,
        1.6372942771830234,
        1.6752154641869197,
        1.7143907248609576,
        1.7548864360682848,
        1.7967737546204907,
        1.8401290555132597,
        1.8850344192859825,
        1.9315781750386767,
        1.9798555066712047,
        2.029969131102523,
        2.0820300586422213,
        2.1361584473537265
    ],
    "k2mpi2_ref": [
        -0.807773095854897,
        -0.797773095854897,
        -0.787773095854897,
        -0.777773095854897,
        -0.767773095854897,
        -0.7577730958548969,
        -0.7477730958548969,
        -0.7377730958548969,
        -0.7277730958548969,
        -0.7177730958548969,
        -0.7077730958548969,
        -0.6977730958548969,
        -0.6877730958548969,
        -0.6777730958548969,
        -0.6677730958548969,
        -0.6577730958548968,
        -0.6477730958548968,
        -0.6377730958548968,
        -0.6277730958548968,
        -0.6177730958548968,
        -0.6077730958548968,
        -0.5977730958548968,
        -0.5877730958548968,
        -0.5777730958548968,
        -0.5677730958548968,
        -0.5577730958548968,
        -0.5477730958548968,
        -0.5377730958548967,
        -0.5277730958548967,
        -0.5177730958548967,
        -0.5077730958548967,
        -0.4977730958548967,
        -0.4877730958548967,
        -0.4777730958548967,
        -0.4677730958548967,
        -0.45777309585489667,
        -0.44777309585489666,
        -0.43777309585489665,
        -0.42777309585489665,
        -0.41777309585489664,
        -0.40777309585489663,
        -0.3977730958548966,
        -0.3877730958548966,
        -0.3777730958548966,
        -0.3677730958548966,
        -0.3577730958548966,
        -0.3477730958548966,
        -0.33777309585489657,
        -0.32777309585489656,
        -0.31777309585489655,
        -0.30777309585489654,
        -0.29777309585489653,
        -0.2877730958548965,
        -0.2777730958548965,
        -0.2677730958548965,
        -0.2577730958548965,
        -0.24777309585489649,
        -0.23777309585489648,
        -0.22777309585489647,
        -0.21777309585489646,
        -0.20777309585489645,
        -0.19777309585489644,
        -0.18777309585489643,
        -0.17777309585489642,
        -0.16777309585489641,
        -0.1577730958548964,
        -0.1477730958548964,
        -0.1377730958548964,
        -0.12777309585489638,
        -0.11777309585489638,
        -0.10777309585489639,
        -0.0977730958548964,
        -0.0877730958548964,
        -0.0777730958548964,
        -0.06777309585489641,
        -0.057773095854896414,
        -0.04777309585489641,
        -0.03777309585489641,
        -0.027773095854896408,
        -0.017773095854896406,
        -0.007773095854896406,
        0.002226904145103594,
        0.012226904145103594,
        0.022226904145103595,
        0.032226904145103596,
        0.0422269041451036,
        0.0522269041451036,
        0.0622269041451036,
        0.0722269041451036,
        0.0822269041451036,
        0.0922269041451036,
        0.10222690414510359,
        0.11222690414510358,
        0.12222690414510358,
        0.13222690414510357,
        0.14222690414510358,
        0.1522269041451036,
        0.1622269041451036,
        0.1722269041451036,
        0.18222690414510362,
        0.19222690414510363,
        0.20222690414510364,
        0.21222690414510365,
        0.22222690414510365,
        0.23222690414510366,
        0.24222690414510367,
        0.2522269041451037,
        0.2622269041451037,
        0.2722269041451037,
        0.2822269041451037,
        0.2922269041451037,
        0.3022269041451037,
        0.31222690414510373,
        0.32222690414510374,
        0.33222690414510375,
        0.34222690414510376,
        0.35222690414510377,
        0.3622269041451038,
        0.3722269041451038,
        0.3822269041451038,
        0.3922269041451038,
        0.4022269041451038,
        0.4122269041451038,
        0.42222690414510383,
        0.43222690414510384,
        0.44222690414510385,
        0.45222690414510386,
        0.46222690414510387,
        0.4722269041451039,
        0.4822269041451039,
        0.4922269041451039,
        0.5022269041451038,
        0.5122269041451039,
        0.5222269041451039,
        0.5322269041451039,
        0.5422269041451039,
        0.5522269041451039,
        0.5622269041451039,
        0.5722269041451039,
        0.5822269041451039,
        0.5922269041451039,
        0.6022269041451039,
        0.6072269041451039,
        0.612226904145104,
        0.617226904145104,
        0.622226904145104,
        0.627226904145104,
        0.632226904145104,
        0.6347269041451039,
        0.6372269041451039,
        0.6397269041451038,
        0.6422269041451037,
        0.6447269041451037,
        0.6472269041451036,
        0.6484769041451036,
        0.6497269041451036,
        0.6509769041451036,
        0.6522269041451035,
        0.6534769041451035,
        0.6547269041451035,
        0.6559769041451035,
        0.6572269041451034,
        0.6584769041451034,
        0.6597269041451034,
        0.6603519041451034,
        0.6609769041451033,
        0.6616019041451033,
        0.6622269041451033,
        0.6628519041451033,
