{
    "label": "A653",
    "frame": "P111",
    "level": 1,
    "L": 24,
    "lat_unit": 0.0992,
    "a_inv": 1.989,
    "m_B": 0.5832076420311714,
    "m_pi": 0.2131724484665661,
    "k2mpi2": 0.7884857740854786,
    "kcot_mpi": 1.7369371509272837,
    "k2mpi2s": [
        0.7179673518294682,
        0.7207233289880766,
        0.7234793061466849,
        0.7262352833052932,
        0.7289912604639015,
        0.7317472376225097,
        0.734503214781118,
        0.7372591919397263,
        0.7400151690983346,
        0.742771146256943,
        0.7455271234155513,
        0.7482831005741596,
        0.7510390777327679,
        0.7537950548913761,
        0.7565510320499844,
        0.7593070092085927,
        0.762062986367201,
        0.7648189635258094,
        0.7675749406844177,
        0.770330917843026,
        0.7730868950016343,
        0.7758428721602425,
        0.7785988493188508,
        0.7813548264774591,
        0.7841108036360674,
        0.7868667807946758,
        0.7896227579532841,
        0.7923787351118924,
        0.7951347122705007,
        0.7978906894291089,
        0.8006466665877172,
        0.8034026437463255,
        0.8061586209049338,
        0.8089145980635422,
        0.8116705752221505,
        0.8144265523807588,
        0.8171825295393671,
        0.8199385066979754,
        0.8226944838565836,
        0.8254504610151919,
        0.8282064381738002,
        0.8309624153324086,
        0.8337183924910169,
        0.8364743696496252,
        0.8392303468082335,
        0.8419863239668417,
        0.84474230112545,
        0.8474982782840583,
        0.8502542554426666,
        0.853010232601275
    ],
    "kcot_mpis": [
        1.2490018261863307,
        1.264782114392319,
        1.2807823286760691,
        1.2970074807902667,
        1.3134627366319467,
        1.3301534222249698,
        1.3470850299724098,
        1.3642632252085571,
        1.3816938530627005,
        1.3993829456482174,
        1.4173367296051476,
        1.4355616340082986,
        1.4540642986616545,
        1.472851582811713,
        1.4919305742853373,
        1.5113085990982236,
        1.5309932315549162,
        1.5509923048310665,
        1.5713139221875865,
        1.5919664686559913,
        1.6129586234338227,
        1.6342993728878552,
        1.6559980242734464,
        1.6780642201853166,
        1.7005079538082541,
        1.723339584994092,
        1.7465698572424895,
        1.7702099156294684,
        1.794271325749925,
        1.8187660937457957,
        1.8437066874860684,
        1.8691060589890207,
        1.8949776681486656,
        1.9213355078854366,
        1.948194130801387,
        1.975568677442798,
        2.003474906323451,
        2.0319292257097086,
        2.0609487275987144,
        2.0905512235767842,
        2.1207552831681573,
        2.1515802745709327,
        2.183046408074081,
        2.2151747823270003,
        2.247987433701001,
        2.2815073889915185,
        2.3157587216586792,
        2.350766612035118,
        2.386557411661883,
        2.4231587121977243
    ],
    "k2mpi2_ref": [
        -0.8015142259145225,
        -0.7915142259145225,
        -0.7815142259145225,
        -0.7715142259145225,
        -0.7615142259145224,
        -0.7515142259145224,
        -0.7415142259145224,
        -0.7315142259145224,
        -0.7215142259145224,
        -0.7115142259145224,
        -0.7015142259145224,
        -0.6915142259145224,
        -0.6815142259145224,
        -0.6715142259145224,
        -0.6615142259145224,
        -0.6515142259145223,
        -0.6415142259145223,
        -0.6315142259145223,
        -0.6215142259145223,
        -0.6115142259145223,
        -0.6015142259145223,
        -0.5915142259145223,
        -0.5815142259145223,
        -0.5715142259145223,
        -0.5615142259145223,
        -0.5515142259145223,
        -0.5415142259145223,
        -0.5315142259145222,
        -0.5215142259145222,
        -0.5115142259145222,
        -0.5015142259145222,
        -0.49151422591452226,
        -0.48151422591452225,
        -0.47151422591452224,
        -0.46151422591452224,
        -0.4515142259145222,
        -0.4415142259145222,
        -0.4315142259145222,
        -0.4215142259145222,
        -0.4115142259145222,
        -0.4015142259145222,
        -0.3915142259145222,
        -0.38151422591452216,
        -0.37151422591452216,
        -0.36151422591452215,
        -0.35151422591452214,
        -0.34151422591452213,
        -0.3315142259145221,
        -0.3215142259145221,
        -0.3115142259145221,
        -0.3015142259145221,
        -0.2915142259145221,
        -0.2815142259145221,
        -0.27151422591452207,
        -0.26151422591452206,
        -0.25151422591452205,
        -0.24151422591452204,
        -0.23151422591452203,
        -0.22151422591452202,
        -0.211514225914522,
        -0.201514225914522,
        -0.191514225914522,
        -0.181514225914522,
        -0.17151422591452198,
        -0.16151422591452197,
        -0.15151422591452196,
        -0.14151422591452195,
        -0.13151422591452194,
        -0.12151422591452195,
        -0.11151422591452195,
        -0.10151422591452196,
        -0.09151422591452196,
        -0.08151422591452197,
        -0.07151422591452197,
        -0.06151422591452198,
        -0.051514225914521976,
        -0.041514225914521974,
        -0.03151422591452197,
        -0.02151422591452197,
        -0.01151422591452197,
        -0.0015142259145219696,
        0.00848577408547803,
        0.01848577408547803,
        0.028485774085478033,
        0.038485774085478035,
        0.04848577408547804,
        0.05848577408547804,
        0.06848577408547804,
        0.07848577408547804,
        0.08848577408547803,
        0.09848577408547803,
        0.10848577408547802,
        0.11848577408547802,
        0.128485774085478,
        0.13848577408547802,
        0.14848577408547803,
        0.15848577408547804,
        0.16848577408547805,
        0.17848577408547806,
        0.18848577408547806,
        0.19848577408547807,
        0.20848577408547808,
        0.2184857740854781,
        0.2284857740854781,
        0.2384857740854781,
        0.24848577408547812,
        0.2584857740854781,
        0.26848577408547813,
        0.27848577408547814,
        0.28848577408547815,
        0.29848577408547816,
        0.30848577408547817,
        0.3184857740854782,
        0.3284857740854782,
        0.3384857740854782,
        0.3484857740854782,
        0.3584857740854782,
        0.3684857740854782,
        0.37848577408547823,
        0.38848577408547824,
        0.39848577408547825,
        0.40848577408547826,
        0.41848577408547827,
        0.4284857740854783,
        0.4384857740854783,
        0.4484857740854783,
        0.4584857740854783,
        0.4684857740854783,
        0.4784857740854783,
        0.48848577408547833,
        0.49848577408547834,
        0.5084857740854783,
        0.5184857740854784,
        0.5284857740854784,
        0.5384857740854784,
        0.5484857740854784,
        0.5584857740854784,
        0.5684857740854784,
        0.5784857740854784,
        0.5884857740854784,
        0.5984857740854784,
        0.6084857740854784,
        0.6184857740854784,
        0.6284857740854785,
        0.6384857740854785,
        0.6484857740854785,
        0.6584857740854785,
        0.6684857740854785,
        0.6784857740854785,
        0.6884857740854785,
        0.6984857740854785,
        0.7084857740854785,
        0.7184857740854785,
        0.7284857740854785,
        0.7384857740854786,
        0.7484857740854786,
        0.7584857740854786,
        0.7684857740854786,
        0.7784857740854786,
        0.7884857740854786,
        0.7984857740854786,
        0.8084857740854786,
        0.8184857740854786,
        0.8284857740854786,
        0.8384857740854786,
        0.8484857740854787,
        0.8584857740854787,
        0.8684857740854787,
        0.8784857740854787,
