{
    "label": "A653",
    "frame": "P001",
    "level": 1,
    "L": 24,
    "lat_unit": 0.0992,
    "a_inv": 1.989,
    "m_B": 0.5832076420311714,
    "m_pi": 0.2131724484665661,
    "k2mpi2": 1.453994427318892,
    "kcot_mpi": 1.280057964712061,
    "k2mpi2s": [
        1.4022262732658302,
        1.404315940496837,
        1.4064056077278442,
        1.408495274958851,
        1.410584942189858,
        1.412674609420865,
        1.414764276651872,
        1.416853943882879,
        1.418943611113886,
        1.421033278344893,
        1.4231229455759,
        1.425212612806907,
        1.4273022800379138,
        1.429391947268921,
        1.4314816144999278,
        1.4335712817309347,
        1.4356609489619419,
        1.4377506161929487,
        1.4398402834239559,
        1.4419299506549628,
        1.4440196178859697,
        1.4461092851169768,
        1.4481989523479837,
        1.4502886195789906,
        1.4523782868099977,
        1.4544679540410046,
        1.4565576212720117,
        1.4586472885030186,
        1.4607369557340255,
        1.4628266229650326,
        1.4649162901960395,
        1.4670059574270464,
        1.4690956246580535,
        1.4711852918890604,
        1.4732749591200673,
        1.4753646263510745,
        1.4774542935820814,
        1.4795439608130885,
        1.4816336280440954,
        1.4837232952751023,
        1.4858129625061094,
        1.4879026297371163,
        1.4899922969681232,
        1.4920819641991303,
        1.4941716314301372,
        1.4962612986611443,
        1.4983509658921512,
        1.5004406331231581,
        1.5025303003541652,
        1.5046199675851721
    ],
    "kcot_mpis": [
        1.0425436503520944,
        1.05128852276203,
        1.0600969422655706,
        1.0689697819619777,
        1.0779079305232089,
        1.0869122925382153,
        1.0959837889555877,
        1.1051233573516173,
        1.1143319524296316,
        1.1236105463205286,
        1.132960129067642,
        1.142381709000469,
        1.1518763131950347,
        1.161444987885647,
        1.1710887989839291,
        1.1808088324724433,
        1.1906061949566658,
        1.2004820141239587,
        1.2104374393528357,
        1.2204736418214166,
        1.2305918158937081,
        1.24079317845394,
        1.2510789717862956,
        1.261450460345534,
        1.2719089350912123,
        1.2824557122590146,
        1.2930921343885255,
        1.3038195709741818,
        1.3146394191776127,
        1.3255531045134157,
        1.3365620816014157,
        1.347667834908318,
        1.3588718795221029,
        1.370175761972832,
        1.381581061047078,
        1.393089388635136,
        1.4047023906332639,
        1.4164217478360477,
        1.4282491768781551,
        1.4401864312021841,
        1.4522353020737648,
        1.464397619581763,
        1.4766752537548444,
        1.489070115616975,
        1.501584158367305,
        1.5142193785380913,
        1.5269778170505612,
        1.539861560967114,
        1.5528727441342915,
        1.566013549069391
    ],
    "k2mpi2_ref": [
        0.6139944273188913,
        0.6239944273188913,
        0.6339944273188913,
        0.6439944273188913,
        0.6539944273188913,
        0.6639944273188914,
        0.6739944273188914,
        0.6839944273188914,
        0.6939944273188914,
        0.7039944273188914,
        0.7139944273188914,
        0.7239944273188914,
        0.7339944273188914,
        0.7439944273188914,
        0.7539944273188914,
        0.7639944273188914,
        0.7739944273188915,
        0.7839944273188915,
        0.7939944273188915,
        0.8039944273188915,
        0.8139944273188915,
        0.8239944273188915,
        0.8339944273188915,
        0.8439944273188915,
        0.8539944273188915,
        0.8639944273188915,
        0.8739944273188915,
        0.8839944273188916,
        0.8939944273188916,
        0.9039944273188916,
        0.9139944273188916,
        0.9239944273188916,
        0.9339944273188916,
        0.9439944273188916,
        0.9539944273188916,
        0.9639944273188916,
        0.9739944273188916,
        0.9839944273188916,
        0.9939944273188916,
        1.0039944273188917,
        1.0139944273188917,
        1.0239944273188917,
        1.0339944273188917,
        1.0439944273188917,
        1.0539944273188917,
        1.0639944273188917,
        1.0739944273188917,
        1.0839944273188917,
        1.0939944273188917,
        1.1039944273188917,
        1.1139944273188918,
        1.1239944273188918,
        1.1339944273188918,
        1.1439944273188918,
        1.1539944273188918,
        1.1639944273188918,
        1.1739944273188918,
        1.1839944273188918,
        1.1939944273188918,
        1.2039944273188918,
        1.2139944273188918,
        1.2239944273188919,
        1.2339944273188919,
        1.2439944273188919,
        1.2539944273188919,
        1.2639944273188919,
        1.273994427318892,
        1.283994427318892,
        1.293994427318892,
        1.303994427318892,
        1.313994427318892,
        1.323994427318892,
        1.333994427318892,
        1.343994427318892,
        1.353994427318892,
        1.363994427318892,
        1.373994427318892,
        1.383994427318892,
        1.393994427318892,
        1.403994427318892,
        1.413994427318892,
        1.423994427318892,
        1.433994427318892,
        1.443994427318892,
        1.453994427318892,
        1.463994427318892,
        1.473994427318892,
        1.483994427318892,
        1.493994427318892,
        1.503994427318892,
        1.513994427318892,
        1.5239944273188921,
        1.5339944273188921,
        1.5439944273188921,
        1.5539944273188921,
        1.5639944273188922,
        1.5739944273188922,
        1.5839944273188922,
        1.5939944273188922,
        1.6039944273188922,
        1.6139944273188922,
        1.6239944273188922,
        1.6339944273188922,
        1.6439944273188922,
        1.6539944273188922,
        1.6639944273188922,
        1.6739944273188923,
        1.6839944273188923,
        1.6939944273188923,
        1.7039944273188923,
        1.7139944273188923,
        1.7239944273188923,
        1.7339944273188923,
        1.7439944273188923,
        1.7489944273188922,
        1.753994427318892,
        1.758994427318892,
        1.7639944273188919,
        1.7689944273188918,
        1.7739944273188917,
        1.7789944273188916,
        1.7839944273188915,
        1.7864944273188914,
        1.7889944273188914,
        1.7914944273188913,
        1.7939944273188912,
        1.7964944273188912,
        1.7989944273188911,
        1.801494427318891,
        1.803994427318891,
        1.806494427318891,
        1.808994427318891,
        1.810244427318891,
        1.8114944273188909,
        1.8127444273188908,
        1.8139944273188908,
        1.8152444273188908,
        1.8164944273188908,
        1.8177444273188907,
        1.8189944273188907,
        1.8202444273188907,
        1.8214944273188907,
        1.8227444273188906,
        1.8239944273188906,
        1.8252444273188906
    ],