{
    "label": "A653",
    "frame": "P000",
    "level": 0,
    "L": 24,
    "lat_unit": 0.0992,
    "a_inv": 1.989,
    "m_B": 0.5832076420311714,
    "m_pi": 0.2131724484665661,
    "k2mpi2": -0.48653250265728404,
    "kcot_mpi": -0.6503118385966602,
    "k2mpi2s": [
        -0.5209932386042396,
        -0.5196058648464167,
        -0.5182184910885939,
        -0.5168311173307709,
        -0.5154437435729481,
        -0.5140563698151251,
        -0.5126689960573023,
        -0.5112816222994794,
        -0.5098942485416565,
        -0.5085068747838336,
        -0.5071195010260108,
        -0.5057321272681878,
        -0.504344753510365,
        -0.5029573797525421,
        -0.5015700059947192,
        -0.5001826322368963,
        -0.49879525847907347,
        -0.4974078847212506,
        -0.4960205109634277,
        -0.4946331372056048,
        -0.4932457634477819,
        -0.49185838968995904,
        -0.49047101593213616,
        -0.4890836421743132,
        -0.4876962684164904,
        -0.48630889465866745,
        -0.4849215209008446,
        -0.4835341471430217,
        -0.48214677338519885,
        -0.4807593996273759,
        -0.479372025869553,
        -0.47798465211173014,
        -0.47659727835390725,
        -0.47520990459608436,
        -0.4738225308382615,
        -0.4724351570804386,
        -0.4710477833226157,
        -0.4696604095647928,
        -0.46827303580696994,
        -0.46688566204914705,
        -0.46549828829132417,
        -0.4641109145335013,
        -0.4627235407756784,
        -0.4613361670178555,
        -0.45994879326003263,
        -0.45856141950220974,
        -0.45717404574438686,
        -0.455786671986564,
        -0.4543992982287411,
        -0.4530119244709182
    ],
    "kcot_mpis": [
        -0.6809284288172491,
        -0.6797337575047766,
        -0.6785360762717825,
        -0.6773353636916282,
        -0.6761315981116014,
        -0.6749247576519365,
        -0.6737148202007505,
        -0.6725017634127474,
        -0.6712855647057102,
        -0.6700662012558828,
        -0.6688436499964536,
        -0.6676178876120593,
        -0.6663888905406146,
        -0.665156634960762,
        -0.6639210967973457,
        -0.6626822517131669,
        -0.6614400751082344,
        -0.6601945421079958,
        -0.6589456275748318,
        -0.6576933060888878,
        -0.6564375519535657,
        -0.6551783391871216,
        -0.6539156415212649,
        -0.6526494323950812,
        -0.6513796849528524,
        -0.6501063720385637,
        -0.6488294661918533,
        -0.6475489396434506,
        -0.6462647643120208,
        -0.6449769117978718,
        -0.6436853533792385,
        -0.6423900600077078,
        -0.6410910023042597,
        -0.6397881505525599,
        -0.6384814746952568,
        -0.6371709443294001,
        -0.635856528700187,
        -0.6345381966962218,
        -0.633215916845281,
        -0.6318896573072332,
        -0.630559385870037,
        -0.6292250699434955,
        -0.6278866765535039,
        -0.626544172336924,
        -0.6251975235348199,
        -0.6238466959882367,
        -0.622491655128894,
        -0.6211323659770767,
        -0.6197687931319521,
        -0.6184009007668764
    ],
    "k2mpi2_ref": [
        -0.8065325026572843,
        -0.7965325026572843,
        -0.7865325026572842,
        -0.7765325026572842,
        -0.7665325026572842,
        -0.7565325026572842,
        -0.7465325026572842,
        -0.7365325026572842,
        -0.7265325026572842,
        -0.7165325026572842,
        -0.7065325026572842,
        -0.6965325026572842,
        -0.6865325026572842,
        -0.6765325026572842,
        -0.6665325026572841,
        -0.6565325026572841,
        -0.6465325026572841,
        -0.6365325026572841,
        -0.6265325026572841,
        -0.6165325026572841,
        -0.6065325026572841,
        -0.5965325026572841,
        -0.5865325026572841,
        -0.5765325026572841,
        -0.566532502657284,
        -0.556532502657284,
        -0.546532502657284,
        -0.536532502657284,
        -0.526532502657284,
        -0.516532502657284,
        -0.506532502657284,
        -0.49653250265728405,
        -0.48653250265728404,
        -0.47653250265728403,
        -0.466532502657284,
        -0.456532502657284,
        -0.446532502657284,
        -0.436532502657284,
        -0.426532502657284,
        -0.416532502657284,
        -0.40653250265728397,
        -0.39653250265728396,
        -0.38653250265728395,
        -0.37653250265728394,
        -0.36653250265728393,
        -0.3565325026572839,
        -0.3465325026572839,
        -0.3365325026572839,
        -0.3265325026572839,
        -0.3165325026572839,
        -0.3065325026572839,
        -0.29653250265728387,
        -0.28653250265728386,
        -0.27653250265728385,
        -0.26653250265728384,
        -0.25653250265728383,
        -0.24653250265728383,
        -0.23653250265728382,
        -0.2265325026572838,
        -0.2165325026572838,
        -0.2065325026572838,
        -0.19653250265728378,
        -0.18653250265728377,
        -0.17653250265728376,
        -0.16653250265728375,
        -0.15653250265728375,
        -0.14653250265728374,
        -0.13653250265728373,
        -0.12653250265728372,
        -0.11653250265728372,
        -0.10653250265728373,
        -0.09653250265728373,
        -0.08653250265728374,
        -0.07653250265728374,
        -0.06653250265728375,
        -0.05653250265728375,
        -0.046532502657283745,
        -0.04153250265728375,
        -0.03653250265728375,
        -0.03153250265728375,
        -0.029032502657283753,
        -0.026532502657283755,
        -0.024032502657283756,
        -0.021532502657283757,
        -0.020282502657283756,
        -0.019032502657283755,
        -0.017782502657283754,
        -0.016532502657283753,
        -0.015282502657283753,
        -0.014657502657283753,
        -0.014032502657283752,
        -0.013407502657283752,
        -0.012782502657283751,
        -0.01215750265728375,
        -0.01153250265728375,
        -0.01090750265728375,
        -0.01059500265728375,
        -0.010282502657283749,
        -0.009970002657283749,
        -0.009657502657283748,
        -0.009345002657283748,
        -0.009032502657283748,
        -0.008720002657283748,
        -0.008407502657283747,
        -0.008095002657283747,
        -0.007782502657283747,
        -0.0076262526572837466,
        -0.007470002657283746,
        -0.007313752657283746,
        -0.007157502657283746,
        -0.007001252657283746,
        -0.006845002657283746,
        -0.006688752657283746,
        -0.006532502657283746,
        -0.0063762526572837454,
        -0.006220002657283745,
        -0.006063752657283745,
        -0.005907502657283745,
        -0.005751252657283745,
        -0.005595002657283745
    ],