{
    "label": "A653",
    "frame": "P111",
    "level": 0,
    "L": 24,
    "lat_unit": 0.0992,
    "a_inv": 1.989,
    "m_B": 0.5832076420311714,
    "m_pi": 0.2131724484665661,
    "k2mpi2": 0.2347328183496679,
    "kcot_mpi": 0.05800869158994556,
    "k2mpi2s": [
        0.16735294188301494,
        0.17001216752698003,
        0.17267139317094515,
        0.17533061881491024,
        0.17798984445887533,
        0.18064907010284043,
        0.18330829574680554,
        0.18596752139077063,
        0.18862674703473573,
        0.19128597267870082,
        0.19394519832266593,
        0.19660442396663103,
        0.19926364961059612,
        0.2019228752545612,
        0.20458210089852633,
        0.20724132654249142,
        0.2099005521864565,
        0.21255977783042163,
        0.21521900347438672,
        0.2178782291183518,
        0.2205374547623169,
        0.223196680406282,
        0.2258559060502471,
        0.2285151316942122,
        0.23117435733817732,
        0.2338335829821424,
        0.2364928086261075,
        0.2391520342700726,
        0.24181125991403768,
        0.24447048555800277,
        0.2471297112019679,
        0.24978893684593298,
        0.2524481624898981,
        0.2551073881338632,
        0.2577666137778283,
        0.26042583942179337,
        0.26308506506575846,
        0.2657442907097236,
        0.26840351635368864,
        0.2710627419976538,
        0.2737219676416189,
        0.27638119328558397,
        0.27904041892954906,
        0.28169964457351415,
        0.28435887021747924,
        0.28701809586144433,
        0.2896773215054095,
        0.29233654714937457,
        0.29499577279333966,
        0.29765499843730475
    ],
    "kcot_mpis": [
        -0.04719949455641939,
        -0.04329246057139386,
        -0.039366743982485464,
        -0.03542217043865451,
        -0.03145856334465503,
        -0.027475743824822516,
        -0.023473530683871893,
        -0.019451740373741176,
        -0.015410186947604116,
        -0.01134868202862972,
        -0.007267034762616982,
        -0.0031650517832271566,
        0.0009574628362991767,
        0.0051007076190344855,
        0.009264883735282106,
        0.01345019503831052,
        0.017656848115927166,
        0.021885052335758694,
        0.026135019890890097,
        0.03040696584787702,
        0.03470110819757469,
        0.039017667904039856,
        0.043356868954912246,
        0.047718938415275705,
        0.05210410647998063,
        0.056512606529173594,
        0.06094467518054717,
        0.06540055234979464,
        0.06988048130754312,
        0.0743847087370666,
        0.07891348479520215,
        0.08346706317506003,
        0.08804570116846565,
        0.09264965972916159,
        0.09727920354020109,
        0.10193460108016669,
        0.1066161246914804,
        0.11132405065134522,
        0.11605865924268975,
        0.12082023482804463,
        0.1256090659229367,
        0.13042544527468988,
        0.1352696699374782,
        0.14014204135525035,
        0.14504286544151823,
        0.1499724526636306,
        0.1549311181270278,
        0.15991918166446648,
        0.16493696792421683,
        0.16998480646139832
    ],
    "k2mpi2_ref": [
        -0.8052671816503327,
        -0.7952671816503327,
        -0.7852671816503327,
        -0.7752671816503327,
        -0.7652671816503327,
        -0.7552671816503327,
        -0.7452671816503327,
        -0.7352671816503327,
        -0.7252671816503327,
        -0.7152671816503327,
        -0.7052671816503326,
        -0.6952671816503326,
        -0.6852671816503326,
        -0.6752671816503326,
        -0.6652671816503326,
        -0.6552671816503326,
        -0.6452671816503326,
        -0.6352671816503326,
        -0.6252671816503326,
        -0.6152671816503326,
        -0.6052671816503326,
        -0.5952671816503325,
        -0.5852671816503325,
        -0.5752671816503325,
        -0.5652671816503325,
        -0.5552671816503325,
        -0.5452671816503325,
        -0.5352671816503325,
        -0.5252671816503325,
        -0.5152671816503325,
        -0.5052671816503325,
        -0.49526718165033246,
        -0.48526718165033245,
        -0.47526718165033244,
        -0.46526718165033243,
        -0.4552671816503324,
        -0.4452671816503324,
        -0.4352671816503324,
        -0.4252671816503324,
        -0.4152671816503324,
        -0.4052671816503324,
        -0.39526718165033237,
        -0.38526718165033236,
        -0.37526718165033235,
        -0.36526718165033234,
        -0.35526718165033233,
        -0.3452671816503323,
        -0.3352671816503323,
        -0.3252671816503323,
        -0.3152671816503323,
        -0.3052671816503323,
        -0.2952671816503323,
        -0.28526718165033227,
        -0.27526718165033226,
        -0.26526718165033225,
        -0.25526718165033224,
        -0.24526718165033226,
        -0.23526718165033225,
        -0.22526718165033224,
        -0.21526718165033223,
        -0.20526718165033223,
        -0.19526718165033222,
        -0.1852671816503322,
        -0.1752671816503322,
        -0.1652671816503322,
        -0.15526718165033218,
        -0.14526718165033217,
        -0.13526718165033216,
        -0.12526718165033215,
        -0.11526718165033216,
        -0.10526718165033216,
        -0.09526718165033217,
        -0.08526718165033217,
        -0.07526718165033218,
        -0.06526718165033218,
        -0.05526718165033218,
        -0.04526718165033218,
        -0.03526718165033218,
        -0.025267181650332177,
        -0.015267181650332175,
        -0.0052671816503321745,
        0.004732818349667826,
        0.014732818349667826,
        0.024732818349667826,
        0.03473281834966783,
        0.04473281834966783,
        0.05473281834966783,
        0.06473281834966783,
        0.07473281834966783,
        0.08473281834966782,
        0.09473281834966782,
        0.10473281834966781,
        0.11473281834966781,
        0.1247328183496678,
        0.1347328183496678,
        0.1447328183496678,
        0.15473281834966782,
        0.16473281834966783,
        0.17473281834966783,
        0.18473281834966784,
        0.19473281834966785,
        0.20473281834966786,
        0.21473281834966787,
        0.22473281834966788,
        0.2347328183496679,
        0.2447328183496679,
        0.2547328183496679,
        0.2647328183496679,
        0.2747328183496679,
        0.2847328183496679,
        0.2947328183496679,
        0.3047328183496679,
        0.31473281834966793,
        0.32473281834966794,
        0.33473281834966795,
        0.34473281834966796,
        0.35473281834966797,
        0.364732818349668,
        0.374732818349668,
        0.384732818349668,
        0.394732818349668,
        0.404732818349668,
        0.414732818349668,
        0.42473281834966803,
        0.43473281834966804,
        0.44473281834966805,
        0.45473281834966806,
        0.46473281834966806,
        0.4747328183496681,
        0.4847328183496681,
        0.4947328183496681,
        0.5047328183496681,
        0.5147328183496681,
        0.5247328183496681,
        0.5347328183496681,
        0.5447328183496681,
        0.5547328183496681,
        0.5647328183496682,
        0.5747328183496682,
        0.5847328183496682,
        0.5947328183496682,
        0.6047328183496682,
        0.6147328183496682,
        0.6247328183496682,
        0.6347328183496682,
        0.6447328183496682,
        0.6547328183496682,
        0.6647328183496682,
        0.6747328183496683,
        0.6847328183496683,
        0.6947328183496683,
        0.7047328183496683,
        0.7147328183496683,
        0.7247328183496683,
        0.7347328183496683,
        0.7447328183496683,
        0.7547328183496683,
        0.7647328183496683,
        0.7747328183496683,
        0.7847328183496683,
        0.7947328183496684,
        0.8047328183496684,
        0.8147328183496684,
        0.8247328183496684,
        0.8347328183496684,
