{
    "label": "A653",
    "frame": "P000",
    "level": 1,
    "L": 24,
    "lat_unit": 0.0992,
    "a_inv": 1.989,
    "m_B": 0.5832076420311714,
    "m_pi": 0.2131724484665661,
    "k2mpi2": 1.1120998434090783,
    "kcot_mpi": 1.0091079629540605,
    "k2mpi2s": [
        1.0627063563961736,
        1.0647945964767331,
        1.0668828365572929,
        1.0689710766378524,
        1.0710593167184121,
        1.0731475567989717,
        1.0752357968795314,
        1.077324036960091,
        1.0794122770406507,
        1.0815005171212102,
        1.08358875720177,
        1.0856769972823295,
        1.087765237362889,
        1.0898534774434487,
        1.0919417175240083,
        1.094029957604568,
        1.0961181976851275,
        1.0982064377656873,
        1.1002946778462468,
        1.1023829179268065,
        1.104471158007366,
        1.1065593980879256,
        1.1086476381684853,
        1.1107358782490449,
        1.1128241183296046,
        1.1149123584101641,
        1.1170005984907239,
        1.1190888385712834,
        1.1211770786518431,
        1.1232653187324027,
        1.1253535588129622,
        1.127441798893522,
        1.1295300389740814,
        1.1316182790546412,
        1.1337065191352007,
        1.1357947592157605,
        1.13788299929632,
        1.1399712393768797,
        1.1420594794574392,
        1.1441477195379988,
        1.1462359596185585,
        1.148324199699118,
        1.1504124397796778,
        1.1525006798602373,
        1.154588919940797,
        1.1566771600213566,
        1.1587654001019163,
        1.1608536401824758,
        1.1629418802630356,
        1.165030120343595
    ],
    "kcot_mpis": [
        0.813849306510498,
        0.8213816514539392,
        0.8289713155600213,
        0.8366191105031392,
        0.8443258633095873,
        0.852092416701556,
        0.8599196294765021,
        0.8678083769071947,
        0.8757595511311517,
        0.8837740615679074,
        0.8918528353516625,
        0.899996817759478,
        0.9082069726667016,
        0.9164842830123118,
        0.9248297512783257,
        0.9332443999822976,
        0.9417292721789174,
        0.9502854319902114,
        0.9589139651664026,
        0.967615979565345,
        0.9763926058511799,
        0.9852449979639323,
        0.9941743338154148,
        1.0031818158518753,
        1.0122686717658291,
        1.0214361551158038,
        1.0306855460281794,
        1.0400181519771199,
        1.04943530837619,
        1.058938379507611,
        1.0685287591773658,
        1.0782078715967705,
        1.0879771721888318,
        1.09783814847646,
        1.10779232095498,
        1.1178412440449197,
        1.1279865070097626,
        1.1382297349786492,
        1.148572589956842,
        1.1590167718805902,
        1.1695640197160735,
        1.1802161125880148,
        1.1909748709528092,
        1.2018421578236334,
        1.2128198800076628,
        1.2239099894087702,
        1.2351144843893793,
        1.2464354111636433,
        1.2578748656013672,
        1.2694349929050068
    ],
    "k2mpi2_ref": [
        0.1920998434090775,
        0.2020998434090775,
        0.2120998434090775,
        0.2220998434090775,
        0.23209984340907752,
        0.24209984340907753,
        0.25209984340907754,
        0.26209984340907755,
        0.27209984340907756,
        0.28209984340907757,
        0.2920998434090776,
        0.3020998434090776,
        0.3120998434090776,
        0.3220998434090776,
        0.3320998434090776,
        0.3420998434090776,
        0.35209984340907763,
        0.36209984340907764,
        0.37209984340907765,
        0.38209984340907766,
        0.39209984340907766,
        0.4020998434090777,
        0.4120998434090777,
        0.4220998434090777,
        0.4320998434090777,
        0.4420998434090777,
        0.4520998434090777,
        0.4620998434090777,
        0.47209984340907774,
        0.48209984340907774,
        0.49209984340907775,
        0.5020998434090778,
        0.5120998434090778,
        0.5220998434090778,
        0.5320998434090778,
        0.5420998434090778,
        0.5520998434090778,
        0.5620998434090778,
        0.5720998434090778,
        0.5820998434090778,
        0.5920998434090778,
        0.6020998434090779,
        0.6120998434090779,
        0.6220998434090779,
        0.6320998434090779,
        0.6420998434090779,
        0.6520998434090779,
        0.6620998434090779,
        0.6720998434090779,
        0.6820998434090779,
        0.6920998434090779,
        0.7020998434090779,
        0.712099843409078,
        0.722099843409078,
        0.732099843409078,
        0.742099843409078,
        0.752099843409078,
        0.762099843409078,
        0.772099843409078,
        0.782099843409078,
        0.792099843409078,
        0.802099843409078,
        0.812099843409078,
        0.822099843409078,
        0.832099843409078,
        0.8420998434090781,
        0.8520998434090781,
        0.8620998434090781,
        0.8720998434090781,
        0.8820998434090781,
        0.8920998434090781,
        0.9020998434090781,
        0.9120998434090781,
        0.9220998434090781,
        0.9320998434090781,
        0.9420998434090782,
        0.9520998434090782,
        0.9620998434090782,
        0.9720998434090782,
        0.9820998434090782,
        0.9920998434090782,
        1.0020998434090782,
        1.0120998434090782,
        1.0220998434090782,
        1.0320998434090782,
        1.0420998434090782,
        1.0520998434090783,
        1.0620998434090783,
        1.0720998434090783,
        1.0820998434090783,
        1.0920998434090783,
        1.1020998434090783,
        1.1120998434090783,
        1.1220998434090783,
        1.1320998434090783,
        1.1420998434090783,
        1.1520998434090783,
        1.1620998434090783,
        1.1720998434090784,
        1.1820998434090784,
        1.1920998434090784,
        1.2020998434090784,
        1.2120998434090784,
        1.2220998434090784,
        1.2320998434090784,
        1.2420998434090784,
        1.2520998434090784,
        1.2620998434090784,
        1.2720998434090784,
        1.2820998434090785,
        1.2920998434090785,
        1.3020998434090785,
        1.3120998434090785,
        1.3220998434090785,
        1.3320998434090785,
        1.3420998434090785,
        1.3520998434090785,
        1.3620998434090785,
        1.3720998434090785,
        1.3820998434090785,
        1.3920998434090786,
        1.4020998434090786,
        1.4070998434090785,
        1.4120998434090783,
        1.4170998434090782,
        1.4220998434090781,
        1.427099843409078,
        1.432099843409078,
        1.4345998434090779,
        1.4370998434090778,
        1.4395998434090778,
        1.4420998434090777,
        1.4445998434090777,
        1.4470998434090776,
        1.4495998434090775,
        1.4520998434090775,
        1.4545998434090774,
        1.4558498434090774,
        1.4570998434090774,
        1.4583498434090774,
        1.4595998434090773,
        1.4608498434090773,
        1.4620998434090773,
        1.4633498434090773,
        1.4645998434090772,
        1.4658498434090772,
        1.4670998434090772,
        1.4683498434090771,
        1.4695998434090771,
        1.470849843409077,
        1.4714748434090772,
        1.4720998434090773,
        1.4727248434090774,
        1.4733498434090775
    ],