{
    "label": "A653",
    "frame": "P001",
    "level": 0,
    "L": 24,
    "lat_unit": 0.0992,
    "a_inv": 1.989,
    "m_B": 0.5832076420311714,
    "m_pi": 0.2131724484665661,
    "k2mpi2": -0.24468073415660818,
    "kcot_mpi": -0.48033129303882044,
    "k2mpi2s": [
        -0.2834821211839161,
        -0.2819305671718666,
        -0.2803790131598171,
        -0.2788274591477677,
        -0.2772759051357182,
        -0.2757243511236687,
        -0.27417279711161924,
        -0.27262124309956975,
        -0.27106968908752027,
        -0.26951813507547084,
        -0.26796658106342136,
        -0.2664150270513719,
        -0.2648634730393224,
        -0.2633119190272729,
        -0.26176036501522343,
        -0.260208811003174,
        -0.2586572569911245,
        -0.25710570297907503,
        -0.25555414896702555,
        -0.25400259495497607,
        -0.2524510409429266,
        -0.25089948693087716,
        -0.24934793291882767,
        -0.2477963789067782,
        -0.2462448248947287,
        -0.24469327088267923,
        -0.24314171687062977,
        -0.2415901628585803,
        -0.24003860884653083,
        -0.23848705483448135,
        -0.23693550082243187,
        -0.2353839468103824,
        -0.23383239279833293,
        -0.23228083878628344,
        -0.230729284774234,
        -0.2291777307621845,
        -0.22762617675013502,
        -0.22607462273808557,
        -0.22452306872603608,
        -0.22297151471398663,
        -0.22141996070193715,
        -0.21986840668988766,
        -0.21831685267783818,
        -0.21676529866578872,
        -0.21521374465373924,
        -0.2136621906416898,
        -0.2121106366296403,
        -0.21055908261759082,
        -0.20900752860554134,
        -0.20745597459349188
    ],
    "kcot_mpis": [
        -0.5191238741139318,
        -0.5176219115141777,
        -0.5161160520981979,
        -0.5146062705185701,
        -0.5130925411874859,
        -0.5115748382738529,
        -0.5100531357009482,
        -0.5085274071427259,
        -0.5069976260215063,
        -0.5054637655039697,
        -0.5039257984987195,
        -0.5023836976527587,
        -0.5008374353489925,
        -0.4992869837004209,
        -0.4977323145515992,
        -0.49617339947084416,
        -0.4946102097479577,
        -0.49304271639211894,
        -0.4914708901273745,
        -0.48989470138830754,
        -0.48831412031630395,
        -0.48672911676297326,
        -0.48513966027069,
        -0.48354572008453245,
        -0.4819472651407476,
        -0.48034426406378783,
        -0.4787366851638149,
        -0.47712449643083904,
        -0.47550766553104923,
        -0.47388615980511123,
        -0.4722599462593267,
        -0.4706289915631508,
        -0.4689932620501269,
        -0.4673527237045791,
        -0.4657073421633954,
        -0.46405708270865514,
        -0.462401910263222,
        -0.4607417893884595,
        -0.4590766842755316,
        -0.4574065587432921,
        -0.4557313762328323,
        -0.45405109980201924,
        -0.4523656921205202,
        -0.45067511546457495,
        -0.4489793317120257,
        -0.4472783023361367,
        -0.4455719884014426,
        -0.4438603505572295,
        -0.44214334903171654,
        -0.44042094362726625
    ],
    "k2mpi2_ref": [
        -0.8046807341566087,
        -0.7946807341566087,
        -0.7846807341566087,
        -0.7746807341566087,
        -0.7646807341566086,
        -0.7546807341566086,
        -0.7446807341566086,
        -0.7346807341566086,
        -0.7246807341566086,
        -0.7146807341566086,
        -0.7046807341566086,
        -0.6946807341566086,
        -0.6846807341566086,
        -0.6746807341566086,
        -0.6646807341566086,
        -0.6546807341566085,
        -0.6446807341566085,
        -0.6346807341566085,
        -0.6246807341566085,
        -0.6146807341566085,
        -0.6046807341566085,
        -0.5946807341566085,
        -0.5846807341566085,
        -0.5746807341566085,
        -0.5646807341566085,
        -0.5546807341566085,
        -0.5446807341566084,
        -0.5346807341566084,
        -0.5246807341566084,
        -0.5146807341566084,
        -0.5046807341566084,
        -0.4946807341566084,
        -0.4846807341566084,
        -0.4746807341566084,
        -0.4646807341566084,
        -0.45468073415660837,
        -0.44468073415660836,
        -0.43468073415660835,
        -0.42468073415660834,
        -0.41468073415660833,
        -0.4046807341566083,
        -0.3946807341566083,
        -0.3846807341566083,
        -0.3746807341566083,
        -0.3646807341566083,
        -0.3546807341566083,
        -0.34468073415660827,
        -0.33468073415660826,
        -0.32468073415660825,
        -0.31468073415660824,
        -0.30468073415660823,
        -0.2946807341566082,
        -0.2846807341566082,
        -0.2746807341566082,
        -0.2646807341566082,
        -0.2546807341566082,
        -0.24468073415660818,
        -0.23468073415660817,
        -0.22468073415660816,
        -0.21468073415660816,
        -0.20468073415660815,
        -0.19468073415660814,
        -0.18468073415660813,
        -0.17468073415660812,
        -0.1646807341566081,
        -0.1546807341566081,
        -0.1446807341566081,
        -0.13468073415660808,
        -0.12468073415660809,
        -0.1146807341566081,
        -0.1046807341566081,
        -0.0946807341566081,
        -0.08468073415660811,
        -0.07468073415660811,
        -0.06468073415660812,
        -0.05468073415660812,
        -0.044680734156608115,
        -0.03468073415660811,
        -0.02468073415660811,
        -0.014680734156608111,
        -0.004680734156608111,
        0.005319265843391889,
        0.01531926584339189,
        0.02531926584339189,
        0.035319265843391894,
        0.045319265843391895,
        0.0553192658433919,
        0.0653192658433919,
        0.0753192658433919,
        0.08531926584339189,
        0.09531926584339188,
        0.10531926584339188,
        0.11531926584339187,
        0.12531926584339187,
        0.13531926584339188,
        0.1453192658433919,
        0.1553192658433919,
        0.1653192658433919,
        0.1753192658433919,
        0.18531926584339192,
        0.19531926584339193,
        0.20531926584339194,
        0.21531926584339195,
        0.22531926584339196,
        0.23531926584339197,
        0.24531926584339198,
        0.255319265843392,
        0.265319265843392,
        0.275319265843392,
        0.285319265843392,
        0.295319265843392,
        0.300319265843392,
        0.30531926584339203,
        0.31031926584339203,
        0.31531926584339204,
        0.31781926584339204,
        0.32031926584339204,
        0.32281926584339204,
        0.32531926584339205,
        0.32781926584339205,
        0.33031926584339205,
        0.331569265843392,
        0.332819265843392,
        0.33406926584339197,
        0.33531926584339194,
        0.3365692658433919,
        0.3378192658433919,
        0.3384442658433919,
        0.33906926584339186,
        0.33969426584339185,
        0.34031926584339184,
        0.3409442658433918,
        0.3415692658433918,
        0.3421942658433918,
        0.3428192658433918,
        0.34344426584339177,
        0.34406926584339176,
        0.34469426584339175,
        0.34500676584339174,
        0.34531926584339173,
        0.3456317658433917,
        0.3459442658433917,
        0.3462567658433917,
        0.3465692658433917,
        0.3468817658433917,
        0.3471942658433917,
        0.3475067658433917,
        0.3478192658433917,
        0.34813176584339167,
        0.34844426584339167,
        0.34875676584339166
    ],