{
    "label": "A653",
    "frame": "P011",
    "level": 0,
    "L": 24,
    "lat_unit": 0.0992,
    "a_inv": 1.989,
    "m_B": 0.5832076420311714,
    "m_pi": 0.2131724484665661,
    "k2mpi2": -0.009976369993822867,
    "kcot_mpi": -0.2616622379415683,
    "k2mpi2s": [
        -0.05468830618877825,
        -0.05292039297980769,
        -0.051152479770837124,
        -0.049384566561866565,
        -0.047616653352896,
        -0.04584874014392544,
        -0.04408082693495488,
        -0.042312913725984315,
        -0.04054500051701375,
        -0.03877708730804319,
        -0.03700917409907263,
        -0.035241260890102065,
        -0.033473347681131506,
        -0.03170543447216094,
        -0.02993752126319038,
        -0.02816960805421982,
        -0.026401694845249256,
        -0.024633781636278693,
        -0.02286586842730813,
        -0.021097955218337572,
        -0.019330042009367006,
        -0.017562128800396447,
        -0.01579421559142588,
        -0.014026302382455322,
        -0.012258389173484763,
        -0.010490475964514197,
        -0.008722562755543638,
        -0.006954649546573072,
        -0.005186736337602513,
        -0.0034188231286319468,
        -0.0016509099196613877,
        0.00011700328930917825,
        0.0018849164982797373,
        0.0036528297072502963,
        0.005420742916220862,
        0.007188656125191421,
        0.008956569334161987,
        0.010724482543132546,
        0.012492395752103105,
        0.014260308961073678,
        0.016028222170044237,
        0.017796135379014796,
        0.019564048587985355,
        0.021331961796955914,
        0.023099875005926487,
        0.024867788214897046,
        0.026635701423867605,
        0.028403614632838164,
        0.030171527841808723,
        0.0319394410507793
    ],
    "kcot_mpis": [
        -0.31547224838957066,
        -0.3134233075376404,
        -0.3113682189380754,
        -0.30930694194177366,
        -0.3072394355186464,
        -0.3051656582515358,
        -0.3030855683339867,
        -0.300999123562638,
        -0.29890628133547115,
        -0.2968069986452606,
        -0.2947012320742732,
        -0.29258893779104084,
        -0.29047007154357984,
        -0.28834458865608553,
        -0.28621244402121854,
        -0.2840735920971473,
        -0.2819279869021037,
        -0.2797755820063944,
        -0.27761633053017365,
        -0.27545018513627634,
        -0.27327709802399774,
        -0.27109702092535976,
        -0.26890990509643736,
        -0.26671570131460803,
        -0.26451435986871885,
        -0.2623058305583423,
        -0.26009006268103824,
        -0.25786700503231313,
        -0.25563660589393405,
        -0.2533988130322701,
        -0.25115357368726476,
        -0.24890083456910647,
        -0.24664054184981207,
        -0.24437264115582719,
        -0.24209707756420867,
        -0.23981379558951468,
        -0.23752273918399336,
        -0.23522385172572496,
        -0.2329170760090388,
        -0.23060235424311185,
        -0.22827962804111224,
        -0.22594883841011693,
        -0.22360992574834998,
        -0.22126282983021167,
        -0.2189074898052039,
        -0.21654384418841854,
        -0.21417183084564148,
        -0.21179138699039976,
        -0.20940244917750914,
        -0.20700495328741803
    ],
    "k2mpi2_ref": [
        -0.8099763699938234,
        -0.7999763699938234,
        -0.7899763699938234,
        -0.7799763699938234,
        -0.7699763699938234,
        -0.7599763699938233,
        -0.7499763699938233,
        -0.7399763699938233,
        -0.7299763699938233,
        -0.7199763699938233,
        -0.7099763699938233,
        -0.6999763699938233,
        -0.6899763699938233,
        -0.6799763699938233,
        -0.6699763699938233,
        -0.6599763699938233,
        -0.6499763699938232,
        -0.6399763699938232,
        -0.6299763699938232,
        -0.6199763699938232,
        -0.6099763699938232,
        -0.5999763699938232,
        -0.5899763699938232,
        -0.5799763699938232,
        -0.5699763699938232,
        -0.5599763699938232,
        -0.5499763699938232,
        -0.5399763699938231,
        -0.5299763699938231,
        -0.5199763699938231,
        -0.5099763699938231,
        -0.49997636999382317,
        -0.48997636999382316,
        -0.47997636999382315,
        -0.46997636999382314,
        -0.45997636999382313,
        -0.4499763699938231,
        -0.4399763699938231,
        -0.4299763699938231,
        -0.4199763699938231,
        -0.4099763699938231,
        -0.3999763699938231,
        -0.38997636999382307,
        -0.37997636999382306,
        -0.36997636999382305,
        -0.35997636999382304,
        -0.34997636999382303,
        -0.339976369993823,
        -0.329976369993823,
        -0.319976369993823,
        -0.309976369993823,
        -0.299976369993823,
        -0.289976369993823,
        -0.27997636999382297,
        -0.26997636999382296,
        -0.25997636999382295,
        -0.24997636999382294,
        -0.23997636999382294,
        -0.22997636999382293,
        -0.21997636999382292,
        -0.2099763699938229,
        -0.1999763699938229,
        -0.1899763699938229,
        -0.17997636999382288,
        -0.16997636999382287,
        -0.15997636999382286,
        -0.14997636999382286,
        -0.13997636999382285,
        -0.12997636999382284,
        -0.11997636999382284,
        -0.10997636999382285,
        -0.09997636999382285,
        -0.08997636999382286,
        -0.07997636999382286,
        -0.06997636999382287,
        -0.05997636999382287,
        -0.04997636999382287,
        -0.03997636999382287,
        -0.029976369993822867,
        -0.019976369993822865,
        -0.009976369993822867,
        2.3630006177133636e-05,
        0.010023630006177134,
        0.020023630006177136,
        0.030023630006177138,
        0.04002363000617714,
        0.05002363000617714,
        0.060023630006177144,
        0.07002363000617715,
        0.08002363000617714,
        0.09002363000617714,
        0.10002363000617713,
        0.11002363000617713,
        0.12002363000617712,
        0.13002363000617712,
        0.14002363000617712,
        0.15002363000617713,
        0.16002363000617714,
        0.17002363000617715,
        0.18002363000617716,
        0.19002363000617717,
        0.20002363000617718,
        0.2100236300061772,
        0.2200236300061772,
        0.2300236300061772,
        0.2400236300061772,
        0.2500236300061772,
        0.26002363000617723,
        0.27002363000617724,
        0.28002363000617725,
        0.29002363000617726,
        0.30002363000617727,
        0.3100236300061773,
        0.3200236300061773,
        0.3300236300061773,
        0.3400236300061773,
        0.3500236300061773,
        0.3600236300061773,
        0.37002363000617733,
        0.38002363000617734,
        0.39002363000617735,
        0.40002363000617736,
        0.41002363000617736,
        0.4200236300061774,
        0.4300236300061774,
        0.4400236300061774,
        0.4500236300061774,
        0.4600236300061774,
        0.4700236300061774,
        0.4800236300061774,
        0.49002363000617744,
        0.5000236300061774,
        0.5100236300061775,
        0.5200236300061775,
        0.5300236300061775,
        0.5400236300061775,
        0.5500236300061775,
        0.5600236300061775,
        0.5700236300061775,
        0.5800236300061775,
        0.5900236300061775,
        0.6000236300061775,
        0.6050236300061775,
        0.6100236300061775,
        0.6150236300061775,
        0.6200236300061776,
        0.6250236300061776,
        0.6300236300061776,
        0.6325236300061775,
        0.6350236300061775,
        0.6375236300061774,
        0.6400236300061773,
        0.6425236300061773,
        0.6450236300061772,
        0.6475236300061772,
        0.6487736300061772,
        0.6500236300061771,
        0.6512736300061771,
        0.6525236300061771,
        0.653773630006177,
        0.655023630006177,
