{
    "label": "A653",
    "frame": "P001",
    "level": 0,
    "L": 24,
    "lat_unit": 0.0992,
    "a_inv": 1.989,
    "m_B": 0.5832076420311714,
    "m_pi": 0.2131724484665661,
    "k2mpi2": -0.24468073415660818,
    "kcot_mpi": -0.4871482569884853,
    "k2mpi2s": [
        -0.2834821211839161,
        -0.2819305671718666,
        -0.2803790131598171,
        -0.2788274591477677,
        -0.2772759051357182,
        -0.2757243511236687,
        -0.27417279711161924,
        -0.27262124309956975,
        -0.27106968908752027,
        -0.26951813507547084,
        -0.26796658106342136,
        -0.2664150270513719,
        -0.2648634730393224,
        -0.2633119190272729,
        -0.26176036501522343,
        -0.260208811003174,
        -0.2586572569911245,
        -0.25710570297907503,
        -0.25555414896702555,
        -0.25400259495497607,
        -0.2524510409429266,
        -0.25089948693087716,
        -0.24934793291882767,
        -0.2477963789067782,
        -0.2462448248947287,
        -0.24469327088267923,
        -0.24314171687062977,
        -0.2415901628585803,
        -0.24003860884653083,
        -0.23848705483448135,
        -0.23693550082243187,
        -0.2353839468103824,
        -0.23383239279833293,
        -0.23228083878628344,
        -0.230729284774234,
        -0.2291777307621845,
        -0.22762617675013502,
        -0.22607462273808557,
        -0.22452306872603608,
        -0.22297151471398663,
        -0.22141996070193715,
        -0.21986840668988766,
        -0.21831685267783818,
        -0.21676529866578872,
        -0.21521374465373924,
        -0.2136621906416898,
        -0.2121106366296403,
        -0.21055908261759082,
        -0.20900752860554134,
        -0.20745597459349188
    ],
    "kcot_mpis": [
        -0.5250179392846938,
        -0.5235495747708218,
        -0.5220775684310023,
        -0.5206018974035044,
        -0.5191225386163629,
        -0.5176394687846874,
        -0.5161526644088805,
        -0.5146621017713349,
        -0.5131677569345828,
        -0.5116696057377513,
        -0.5101676237946098,
        -0.5086617864905302,
        -0.5071520689804535,
        -0.5056384461836656,
        -0.5041208927855878,
        -0.5025993832306315,
        -0.5010738917204717,
        -0.49954439221246866,
        -0.4980108584153057,
        -0.4964732637860417,
        -0.4949315815266716,
        -0.493385784585783,
        -0.4918358456451906,
        -0.4902817371265331,
        -0.48872343118393774,
        -0.4871608997000394,
        -0.48559411428511307,
        -0.4840230462711387,
        -0.48244766670914563,
        -0.4808679463680289,
        -0.4792838557249233,
        -0.47769536497093446,
        -0.476102443997616,
        -0.47450506239917506,
        -0.47290318946908333,
        -0.47129679419189635,
        -0.46968584524213924,
        -0.46807031098191904,
        -0.46645015945308343,
        -0.4648253583757372,
        -0.46319587514373706,
        -0.4615616768199911,
        -0.45992273013236007,
        -0.45827900146920914,
        -0.4566304568753933,
        -0.4549770620467972,
        -0.453318782327315,
        -0.451655582702996,
        -0.4499874277973145,
        -0.44831428186725253
    ],
    "k2mpi2_ref": [
        -0.8046807341566087,
        -0.7946807341566087,
        -0.7846807341566087,
        -0.7746807341566087,
        -0.7646807341566086,
        -0.7546807341566086,
        -0.7446807341566086,
        -0.7346807341566086,
        -0.7246807341566086,
        -0.7146807341566086,
        -0.7046807341566086,
        -0.6946807341566086,
        -0.6846807341566086,
        -0.6746807341566086,
        -0.6646807341566086,
        -0.6546807341566085,
        -0.6446807341566085,
        -0.6346807341566085,
        -0.6246807341566085,
        -0.6146807341566085,
        -0.6046807341566085,
        -0.5946807341566085,
        -0.5846807341566085,
        -0.5746807341566085,
        -0.5646807341566085,
        -0.5546807341566085,
        -0.5446807341566084,
        -0.5346807341566084,
        -0.5246807341566084,
        -0.5146807341566084,
        -0.5046807341566084,
        -0.4946807341566084,
        -0.4846807341566084,
        -0.4746807341566084,
        -0.4646807341566084,
        -0.45468073415660837,
        -0.44468073415660836,
        -0.43468073415660835,
        -0.42468073415660834,
        -0.41468073415660833,
        -0.4046807341566083,
        -0.3946807341566083,
        -0.3846807341566083,
        -0.3746807341566083,
        -0.3646807341566083,
        -0.3546807341566083,
        -0.34468073415660827,
        -0.33468073415660826,
        -0.32468073415660825,
        -0.31468073415660824,
        -0.30468073415660823,
        -0.2946807341566082,
        -0.2846807341566082,
        -0.2746807341566082,
        -0.2646807341566082,
        -0.2546807341566082,
        -0.24468073415660818,
        -0.23468073415660817,
        -0.22468073415660816,
        -0.21468073415660816,
        -0.20468073415660815,
        -0.19468073415660814,
        -0.18468073415660813,
        -0.17468073415660812,
        -0.1646807341566081,
        -0.1546807341566081,
        -0.1446807341566081,
        -0.13468073415660808,
        -0.12468073415660809,
        -0.1146807341566081,
        -0.1046807341566081,
        -0.0946807341566081,
        -0.08468073415660811,
        -0.07468073415660811,
        -0.06468073415660812,
        -0.05468073415660812,
        -0.044680734156608115,
        -0.03468073415660811,
        -0.02468073415660811,
        -0.014680734156608111,
        -0.004680734156608111,
        0.005319265843391889,
        0.01531926584339189,
        0.02531926584339189,
        0.035319265843391894,
        0.045319265843391895,
        0.0553192658433919,
        0.0653192658433919,
        0.0753192658433919,
        0.08531926584339189,
        0.09531926584339188,
        0.10531926584339188,
        0.11531926584339187,
        0.12531926584339187,
        0.13531926584339188,
        0.1453192658433919,
        0.1553192658433919,
        0.1653192658433919,
        0.1753192658433919,
        0.18531926584339192,
        0.19531926584339193,
        0.20531926584339194,
        0.21531926584339195,
        0.22531926584339196,
        0.23531926584339197,
        0.24531926584339198,
        0.255319265843392,
        0.265319265843392,
        0.275319265843392,
        0.285319265843392,
        0.295319265843392,
        0.30531926584339203,
        0.31531926584339204,
        0.32031926584339204,
        0.32531926584339205,
        0.33031926584339205,
        0.33531926584339206,
        0.33781926584339206,
        0.34031926584339206,
        0.34281926584339206
    ],