{
    "label": "A653",
    "frame": "P002",
    "level": 0,
    "L": 24,
    "lat_unit": 0.0992,
    "a_inv": 1.989,
    "m_B": 0.5832076420311714,
    "m_pi": 0.2131724484665661,
    "k2mpi2": -0.44346695459007035,
    "kcot_mpi": -0.6169014172970343,
    "k2mpi2s": [
        -0.476188188944675,
        -0.47484244407930815,
        -0.4734966992139412,
        -0.47215095434857435,
        -0.4708052094832075,
        -0.46945946461784055,
        -0.4681137197524737,
        -0.4667679748871068,
        -0.4654222300217399,
        -0.464076485156373,
        -0.46273074029100614,
        -0.4613849954256392,
        -0.46003925056027234,
        -0.45869350569490547,
        -0.45734776082953854,
        -0.45600201596417167,
        -0.4546562710988048,
        -0.45331052623343787,
        -0.451964781368071,
        -0.45061903650270413,
        -0.4492732916373372,
        -0.44792754677197033,
        -0.44658180190660346,
        -0.44523605704123653,
        -0.44389031217586966,
        -0.4425445673105028,
        -0.44119882244513586,
        -0.439853077579769,
        -0.4385073327144021,
        -0.43716158784903525,
        -0.4358158429836683,
        -0.43447009811830145,
        -0.4331243532529345,
        -0.43177860838756765,
        -0.4304328635222008,
        -0.4290871186568339,
        -0.427741373791467,
        -0.4263956289261001,
        -0.4250498840607332,
        -0.4237041391953663,
        -0.42235839432999944,
        -0.42101264946463257,
        -0.41966690459926564,
        -0.4183211597338988,
        -0.41697541486853185,
        -0.415629670003165,
        -0.4142839251377981,
        -0.41293818027243123,
        -0.4115924354070643,
        -0.41024669054169743
    ],
    "kcot_mpis": [
        -0.6477816856860162,
        -0.6465531133159176,
        -0.6453211864136773,
        -0.644085879451628,
        -0.6428471666176693,
        -0.6416050218100846,
        -0.6403594186332839,
        -0.6391103303955864,
        -0.6378577301023902,
        -0.6366015904534472,
        -0.6353418838393571,
        -0.6340785823293261,
        -0.6328116576825593,
        -0.6315410813273014,
        -0.6302668243641419,
        -0.6289888575608229,
        -0.6277071513449706,
        -0.6264216758008918,
        -0.6251324006642528,
        -0.6238392953145706,
        -0.6225423287785744,
        -0.6212414697085009,
        -0.619936686392503,
        -0.6186279467423278,
        -0.6173152182869803,
        -0.6159984681689032,
        -0.6146776631370907,
        -0.6133527695418899,
        -0.6120237533249294,
        -0.6106905800272256,
        -0.6093532147574992,
        -0.6080116222089128,
        -0.6066657666419546,
        -0.6053156118798747,
        -0.6039611213012415,
        -0.602602257834181,
        -0.6012389839472417,
        -0.5998712616454496,
        -0.5984990524562418,
        -0.5971223174343707,
        -0.5957410171405801,
        -0.5943551116417948,
        -0.5929645605017748,
        -0.5915693227710583,
        -0.5901693569823104,
        -0.5887646211385135,
        -0.5873550727057372,
        -0.5859406686049415,
        -0.5845213652025205,
        -0.5830971183014941
    ],
    "k2mpi2_ref": [
        -0.8034669545900707,
        -0.7934669545900707,
        -0.7834669545900707,
        -0.7734669545900706,
        -0.7634669545900706,
        -0.7534669545900706,
        -0.7434669545900706,
        -0.7334669545900706,
        -0.7234669545900706,
        -0.7134669545900706,
        -0.7034669545900706,
        -0.6934669545900706,
        -0.6834669545900706,
        -0.6734669545900706,
        -0.6634669545900705,
        -0.6534669545900705,
        -0.6434669545900705,
        -0.6334669545900705,
        -0.6234669545900705,
        -0.6134669545900705,
        -0.6034669545900705,
        -0.5934669545900705,
        -0.5834669545900705,
        -0.5734669545900705,
        -0.5634669545900705,
        -0.5534669545900704,
        -0.5434669545900704,
        -0.5334669545900704,
        -0.5234669545900704,
        -0.5134669545900704,
        -0.5034669545900704,
        -0.4934669545900704,
        -0.4834669545900704,
        -0.4734669545900704,
        -0.46346695459007037,
        -0.45346695459007036,
        -0.44346695459007035,
        -0.43346695459007034,
        -0.42346695459007033,
        -0.4134669545900703,
        -0.4034669545900703,
        -0.3934669545900703,
        -0.3834669545900703,
        -0.3734669545900703,
        -0.3634669545900703,
        -0.35346695459007027,
        -0.34346695459007026,
        -0.33346695459007025,
        -0.32346695459007024,
        -0.31346695459007023,
        -0.3034669545900702,
        -0.2934669545900702,
        -0.2834669545900702,
        -0.2734669545900702,
        -0.2634669545900702,
        -0.2534669545900702,
        -0.24346695459007017,
        -0.23346695459007016,
        -0.22346695459007015,
        -0.21346695459007015,
        -0.20346695459007014,
        -0.19346695459007013,
        -0.18346695459007012,
        -0.1734669545900701,
        -0.1634669545900701,
        -0.1534669545900701,
        -0.14346695459007008,
        -0.13346695459007007,
        -0.12346695459007008,
        -0.11346695459007008,
        -0.10346695459007009,
        -0.0934669545900701,
        -0.0834669545900701,
        -0.0734669545900701,
        -0.06346695459007011,
        -0.05346695459007011,
        -0.043466954590070106,
        -0.03846695459007011,
        -0.03346695459007011,
        -0.02846695459007011,
        -0.02596695459007011,
        -0.023466954590070113,
        -0.020966954590070114,
        -0.019716954590070113,
        -0.01846695459007011,
        -0.01721695459007011,
        -0.01596695459007011,
        -0.01471695459007011
    ],