{
    "label": "A653",
    "frame": "P011",
    "level": 0,
    "L": 24,
    "lat_unit": 0.0992,
    "a_inv": 1.989,
    "m_B": 0.5832076420311714,
    "m_pi": 0.2131724484665661,
    "k2mpi2": -0.009976369993822867,
    "kcot_mpi": -0.3059905590736539,
    "k2mpi2s": [
        -0.05468830618877825,
        -0.05292039297980769,
        -0.051152479770837124,
        -0.049384566561866565,
        -0.047616653352896,
        -0.04584874014392544,
        -0.04408082693495488,
        -0.042312913725984315,
        -0.04054500051701375,
        -0.03877708730804319,
        -0.03700917409907263,
        -0.035241260890102065,
        -0.033473347681131506,
        -0.03170543447216094,
        -0.02993752126319038,
        -0.02816960805421982,
        -0.026401694845249256,
        -0.024633781636278693,
        -0.02286586842730813,
        -0.021097955218337572,
        -0.019330042009367006,
        -0.017562128800396447,
        -0.01579421559142588,
        -0.014026302382455322,
        -0.012258389173484763,
        -0.010490475964514197,
        -0.008722562755543638,
        -0.006954649546573072,
        -0.005186736337602513,
        -0.0034188231286319468,
        -0.0016509099196613877,
        0.00011700328930917825,
        0.0018849164982797373,
        0.0036528297072502963,
        0.005420742916220862,
        0.007188656125191421,
        0.008956569334161987,
        0.010724482543132546,
        0.012492395752103105,
        0.014260308961073678,
        0.016028222170044237,
        0.017796135379014796,
        0.019564048587985355,
        0.021331961796955914,
        0.023099875005926487,
        0.024867788214897046,
        0.026635701423867605,
        0.028403614632838164,
        0.030171527841808723,
        0.0319394410507793
    ],
    "kcot_mpis": [
        -0.35487726480748605,
        -0.3530070505569741,
        -0.3511319081912152,
        -0.34925180826282626,
        -0.3473667210727084,
        -0.3454766166654262,
        -0.34358146482900404,
        -0.34168123508903275,
        -0.3397758967089415,
        -0.3378654186852076,
        -0.3359497697440687,
        -0.33402891834032755,
        -0.33210283265237756,
        -0.33017148058122164,
        -0.3282348297445857,
        -0.3262928474761352,
        -0.3243455008222878,
        -0.3223927565361566,
        -0.32043458107786577,
        -0.31847094060926917,
        -0.3165018009903519,
        -0.3145271277776037,
        -0.31254688621766014,
        -0.3105610412472907,
        -0.30856955748564446,
        -0.306572399236166,
        -0.30456953047636787,
        -0.30256091486037623,
        -0.300546515709792,
        -0.29852629601474323,
        -0.2965002184256209,
        -0.29446824525237986,
        -0.2924303384590112,
        -0.2903864596589815,
        -0.2883365701142381,
        -0.2862806307251691,
        -0.2842186020337053,
        -0.2821504442145703,
        -0.2800761170687461,
        -0.27799558002529834,
        -0.2759087921335955,
        -0.27381571205678307,
        -0.27171629807203324,
        -0.2696105080591443,
        -0.267498299502917,
        -0.2653796294870645,
        -0.2632544546830051,
        -0.26112273135045605,
        -0.25898441533471295,
        -0.2568394620547688
    ],
    "k2mpi2_ref": [
        -0.8099763699938234,
        -0.7999763699938234,
        -0.7899763699938234,
        -0.7799763699938234,
        -0.7699763699938234,
        -0.7599763699938233,
        -0.7499763699938233,
        -0.7399763699938233,
        -0.7299763699938233,
        -0.7199763699938233,
        -0.7099763699938233,
        -0.6999763699938233,
        -0.6899763699938233,
        -0.6799763699938233,
        -0.6699763699938233,
        -0.6599763699938233,
        -0.6499763699938232,
        -0.6399763699938232,
        -0.6299763699938232,
        -0.6199763699938232,
        -0.6099763699938232,
        -0.5999763699938232,
        -0.5899763699938232,
        -0.5799763699938232,
        -0.5699763699938232,
        -0.5599763699938232,
        -0.5499763699938232,
        -0.5399763699938231,
        -0.5299763699938231,
        -0.5199763699938231,
        -0.5099763699938231,
        -0.49997636999382317,
        -0.48997636999382316,
        -0.47997636999382315,
        -0.46997636999382314,
        -0.45997636999382313,
        -0.4499763699938231,
        -0.4399763699938231,
        -0.4299763699938231,
        -0.4199763699938231,
        -0.4099763699938231,
        -0.3999763699938231,
        -0.38997636999382307,
        -0.37997636999382306,
        -0.36997636999382305,
        -0.35997636999382304,
        -0.34997636999382303,
        -0.339976369993823,
        -0.329976369993823,
        -0.319976369993823,
        -0.309976369993823,
        -0.299976369993823,
        -0.289976369993823,
        -0.27997636999382297,
        -0.26997636999382296,
        -0.25997636999382295,
        -0.24997636999382294,
        -0.23997636999382294,
        -0.22997636999382293,
        -0.21997636999382292,
        -0.2099763699938229,
        -0.1999763699938229,
        -0.1899763699938229,
        -0.17997636999382288,
        -0.16997636999382287,
        -0.15997636999382286,
        -0.14997636999382286,
        -0.13997636999382285,
        -0.12997636999382284,
        -0.11997636999382284,
        -0.10997636999382285,
        -0.09997636999382285,
        -0.08997636999382286,
        -0.07997636999382286,
        -0.06997636999382287,
        -0.05997636999382287,
        -0.04997636999382287,
        -0.03997636999382287,
        -0.029976369993822867,
        -0.019976369993822865,
        -0.009976369993822867,
        2.3630006177133636e-05,
        0.010023630006177134,
        0.020023630006177136,
        0.030023630006177138,
        0.04002363000617714,
        0.05002363000617714,
        0.060023630006177144,
        0.07002363000617715,
        0.08002363000617714,
        0.09002363000617714,
        0.10002363000617713,
        0.11002363000617713,
        0.12002363000617712,
        0.13002363000617712,
        0.14002363000617712,
        0.15002363000617713,
        0.16002363000617714,
        0.17002363000617715,
        0.18002363000617716,
        0.19002363000617717,
        0.20002363000617718,
        0.2100236300061772,
        0.2200236300061772,
        0.2300236300061772,
        0.2400236300061772,
        0.2500236300061772,
        0.26002363000617723,
        0.27002363000617724,
        0.28002363000617725,
        0.29002363000617726,
        0.30002363000617727,
        0.3100236300061773,
        0.3200236300061773,
        0.3300236300061773,
        0.3400236300061773,
        0.3500236300061773,
        0.3600236300061773,
        0.37002363000617733,
        0.38002363000617734,
        0.39002363000617735,
        0.40002363000617736,
        0.41002363000617736,
        0.4200236300061774,
        0.4300236300061774,
        0.4400236300061774,
        0.4500236300061774,
        0.4600236300061774,
        0.4700236300061774,
        0.4800236300061774,
        0.49002363000617744,
        0.5000236300061774,
        0.5100236300061775,
        0.5200236300061775,
        0.5300236300061775,
        0.5400236300061775,
        0.5500236300061775,
        0.5600236300061775,
        0.5700236300061775,
        0.5800236300061775,
        0.5900236300061775,
        0.6000236300061775,
        0.6100236300061775,
        0.6200236300061776,
        0.6300236300061776,
        0.6400236300061776,
        0.6500236300061776,
        0.6600236300061776,
        0.6700236300061776,
        0.6750236300061776,
        0.6800236300061776,
        0.6850236300061776,
        0.6900236300061776
    ],