{
    "label": "B450",
    "frame": "P000",
    "level": 0,
    "L": 32,
    "lat_unit": 0.0762,
    "a_inv": 2.59,
    "m_B": 0.4555984555984556,
    "m_pi": 0.16100386100386102,
    "k2mpi2": -0.35899371376838723,
    "kcot_mpi": -0.5159917102234225,
    "k2mpi2s": [
        -0.37164168781314866,
        -0.37109439191599086,
        -0.3705470960188331,
        -0.3699998001216753,
        -0.3694525042245176,
        -0.3689052083273598,
        -0.36835791243020205,
        -0.36781061653304425,
        -0.3672633206358865,
        -0.3667160247387287,
        -0.3661687288415709,
        -0.3656214329444132,
        -0.3650741370472554,
        -0.36452684115009765,
        -0.36397954525293985,
        -0.3634322493557821,
        -0.3628849534586243,
        -0.3623376575614666,
        -0.3617903616643088,
        -0.36124306576715104,
        -0.36069576986999324,
        -0.36014847397283545,
        -0.3596011780756777,
        -0.3590538821785199,
        -0.35850658628136217,
        -0.3579592903842044,
        -0.35741199448704664,
        -0.35686469858988884,
        -0.3563174026927311,
        -0.3557701067955733,
        -0.35522281089841556,
        -0.35467551500125777,
        -0.3541282191041,
        -0.35358092320694223,
        -0.35303362730978444,
        -0.3524863314126267,
        -0.3519390355154689,
        -0.35139173961831116,
        -0.35084444372115337,
        -0.35029714782399557,
        -0.34974985192683783,
        -0.34920255602968003,
        -0.3486552601325223,
        -0.3481079642353645,
        -0.34756066833820676,
        -0.34701337244104896,
        -0.3464660765438912,
        -0.3459187806467334,
        -0.3453714847495757,
        -0.3448241888524179
    ],
    "kcot_mpis": [
        -0.5317265141374222,
        -0.5310588489567868,
        -0.5303900246074585,
        -0.5297200362527116,
        -0.5290488790267718,
        -0.5283765480373763,
        -0.5277030383606147,
        -0.5270283450450232,
        -0.5263524631098356,
        -0.5256753875449808,
        -0.5249971133105337,
        -0.5243176353351958,
        -0.5236369485206087,
        -0.5229550477357954,
        -0.5222719278200508,
        -0.5215875835816083,
        -0.5209020098312561,
        -0.5202152012137328,
        -0.5195271525447532,
        -0.5188378584735477,
        -0.5181473136505886,
        -0.517455512694324,
        -0.5167624501910286,
        -0.5160681206941818,
        -0.5153725187237523,
        -0.5146756387672083,
        -0.513977475277847,
        -0.5132780226759696,
        -0.5125772753475415,
        -0.5118752276441739,
        -0.5111718738826229,
        -0.5104672083437651,
        -0.5097612252818756,
        -0.5090539189012399,
        -0.5083452833815948,
        -0.5076353128631518,
        -0.5069240014502848,
        -0.5062113432111092,
        -0.5054973321760465,
        -0.5047819623421466,
        -0.5040652276641475,
        -0.5033471220614822,
        -0.5026276394165634,
        -0.5019067735727635,
        -0.5011845183339851,
        -0.5004608674689456,
        -0.49973581470219786,
        -0.49900935372224503,
        -0.4982814781778956,
        -0.49755218167632503
    ],
    "k2mpi2_ref": [
        -0.8089937137683876,
        -0.7989937137683876,
        -0.7889937137683876,
        -0.7789937137683876,
        -0.7689937137683875,
        -0.7589937137683875,
        -0.7489937137683875,
        -0.7389937137683875,
        -0.7289937137683875,
        -0.7189937137683875,
        -0.7089937137683875,
        -0.6989937137683875,
        -0.6889937137683875,
        -0.6789937137683875,
        -0.6689937137683875,
        -0.6589937137683874,
        -0.6489937137683874,
        -0.6389937137683874,
        -0.6289937137683874,
        -0.6189937137683874,
        -0.6089937137683874,
        -0.5989937137683874,
        -0.5889937137683874,
        -0.5789937137683874,
        -0.5689937137683874,
        -0.5589937137683874,
        -0.5489937137683873,
        -0.5389937137683873,
        -0.5289937137683873,
        -0.5189937137683873,
        -0.5089937137683873,
        -0.49899371376838736,
        -0.48899371376838735,
        -0.47899371376838734,
        -0.46899371376838733,
        -0.4589937137683873,
        -0.4489937137683873,
        -0.4389937137683873,
        -0.4289937137683873,
        -0.4189937137683873,
        -0.4089937137683873,
        -0.39899371376838727,
        -0.38899371376838726,
        -0.37899371376838725,
        -0.36899371376838724,
        -0.35899371376838723,
        -0.3489937137683872,
        -0.3389937137683872,
        -0.3289937137683872,
        -0.3189937137683872,
        -0.3089937137683872,
        -0.2989937137683872,
        -0.2889937137683872,
        -0.27899371376838716,
        -0.26899371376838715,
        -0.25899371376838715,
        -0.24899371376838714,
        -0.23899371376838713,
        -0.22899371376838712,
        -0.2189937137683871,
        -0.2089937137683871,
        -0.1989937137683871,
        -0.18899371376838708,
        -0.17899371376838707,
        -0.16899371376838707,
        -0.15899371376838706,
        -0.14899371376838705,
        -0.13899371376838704,
        -0.12899371376838703,
        -0.11899371376838704,
        -0.10899371376838704,
        -0.09899371376838705,
        -0.08899371376838705,
        -0.07899371376838706,
        -0.06899371376838706,
        -0.05899371376838706,
        -0.04899371376838706,
        -0.038993713768387055,
        -0.03399371376838706,
        -0.028993713768387056,
        -0.026493713768387057,
        -0.02399371376838706,
        -0.02149371376838706,
        -0.02024371376838706,
        -0.018993713768387058,
        -0.017743713768387057,
        -0.016493713768387055,
        -0.015243713768387056,
        -0.014618713768387056,
        -0.013993713768387055,
        -0.013368713768387054,
        -0.012743713768387054,
        -0.012118713768387053,
        -0.011493713768387053,
        -0.010868713768387052,
        -0.010556213768387052,
        -0.010243713768387052,
        -0.009931213768387051,
        -0.009618713768387051,
        -0.00930621376838705,
        -0.00899371376838705,
        -0.00868121376838705,
        -0.00836871376838705,
        -0.00805621376838705,
        -0.0077437137683870495,
        -0.007431213768387049,
        -0.007274963768387049,
        -0.007118713768387049,
        -0.006962463768387049,
        -0.006806213768387049,
        -0.0066499637683870485,
        -0.006493713768387048,
        -0.006337463768387048,
        -0.006181213768387048,
        -0.006024963768387048,
        -0.005868713768387048,
        -0.005712463768387048,
        -0.0055562137683870475
    ],