{
    "label": "B450",
    "frame": "P111",
    "level": 0,
    "L": 32,
    "lat_unit": 0.0762,
    "a_inv": 2.59,
    "m_B": 0.4555984555984556,
    "m_pi": 0.16100386100386102,
    "k2mpi2": 0.3647078596088539,
    "kcot_mpi": 0.3028851140004998,
    "k2mpi2s": [
        0.33973876171618334,
        0.34088582251493715,
        0.34203288331369097,
        0.3431799441124448,
        0.3443270049111986,
        0.3454740657099525,
        0.3466211265087063,
        0.3477681873074601,
        0.34891524810621394,
        0.35006230890496776,
        0.3512093697037216,
        0.3523564305024754,
        0.3535034913012292,
        0.3546505520999831,
        0.3557976128987369,
        0.3569446736974907,
        0.35809173449624454,
        0.35923879529499836,
        0.3603858560937522,
        0.361532916892506,
        0.3626799776912598,
        0.3638270384900137,
        0.3649740992887675,
        0.3661211600875213,
        0.36726822088627514,
        0.36841528168502896,
        0.3695623424837828,
        0.3707094032825366,
        0.3718564640812904,
        0.3730035248800443,
        0.3741505856787981,
        0.3752976464775519,
        0.37644470727630575,
        0.37759176807505956,
        0.3787388288738134,
        0.3798858896725672,
        0.381032950471321,
        0.38218001127007484,
        0.3833270720688287,
        0.38447413286758253,
        0.38562119366633635,
        0.38676825446509017,
        0.387915315263844,
        0.3890623760625978,
        0.3902094368613516,
        0.3913564976601055,
        0.3925035584588593,
        0.39365061925761313,
        0.39479768005636695,
        0.39594474085512077
    ],
    "kcot_mpis": [
        0.24872467767671375,
        0.2511389742526548,
        0.25356013483049084,
        0.25598819496921477,
        0.258423190473631,
        0.26086515740484906,
        0.2633141320784886,
        0.2657701510680397,
        0.268233251206629,
        0.2707034695882537,
        0.27318084357268846,
        0.2756654107862411,
        0.27815720912535624,
        0.2806562767557931,
        0.2831626521207336,
        0.2856763739350112,
        0.2881974811991041,
        0.2907260131886302,
        0.29326200946795733,
        0.2958055098742197,
        0.29835655457830074,
        0.3009151839806861,
        0.30348143881449463,
        0.3060553601049204,
        0.30863698917265686,
        0.31122636764492956,
        0.31382353745025854,
        0.31642854083110045,
        0.3190414203373753,
        0.321662218831313,
        0.3242909794978609,
        0.32692774583797196,
        0.32957256167706894,
        0.33222547116522727,
        0.33488651878282966,
        0.33755574934212373,
        0.34023320798967405,
        0.3429189402122412,
        0.34561299183666766,
        0.3483154090347606,
        0.35102623832621443,
        0.35374552658328773,
        0.3564733210314674,
        0.3592096692559598,
        0.3619546192002207,
        0.364708219176566,
        0.3674705178634047,
        0.37024156431082433,
        0.3730214079452874,
        0.37581009857245756
    ],
    "k2mpi2_ref": [
        -0.8052921403911468,
        -0.7952921403911468,
        -0.7852921403911468,
        -0.7752921403911468,
        -0.7652921403911468,
        -0.7552921403911468,
        -0.7452921403911468,
        -0.7352921403911468,
        -0.7252921403911468,
        -0.7152921403911467,
        -0.7052921403911467,
        -0.6952921403911467,
        -0.6852921403911467,
        -0.6752921403911467,
        -0.6652921403911467,
        -0.6552921403911467,
        -0.6452921403911467,
        -0.6352921403911467,
        -0.6252921403911467,
        -0.6152921403911467,
        -0.6052921403911466,
        -0.5952921403911466,
        -0.5852921403911466,
        -0.5752921403911466,
        -0.5652921403911466,
        -0.5552921403911466,
        -0.5452921403911466,
        -0.5352921403911466,
        -0.5252921403911466,
        -0.5152921403911466,
        -0.5052921403911466,
        -0.4952921403911466,
        -0.4852921403911466,
        -0.4752921403911466,
        -0.4652921403911466,
        -0.45529214039114657,
        -0.44529214039114656,
        -0.43529214039114655,
        -0.42529214039114654,
        -0.41529214039114654,
        -0.4052921403911465,
        -0.3952921403911465,
        -0.3852921403911465,
        -0.3752921403911465,
        -0.3652921403911465,
        -0.3552921403911465,
        -0.3452921403911465,
        -0.33529214039114646,
        -0.32529214039114646,
        -0.31529214039114645,
        -0.30529214039114644,
        -0.29529214039114643,
        -0.2852921403911464,
        -0.2752921403911464,
        -0.2652921403911464,
        -0.2552921403911464,
        -0.24529214039114638,
        -0.23529214039114638,
        -0.22529214039114637,
        -0.21529214039114636,
        -0.20529214039114635,
        -0.19529214039114634,
        -0.18529214039114633,
        -0.17529214039114632,
        -0.1652921403911463,
        -0.1552921403911463,
        -0.1452921403911463,
        -0.1352921403911463,
        -0.12529214039114628,
        -0.11529214039114628,
        -0.10529214039114629,
        -0.0952921403911463,
        -0.0852921403911463,
        -0.0752921403911463,
        -0.06529214039114631,
        -0.055292140391146306,
        -0.045292140391146304,
        -0.0352921403911463,
        -0.0252921403911463,
        -0.015292140391146299,
        -0.005292140391146298,
        0.004707859608853702,
        0.014707859608853702,
        0.024707859608853702,
        0.034707859608853704,
        0.044707859608853706,
        0.05470785960885371,
        0.06470785960885371,
        0.0747078596088537,
        0.0847078596088537,
        0.0947078596088537,
        0.10470785960885369,
        0.11470785960885369,
        0.12470785960885368,
        0.13470785960885368,
        0.14470785960885368,
        0.1547078596088537,
        0.1647078596088537,
        0.1747078596088537,
        0.18470785960885372,
        0.19470785960885373,
        0.20470785960885374,
        0.21470785960885375,
        0.22470785960885375,
        0.23470785960885376,
        0.24470785960885377,
        0.2547078596088538,
        0.2647078596088538,
        0.2747078596088538,
        0.2847078596088538,
        0.2947078596088538,
        0.3047078596088538,
        0.31470785960885383,
        0.32470785960885384,
        0.33470785960885385,
        0.34470785960885386,
        0.35470785960885387,
        0.3647078596088539,
        0.3747078596088539,
        0.3847078596088539,
        0.3947078596088539,
        0.4047078596088539,
        0.4147078596088539,
        0.42470785960885393,
        0.43470785960885394,
        0.44470785960885395,
        0.45470785960885396,
        0.46470785960885397,
        0.474707859608854,
        0.484707859608854,
        0.494707859608854,
        0.504707859608854,
        0.514707859608854,
        0.524707859608854,
        0.534707859608854,
        0.544707859608854,
        0.554707859608854,
        0.5647078596088541,
        0.5747078596088541,
        0.5847078596088541,
        0.5947078596088541,
        0.6047078596088541,
        0.6147078596088541,
        0.6247078596088541,
        0.6347078596088541,
        0.6447078596088541,
        0.6547078596088541,
        0.6647078596088541,
        0.6747078596088542,
        0.6847078596088542,
        0.6947078596088542,
        0.7047078596088542,
        0.7147078596088542,
        0.7247078596088542,
        0.7347078596088542,
        0.7447078596088542,
        0.7547078596088542,
        0.7647078596088542,
        0.7747078596088542,
        0.7847078596088543,
        0.7947078596088543,
        0.8047078596088543,
        0.8147078596088543,
        0.8247078596088543,
        0.8347078596088543,
        0.8447078596088543,
        0.8547078596088543,
        0.8647078596088543,
