{
    "label": "B450",
    "frame": "P011",
    "level": 1,
    "L": 32,
    "lat_unit": 0.0762,
    "a_inv": 2.59,
    "m_B": 0.4555984555984556,
    "m_pi": 0.16100386100386102,
    "k2mpi2": 0.6021039823042434,
    "kcot_mpi": 3.877100822126649,
    "k2mpi2s": [
        0.585447286595029,
        0.5861337922142793,
        0.5868202978335296,
        0.5875068034527798,
        0.5881933090720302,
        0.5888798146912805,
        0.5895663203105308,
        0.590252825929781,
        0.5909393315490313,
        0.5916258371682817,
        0.592312342787532,
        0.5929988484067822,
        0.5936853540260325,
        0.5943718596452828,
        0.5950583652645332,
        0.5957448708837834,
        0.5964313765030337,
        0.597117882122284,
        0.5978043877415343,
        0.5984908933607845,
        0.5991773989800349,
        0.5998639045992852,
        0.6005504102185355,
        0.6012369158377857,
        0.601923421457036,
        0.6026099270762864,
        0.6032964326955367,
        0.6039829383147869,
        0.6046694439340372,
        0.6053559495532875,
        0.6060424551725379,
        0.6067289607917881,
        0.6074154664110384,
        0.6081019720302887,
        0.608788477649539,
        0.6094749832687892,
        0.6101614888880396,
        0.6108479945072899,
        0.6115345001265402,
        0.6122210057457904,
        0.6129075113650407,
        0.6135940169842911,
        0.6142805226035414,
        0.6149670282227916,
        0.6156535338420419,
        0.6163400394612922,
        0.6170265450805426,
        0.6177130506997928,
        0.6183995563190431,
        0.6190860619382934
    ],
    "kcot_mpis": [
        3.1491696958643125,
        3.174402966929844,
        3.199982426890075,
        3.2259153823679876,
        3.2522093471793374,
        3.2788720497351216,
        3.305911440753725,
        3.3333357013124076,
        3.36115325125448,
        3.389372757963454,
        3.4180031455282993,
        3.447053604300775,
        3.476533600941428,
        3.5064528888408826,
        3.536821519076592,
        3.567649851865133,
        3.5989485685189204,
        3.6307286840031767,
        3.663001560058426,
        3.6957789189521155,
        3.7290728579025734,
        3.7628958641832804,
        3.797260830974849,
        3.832181073993036,
        3.8676703489476236,
        3.903742869852258,
        3.940413328287979,
        3.9776969136187224,
        4.0156093342672525,
        4.054166840061096,
        4.0933862457742665,
        4.13328495589038,
        4.17388099068266,
        4.215193013689368,
        4.257240360684243,
        4.300043070206724,
        4.343621915791176,
        4.387998439975644,
        4.4331949902165535,
        4.47923475684639,
        4.526141813162254,
        4.573941157905119,
        4.622658760113702,
        4.67232160668034,
        4.722957752721714,
        4.774596374951502,
        4.8272678282951045,
        4.881003705979142,
        4.935836903317823,
        4.9918016854968394
    ],
    "k2mpi2_ref": [
        -0.8078960176957575,
        -0.7978960176957575,
        -0.7878960176957575,
        -0.7778960176957574,
        -0.7678960176957574,
        -0.7578960176957574,
        -0.7478960176957574,
        -0.7378960176957574,
        -0.7278960176957574,
        -0.7178960176957574,
        -0.7078960176957574,
        -0.6978960176957574,
        -0.6878960176957574,
        -0.6778960176957574,
        -0.6678960176957573,
        -0.6578960176957573,
        -0.6478960176957573,
        -0.6378960176957573,
        -0.6278960176957573,
        -0.6178960176957573,
        -0.6078960176957573,
        -0.5978960176957573,
        -0.5878960176957573,
        -0.5778960176957573,
        -0.5678960176957573,
        -0.5578960176957573,
        -0.5478960176957572,
        -0.5378960176957572,
        -0.5278960176957572,
        -0.5178960176957572,
        -0.5078960176957572,
        -0.49789601769575725,
        -0.48789601769575724,
        -0.47789601769575724,
        -0.4678960176957572,
        -0.4578960176957572,
        -0.4478960176957572,
        -0.4378960176957572,
        -0.4278960176957572,
        -0.4178960176957572,
        -0.4078960176957572,
        -0.39789601769575716,
        -0.38789601769575716,
        -0.37789601769575715,
        -0.36789601769575714,
        -0.35789601769575713,
        -0.3478960176957571,
        -0.3378960176957571,
        -0.3278960176957571,
        -0.3178960176957571,
        -0.3078960176957571,
        -0.2978960176957571,
        -0.28789601769575707,
        -0.27789601769575706,
        -0.26789601769575705,
        -0.25789601769575704,
        -0.24789601769575703,
        -0.23789601769575702,
        -0.227896017695757,
        -0.217896017695757,
        -0.207896017695757,
        -0.197896017695757,
        -0.18789601769575698,
        -0.17789601769575697,
        -0.16789601769575696,
        -0.15789601769575695,
        -0.14789601769575694,
        -0.13789601769575693,
        -0.12789601769575693,
        -0.11789601769575693,
        -0.10789601769575694,
        -0.09789601769575694,
        -0.08789601769575695,
        -0.07789601769575695,
        -0.06789601769575696,
        -0.05789601769575696,
        -0.04789601769575696,
        -0.037896017695756956,
        -0.027896017695756954,
        -0.017896017695756952,
        -0.007896017695756952,
        0.002103982304243048,
        0.012103982304243048,
        0.02210398230424305,
        0.03210398230424305,
        0.04210398230424305,
        0.052103982304243054,
        0.062103982304243056,
        0.07210398230424306,
        0.08210398230424305,
        0.09210398230424305,
        0.10210398230424304,
        0.11210398230424304,
        0.12210398230424303,
        0.13210398230424303,
        0.14210398230424304,
        0.15210398230424305,
        0.16210398230424305,
        0.17210398230424306,
        0.18210398230424307,
        0.19210398230424308,
        0.2021039823042431,
        0.2121039823042431,
        0.2221039823042431,
        0.23210398230424312,
        0.24210398230424313,
        0.25210398230424313,
        0.26210398230424314,
        0.27210398230424315,
        0.28210398230424316,
        0.29210398230424317,
        0.3021039823042432,
        0.3121039823042432,
        0.3221039823042432,
        0.3321039823042432,
        0.3421039823042432,
        0.3521039823042432,
        0.36210398230424323,
        0.37210398230424324,
        0.38210398230424325,
        0.39210398230424326,
        0.40210398230424327,
        0.4121039823042433,
        0.4221039823042433,
        0.4321039823042433,
        0.4421039823042433,
        0.4521039823042433,
        0.4621039823042433,
        0.47210398230424333,
        0.48210398230424334,
        0.49210398230424335,
        0.5021039823042434,
        0.5121039823042434,
        0.5221039823042434,
        0.5321039823042434,
        0.5421039823042434,
        0.5521039823042434,
        0.5621039823042434,
        0.5721039823042434,
        0.5821039823042434,
        0.5921039823042434,
        0.6021039823042434,
        0.6071039823042435,
        0.6121039823042435,
        0.6171039823042435,
        0.6221039823042435,
        0.6271039823042435,
        0.6296039823042434,
        0.6321039823042434,
        0.6346039823042433,
        0.6371039823042433,
        0.6396039823042432,
        0.6421039823042431,
        0.6433539823042431,
        0.6446039823042431,
        0.6458539823042431,
        0.647103982304243,
        0.648353982304243,
        0.649603982304243,
        0.650853982304243,
        0.6521039823042429,
        0.6533539823042429,
        0.6546039823042429,
        0.6552289823042429,
        0.6558539823042429,
        0.6564789823042428,
        0.6571039823042428,
        0.6577289823042428,
        0.6583539823042428,
        0.6589789823042428,
