{
    "label": "B450",
    "frame": "P011",
    "level": 0,
    "L": 32,
    "lat_unit": 0.0762,
    "a_inv": 2.59,
    "m_B": 0.4555984555984556,
    "m_pi": 0.16100386100386102,
    "k2mpi2": 0.13615023033060344,
    "kcot_mpi": -0.04888858744481025,
    "k2mpi2s": [
        0.1169890067576126,
        0.11780413501638615,
        0.11861926327515968,
        0.11943439153393322,
        0.12024951979270675,
        0.12106464805148029,
        0.12187977631025382,
        0.12269490456902736,
        0.12351003282780089,
        0.12432516108657443,
        0.12514028934534796,
        0.12595541760412152,
        0.12677054586289505,
        0.12758567412166857,
        0.1284008023804421,
        0.12921593063921566,
        0.1300310588979892,
        0.13084618715676272,
        0.13166131541553627,
        0.1324764436743098,
        0.13329157193308333,
        0.13410670019185686,
        0.13492182845063042,
        0.13573695670940394,
        0.13655208496817747,
        0.137367213226951,
        0.13818234148572456,
        0.1389974697444981,
        0.13981259800327162,
        0.14062772626204517,
        0.1414428545208187,
        0.14225798277959223,
        0.14307311103836576,
        0.14388823929713931,
        0.14470336755591284,
        0.14551849581468637,
        0.1463336240734599,
        0.14714875233223346,
        0.14796388059100699,
        0.14877900884978051,
        0.14959413710855407,
        0.1504092653673276,
        0.15122439362610113,
        0.15203952188487468,
        0.1528546501436482,
        0.15366977840242174,
        0.15448490666119527,
        0.1553000349199688,
        0.15611516317874236,
        0.15693029143751588
    ],
    "kcot_mpis": [
        -0.08124697647832346,
        -0.07990235158948458,
        -0.07855497417047796,
        -0.0772048328888788,
        -0.07585191634647213,
        -0.07449621307793412,
        -0.07313771155355095,
        -0.07177640017694226,
        -0.07041226728664479,
        -0.06904530115133452,
        -0.06767548997474819,
        -0.06630282189094192,
        -0.06492728496559534,
        -0.06354886719708902,
        -0.06216755650979321,
        -0.060783340763149826,
        -0.05939620774360285,
        -0.05800614516557541,
        -0.056613140673829956,
        -0.055217181838543065,
        -0.053818256159140224,
        -0.05241635106145036,
        -0.051011453897029435,
        -0.049603551941892525,
        -0.04819263240185874,
        -0.04677868240123074,
        -0.045361688991771704,
        -0.04394163914894769,
        -0.0425185197682077,
        -0.04109231767008371,
        -0.03966301959600487,
        -0.03823061220856585,
        -0.036795082090068605,
        -0.03535641574343452,
        -0.03391459959189136,
        -0.03246961997428479,
        -0.03102146315059702,
        -0.029570115298079718,
        -0.028115562508166107,
        -0.026657790792235358,
        -0.02519678607386403,
        -0.023732534193335295,
        -0.022265020905522674,
        -0.020794231877804156,
        -0.01932015269184597,
        -0.01784276884027252,
        -0.01636206572808775,
        -0.014878028669829521,
        -0.013390642892850328,
        -0.011899893533437516
    ],
    "k2mpi2_ref": [
        -0.803849769669397,
        -0.793849769669397,
        -0.783849769669397,
        -0.773849769669397,
        -0.763849769669397,
        -0.753849769669397,
        -0.743849769669397,
        -0.733849769669397,
        -0.723849769669397,
        -0.713849769669397,
        -0.7038497696693969,
        -0.6938497696693969,
        -0.6838497696693969,
        -0.6738497696693969,
        -0.6638497696693969,
        -0.6538497696693969,
        -0.6438497696693969,
        -0.6338497696693969,
        -0.6238497696693969,
        -0.6138497696693969,
        -0.6038497696693969,
        -0.5938497696693968,
        -0.5838497696693968,
        -0.5738497696693968,
        -0.5638497696693968,
        -0.5538497696693968,
        -0.5438497696693968,
        -0.5338497696693968,
        -0.5238497696693968,
        -0.5138497696693968,
        -0.5038497696693968,
        -0.4938497696693968,
        -0.4838497696693968,
        -0.4738497696693968,
        -0.4638497696693968,
        -0.4538497696693968,
        -0.44384976966939677,
        -0.43384976966939676,
        -0.42384976966939675,
        -0.41384976966939674,
        -0.40384976966939673,
        -0.3938497696693967,
        -0.3838497696693967,
        -0.3738497696693967,
        -0.3638497696693967,
        -0.3538497696693967,
        -0.3438497696693967,
        -0.33384976966939667,
        -0.32384976966939666,
        -0.31384976966939665,
        -0.30384976966939664,
        -0.29384976966939663,
        -0.2838497696693966,
        -0.2738497696693966,
        -0.2638497696693966,
        -0.2538497696693966,
        -0.24384976966939662,
        -0.2338497696693966,
        -0.2238497696693966,
        -0.2138497696693966,
        -0.20384976966939658,
        -0.19384976966939657,
        -0.18384976966939656,
        -0.17384976966939655,
        -0.16384976966939654,
        -0.15384976966939654,
        -0.14384976966939653,
        -0.13384976966939652,
        -0.12384976966939652,
        -0.11384976966939653,
        -0.10384976966939653,
        -0.09384976966939654,
        -0.08384976966939654,
        -0.07384976966939655,
        -0.06384976966939655,
        -0.05384976966939655,
        -0.04384976966939655,
        -0.03384976966939655,
        -0.023849769669396545,
        -0.013849769669396545,
        -0.0038497696693965446,
        0.006150230330603456,
        0.016150230330603456,
        0.026150230330603458,
        0.03615023033060346,
        0.04615023033060346,
        0.056150230330603464,
        0.06615023033060347,
        0.07615023033060346,
        0.08615023033060346,
        0.09615023033060345,
        0.10615023033060345,
        0.11615023033060344,
        0.12615023033060344,
        0.13615023033060344,
        0.14615023033060345,
        0.15615023033060346,
        0.16615023033060347,
        0.17615023033060348,
        0.1861502303306035,
        0.1961502303306035,
        0.2061502303306035,
        0.21615023033060352,
        0.22615023033060352,
        0.23615023033060353,
        0.24615023033060354,
        0.2561502303306035,
        0.26615023033060353,
        0.27615023033060354,
        0.28615023033060355,
        0.29615023033060356,
        0.30615023033060357,
        0.3161502303306036,
        0.3261502303306036,
        0.3361502303306036,
        0.3461502303306036,
        0.3561502303306036,
        0.3661502303306036,
        0.37615023033060363,
        0.38615023033060364,
        0.39615023033060365,
        0.40615023033060366,
        0.41615023033060367,
        0.4261502303306037,
        0.4361502303306037,
        0.4461502303306037,
        0.4561502303306037,
        0.4661502303306037,
        0.4761502303306037,
        0.4861502303306037,
        0.49615023033060374,
        0.5061502303306037,
        0.5161502303306037,
        0.5261502303306037,
        0.5361502303306037,
        0.5461502303306037,
        0.5561502303306037,
        0.5661502303306037,
        0.5761502303306038,
        0.5861502303306038,
        0.5961502303306038,
        0.6011502303306038,
        0.6061502303306038,
        0.6111502303306038,
        0.6161502303306038,
        0.6211502303306038,
        0.6261502303306038,
        0.6286502303306037,
        0.6311502303306037,
        0.6336502303306036,
        0.6361502303306036,
        0.6386502303306035,
        0.6411502303306035,
        0.6436502303306034,
        0.6449002303306034,
        0.6461502303306034,
        0.6474002303306033,
        0.6486502303306033,
        0.6499002303306033,
        0.6511502303306033,
        0.6524002303306032,
        0.6536502303306032,
        0.6549002303306032,
