{
    "label": "B450",
    "frame": "P001",
    "level": 0,
    "L": 32,
    "lat_unit": 0.0762,
    "a_inv": 2.59,
    "m_B": 0.4555984555984556,
    "m_pi": 0.16100386100386102,
    "k2mpi2": -0.10380864655251223,
    "kcot_mpi": -0.31111119313337277,
    "k2mpi2s": [
        -0.11851854546086064,
        -0.11790236499308794,
        -0.11728618452531525,
        -0.11667000405754255,
        -0.11605382358976986,
        -0.11543764312199715,
        -0.11482146265422447,
        -0.11420528218645176,
        -0.11358910171867907,
        -0.11297292125090637,
        -0.11235674078313368,
        -0.11174056031536098,
        -0.11112437984758829,
        -0.11050819937981558,
        -0.1098920189120429,
        -0.10927583844427019,
        -0.1086596579764975,
        -0.1080434775087248,
        -0.10742729704095211,
        -0.1068111165731794,
        -0.10619493610540671,
        -0.10557875563763401,
        -0.10496257516986132,
        -0.10434639470208862,
        -0.10373021423431593,
        -0.10311403376654323,
        -0.10249785329877054,
        -0.10188167283099783,
        -0.10126549236322514,
        -0.10064931189545244,
        -0.10003313142767975,
        -0.09941695095990705,
        -0.09880077049213436,
        -0.09818459002436165,
        -0.09756840955658896,
        -0.09695222908881626,
        -0.09633604862104357,
        -0.09571986815327087,
        -0.09510368768549818,
        -0.09448750721772547,
        -0.09387132674995279,
        -0.09325514628218008,
        -0.09263896581440739,
        -0.09202278534663469,
        -0.091406604878862,
        -0.0907904244110893,
        -0.0901742439433166,
        -0.0895580634755439,
        -0.0889418830077712,
        -0.08832570253999851
    ],
    "kcot_mpis": [
        -0.33163650135199807,
        -0.33079308063607765,
        -0.3299482676320753,
        -0.32910205723127633,
        -0.32825444429925443,
        -0.327405423673715,
        -0.32655499016621553,
        -0.32570313856078187,
        -0.32484986361675444,
        -0.3239951600631957,
        -0.32313902260388433,
        -0.32228144591396796,
        -0.3214224246414863,
        -0.3205619534058662,
        -0.3197000267991372,
        -0.3188366393844424,
        -0.3179717856961406,
        -0.3171054602420633,
        -0.3162376574983787,
        -0.3153683719132708,
        -0.31449759790603526,
        -0.31362532986614217,
        -0.3127515621533321,
        -0.31187628909802123,
        -0.31099950500031404,
        -0.310121204128949,
        -0.30924138072447654,
        -0.3083600289951489,
        -0.3074771431183549,
        -0.3065927172410865,
        -0.3057067454788958,
        -0.3048192219156501,
        -0.303930140603697,
        -0.30303949556353904,
        -0.30214728078304204,
        -0.3012534902178912,
        -0.3003581177914125,
        -0.29946115739453405,
        -0.2985626028846667,
        -0.2976624480860429,
        -0.2967606867890412,
        -0.2958573127508371,
        -0.2949523196949664,
        -0.294045701310028,
        -0.29313745125062707,
        -0.2922275631363908,
        -0.291316030553637,
        -0.29040284705132996,
        -0.2894880061444242,
        -0.2885715013107327
    ],
    "k2mpi2_ref": [
        -0.8038086465525128,
        -0.7938086465525128,
        -0.7838086465525128,
        -0.7738086465525128,
        -0.7638086465525128,
        -0.7538086465525128,
        -0.7438086465525128,
        -0.7338086465525128,
        -0.7238086465525128,
        -0.7138086465525127,
        -0.7038086465525127,
        -0.6938086465525127,
        -0.6838086465525127,
        -0.6738086465525127,
        -0.6638086465525127,
        -0.6538086465525127,
        -0.6438086465525127,
        -0.6338086465525127,
        -0.6238086465525127,
        -0.6138086465525127,
        -0.6038086465525127,
        -0.5938086465525126,
        -0.5838086465525126,
        -0.5738086465525126,
        -0.5638086465525126,
        -0.5538086465525126,
        -0.5438086465525126,
        -0.5338086465525126,
        -0.5238086465525126,
        -0.5138086465525126,
        -0.5038086465525126,
        -0.49380864655251255,
        -0.48380864655251254,
        -0.47380864655251254,
        -0.4638086465525125,
        -0.4538086465525125,
        -0.4438086465525125,
        -0.4338086465525125,
        -0.4238086465525125,
        -0.4138086465525125,
        -0.4038086465525125,
        -0.39380864655251246,
        -0.38380864655251246,
        -0.37380864655251245,
        -0.36380864655251244,
        -0.35380864655251243,
        -0.3438086465525124,
        -0.3338086465525124,
        -0.3238086465525124,
        -0.3138086465525124,
        -0.3038086465525124,
        -0.2938086465525124,
        -0.28380864655251237,
        -0.27380864655251236,
        -0.26380864655251235,
        -0.25380864655251234,
        -0.24380864655251233,
        -0.23380864655251232,
        -0.2238086465525123,
        -0.2138086465525123,
        -0.2038086465525123,
        -0.1938086465525123,
        -0.18380864655251228,
        -0.17380864655251227,
        -0.16380864655251226,
        -0.15380864655251225,
        -0.14380864655251224,
        -0.13380864655251223,
        -0.12380864655251222,
        -0.11380864655251223,
        -0.10380864655251223,
        -0.09380864655251224,
        -0.08380864655251224,
        -0.07380864655251225,
        -0.06380864655251225,
        -0.05380864655251225,
        -0.04380864655251225,
        -0.03380864655251225,
        -0.023808646552512247,
        -0.013808646552512247,
        -0.0038086465525122466,
        0.006191353447487754,
        0.016191353447487754,
        0.026191353447487756,
        0.03619135344748776,
        0.04619135344748776,
        0.05619135344748776,
        0.06619135344748776,
        0.07619135344748776,
        0.08619135344748775,
        0.09619135344748775,
        0.10619135344748774,
        0.11619135344748774,
        0.12619135344748775,
        0.13619135344748776,
        0.14619135344748777,
        0.15619135344748777,
        0.16619135344748778,
        0.1761913534474878,
        0.1861913534474878,
        0.1961913534474878,
        0.20619135344748782,
        0.21619135344748783,
        0.22619135344748784,
        0.23619135344748785,
        0.24619135344748785,
        0.25619135344748784,
        0.26619135344748784,
        0.27619135344748785,
        0.28619135344748786,
        0.29619135344748787,
        0.3011913534474879,
        0.3061913534474879,
        0.3111913534474879,
        0.3136913534474879,
        0.3161913534474879,
        0.3186913534474879,
        0.3211913534474879,
        0.3236913534474879,
        0.3261913534474879,
        0.32744135344748787,
        0.32869135344748784,
        0.3299413534474878,
        0.3311913534474878,
        0.33244135344748776,
        0.33369135344748774,
        0.3349413534474877,
        0.3355663534474877,
        0.3361913534474877,
        0.33681635344748767,
        0.33744135344748766,
        0.33806635344748764,
        0.33869135344748763,
        0.3393163534474876,
        0.3399413534474876,
        0.3405663534474876,
        0.3411913534474876,
        0.34150385344748757,
        0.34181635344748756,
        0.34212885344748756,
        0.34244135344748755,
        0.34275385344748754,
        0.34306635344748754,
        0.34337885344748753,
        0.3436913534474875,
        0.3440038534474875,
        0.3443163534474875,
        0.3446288534474875,
        0.3449413534474875,
        0.3452538534474875
    ],