{
    "label": "B450",
    "frame": "P011",
    "level": 0,
    "L": 32,
    "lat_unit": 0.0762,
    "a_inv": 2.59,
    "m_B": 0.4555984555984556,
    "m_pi": 0.16100386100386102,
    "k2mpi2": 0.13615023033060344,
    "kcot_mpi": -0.11257990802054531,
    "k2mpi2s": [
        0.1169890067576126,
        0.11780413501638615,
        0.11861926327515968,
        0.11943439153393322,
        0.12024951979270675,
        0.12106464805148029,
        0.12187977631025382,
        0.12269490456902736,
        0.12351003282780089,
        0.12432516108657443,
        0.12514028934534796,
        0.12595541760412152,
        0.12677054586289505,
        0.12758567412166857,
        0.1284008023804421,
        0.12921593063921566,
        0.1300310588979892,
        0.13084618715676272,
        0.13166131541553627,
        0.1324764436743098,
        0.13329157193308333,
        0.13410670019185686,
        0.13492182845063042,
        0.13573695670940394,
        0.13655208496817747,
        0.137367213226951,
        0.13818234148572456,
        0.1389974697444981,
        0.13981259800327162,
        0.14062772626204517,
        0.1414428545208187,
        0.14225798277959223,
        0.14307311103836576,
        0.14388823929713931,
        0.14470336755591284,
        0.14551849581468637,
        0.1463336240734599,
        0.14714875233223346,
        0.14796388059100699,
        0.14877900884978051,
        0.14959413710855407,
        0.1504092653673276,
        0.15122439362610113,
        0.15203952188487468,
        0.1528546501436482,
        0.15366977840242174,
        0.15448490666119527,
        0.1553000349199688,
        0.15611516317874236,
        0.15693029143751588
    ],
    "kcot_mpis": [
        -0.14093016373837772,
        -0.1397482273788756,
        -0.138564206060784,
        -0.13737809212290414,
        -0.1361898778635891,
        -0.13499955553965962,
        -0.13380711736912995,
        -0.132612555529339,
        -0.13141586215872184,
        -0.13021702935216128,
        -0.12901604916620021,
        -0.1278129136144764,
        -0.1266076146693835,
        -0.12540014426313628,
        -0.12419049428150747,
        -0.1229786565730163,
        -0.12176462294113519,
        -0.1205483851455676,
        -0.11932993490463444,
        -0.11810926389091261,
        -0.11688636373495354,
        -0.11566122602297504,
        -0.11443384229627915,
        -0.11320420405026385,
        -0.11197230274013248,
        -0.11073812976949245,
        -0.10950167650009822,
        -0.10826293424781669,
        -0.10702189427968213,
        -0.10577854781879505,
        -0.1045328860407558,
        -0.10328490007398285,
        -0.10203458099864855,
        -0.10078191984787212,
        -0.09952690760752315,
        -0.09826953521209152,
        -0.09700979355017891,
        -0.09574767346117746,
        -0.0944831657323491,
        -0.09321626110484772,
        -0.09194695026637772,
        -0.09067522385593203,
        -0.08940107246199176,
        -0.08812448662073365,
        -0.0868454568181386,
        -0.08556397348694274,
        -0.08428002700850191,
        -0.08299360771002617,
        -0.08170470586838902,
        -0.08041331170650962
    ],
    "k2mpi2_ref": [
        -0.803849769669397,
        -0.793849769669397,
        -0.783849769669397,
        -0.773849769669397,
        -0.763849769669397,
        -0.753849769669397,
        -0.743849769669397,
        -0.733849769669397,
        -0.723849769669397,
        -0.713849769669397,
        -0.7038497696693969,
        -0.6938497696693969,
        -0.6838497696693969,
        -0.6738497696693969,
        -0.6638497696693969,
        -0.6538497696693969,
        -0.6438497696693969,
        -0.6338497696693969,
        -0.6238497696693969,
        -0.6138497696693969,
        -0.6038497696693969,
        -0.5938497696693968,
        -0.5838497696693968,
        -0.5738497696693968,
        -0.5638497696693968,
        -0.5538497696693968,
        -0.5438497696693968,
        -0.5338497696693968,
        -0.5238497696693968,
        -0.5138497696693968,
        -0.5038497696693968,
        -0.4938497696693968,
        -0.4838497696693968,
        -0.4738497696693968,
        -0.4638497696693968,
        -0.4538497696693968,
        -0.44384976966939677,
        -0.43384976966939676,
        -0.42384976966939675,
        -0.41384976966939674,
        -0.40384976966939673,
        -0.3938497696693967,
        -0.3838497696693967,
        -0.3738497696693967,
        -0.3638497696693967,
        -0.3538497696693967,
        -0.3438497696693967,
        -0.33384976966939667,
        -0.32384976966939666,
        -0.31384976966939665,
        -0.30384976966939664,
        -0.29384976966939663,
        -0.2838497696693966,
        -0.2738497696693966,
        -0.2638497696693966,
        -0.2538497696693966,
        -0.24384976966939662,
        -0.2338497696693966,
        -0.2238497696693966,
        -0.2138497696693966,
        -0.20384976966939658,
        -0.19384976966939657,
        -0.18384976966939656,
        -0.17384976966939655,
        -0.16384976966939654,
        -0.15384976966939654,
        -0.14384976966939653,
        -0.13384976966939652,
        -0.12384976966939652,
        -0.11384976966939653,
        -0.10384976966939653,
        -0.09384976966939654,
        -0.08384976966939654,
        -0.07384976966939655,
        -0.06384976966939655,
        -0.05384976966939655,
        -0.04384976966939655,
        -0.03384976966939655,
        -0.023849769669396545,
        -0.013849769669396545,
        -0.0038497696693965446,
        0.006150230330603456,
        0.016150230330603456,
        0.026150230330603458,
        0.03615023033060346,
        0.04615023033060346,
        0.056150230330603464,
        0.06615023033060347,
        0.07615023033060346,
        0.08615023033060346,
        0.09615023033060345,
        0.10615023033060345,
        0.11615023033060344,
        0.12615023033060344,
        0.13615023033060344,
        0.14615023033060345,
        0.15615023033060346,
        0.16615023033060347,
        0.17615023033060348,
        0.1861502303306035,
        0.1961502303306035,
        0.2061502303306035,
        0.21615023033060352,
        0.22615023033060352,
        0.23615023033060353,
        0.24615023033060354,
        0.2561502303306035,
        0.26615023033060353,
        0.27615023033060354,
        0.28615023033060355,
        0.29615023033060356,
        0.30615023033060357,
        0.3161502303306036,
        0.3261502303306036,
        0.3361502303306036,
        0.3461502303306036,
        0.3561502303306036,
        0.3661502303306036,
        0.37615023033060363,
        0.38615023033060364,
        0.39615023033060365,
        0.40615023033060366,
        0.41615023033060367,
        0.4261502303306037,
        0.4361502303306037,
        0.4461502303306037,
        0.4561502303306037,
        0.4661502303306037,
        0.4761502303306037,
        0.4861502303306037,
        0.49615023033060374,
        0.5061502303306037,
        0.5161502303306037,
        0.5261502303306037,
        0.5361502303306037,
        0.5461502303306037,
        0.5561502303306037,
        0.5661502303306037,
        0.5761502303306038,
        0.5861502303306038,
        0.5961502303306038,
        0.6061502303306038,
        0.6161502303306038,
        0.6261502303306038,
        0.6361502303306038,
        0.6461502303306038,
        0.6561502303306038,
        0.6611502303306038,
        0.6661502303306038,
        0.6711502303306038,
        0.6761502303306038,
        0.6811502303306038
    ],