{
    "label": "B450",
    "frame": "P001",
    "level": 1,
    "L": 32,
    "lat_unit": 0.0762,
    "a_inv": 2.59,
    "m_B": 0.4555984555984556,
    "m_pi": 0.16100386100386102,
    "k2mpi2": 1.5396353303032013,
    "kcot_mpi": 1.962686127059246,
    "k2mpi2s": [
        1.5181632829478375,
        1.5190285028684367,
        1.5198937227890361,
        1.5207589427096353,
        1.5216241626302345,
        1.5224893825508337,
        1.523354602471433,
        1.5242198223920322,
        1.5250850423126314,
        1.5259502622332306,
        1.52681548215383,
        1.5276807020744292,
        1.5285459219950284,
        1.5294111419156275,
        1.530276361836227,
        1.5311415817568261,
        1.5320068016774253,
        1.5328720215980247,
        1.533737241518624,
        1.534602461439223,
        1.5354676813598223,
        1.5363329012804217,
        1.5371981212010208,
        1.53806334112162,
        1.5389285610422192,
        1.5397937809628186,
        1.5406590008834178,
        1.541524220804017,
        1.5423894407246161,
        1.5432546606452155,
        1.5441198805658147,
        1.544985100486414,
        1.545850320407013,
        1.5467155403276125,
        1.5475807602482117,
        1.5484459801688109,
        1.5493112000894103,
        1.5501764200100094,
        1.5510416399306086,
        1.5519068598512078,
        1.5527720797718072,
        1.5536372996924064,
        1.5545025196130056,
        1.5553677395336047,
        1.5562329594542041,
        1.5570981793748033,
        1.5579633992954025,
        1.5588286192160017,
        1.559693839136601,
        1.5605590590572003
    ],
    "kcot_mpis": [
        1.789886505092792,
        1.7964538035305013,
        1.8030523188015195,
        1.8096823000181401,
        1.816343998934238,
        1.823037669980086,
        1.8297635703373138,
        1.8365219599304454,
        1.8433131014818593,
        1.850137260556147,
        1.8569947055995732,
        1.8638857079477524,
        1.8708105419183099,
        1.8777694848100739,
        1.8847628169523731,
        1.891790821762517,
        1.8988537857661327,
        1.9059519986626074,
        1.913085753347171,
        1.9202553459738887,
        1.927461075991241,
        1.934703246192176,
        1.94198216274876,
        1.949298135287796,
        1.9566514769001104,
        1.9640425042377008,
        1.9714715375143632,
        1.9789389005961282,
        1.9864449210258814,
        1.9939899301098787,
        2.001574262885951,
        2.0091982583305685,
        2.0168622592670733,
        2.0245666124959043,
        2.0323116688366185,
        2.040097783178398,
        2.047925314562948,
        2.0557946261891513,
        2.0637060855851375,
        2.071660064545139,
        2.0796569392720885,
        2.0876970904059977,
        2.0957809031131958,
        2.103908767150264,
        2.112081076907524,
        2.120298231517582,
        2.1285606348988027,
        2.136868695836387,
        2.1452228280753496,
        2.153623450280652
    ],
    "k2mpi2_ref": [
        0.5996353303032005,
        0.6096353303032005,
        0.6196353303032005,
        0.6296353303032005,
        0.6396353303032005,
        0.6496353303032005,
        0.6596353303032005,
        0.6696353303032005,
        0.6796353303032006,
        0.6896353303032006,
        0.6996353303032006,
        0.7096353303032006,
        0.7196353303032006,
        0.7296353303032006,
        0.7396353303032006,
        0.7496353303032006,
        0.7596353303032006,
        0.7696353303032006,
        0.7796353303032006,
        0.7896353303032007,
        0.7996353303032007,
        0.8096353303032007,
        0.8196353303032007,
        0.8296353303032007,
        0.8396353303032007,
        0.8496353303032007,
        0.8596353303032007,
        0.8696353303032007,
        0.8796353303032007,
        0.8896353303032007,
        0.8996353303032008,
        0.9096353303032008,
        0.9196353303032008,
        0.9296353303032008,
        0.9396353303032008,
        0.9496353303032008,
        0.9596353303032008,
        0.9696353303032008,
        0.9796353303032008,
        0.9896353303032008,
        0.9996353303032008,
        1.0096353303032009,
        1.0196353303032009,
        1.0296353303032009,
        1.0396353303032009,
        1.0496353303032009,
        1.059635330303201,
        1.069635330303201,
        1.079635330303201,
        1.089635330303201,
        1.099635330303201,
        1.109635330303201,
        1.119635330303201,
        1.129635330303201,
        1.139635330303201,
        1.149635330303201,
        1.159635330303201,
        1.169635330303201,
        1.179635330303201,
        1.189635330303201,
        1.199635330303201,
        1.209635330303201,
        1.219635330303201,
        1.229635330303201,
        1.239635330303201,
        1.249635330303201,
        1.259635330303201,
        1.269635330303201,
        1.279635330303201,
        1.289635330303201,
        1.299635330303201,
        1.3096353303032011,
        1.3196353303032011,
        1.3296353303032011,
        1.3396353303032011,
        1.3496353303032012,
        1.3596353303032012,
        1.3696353303032012,
        1.3796353303032012,
        1.3896353303032012,
        1.3996353303032012,
        1.4096353303032012,
        1.4196353303032012,
        1.4296353303032012,
        1.4396353303032012,
        1.4496353303032012,
        1.4596353303032013,
        1.4696353303032013,
        1.4796353303032013,
        1.4896353303032013,
        1.4996353303032013,
        1.5096353303032013,
        1.5196353303032013,
        1.5296353303032013,
        1.5396353303032013,
        1.5496353303032013,
        1.5596353303032013,
        1.5696353303032013,
        1.5796353303032014,
        1.5896353303032014,
        1.5996353303032014,
        1.6096353303032014,
        1.6196353303032014,
        1.6296353303032014,
        1.6396353303032014,
        1.6496353303032014,
        1.6596353303032014,
        1.6696353303032014,
        1.6796353303032014,
        1.6896353303032015,
        1.6996353303032015,
        1.7096353303032015,
        1.7196353303032015,
        1.7246353303032014,
        1.7296353303032013,
        1.7346353303032012,
        1.739635330303201,
        1.744635330303201,
        1.7496353303032008,
        1.7546353303032007,
        1.7596353303032006,
        1.7621353303032006,
        1.7646353303032005,
        1.7671353303032005,
        1.7696353303032004,
        1.7721353303032004,
        1.7746353303032003,
        1.7771353303032003,
        1.7796353303032002,
        1.7821353303032001,
        1.7846353303032,
        1.7858853303032,
        1.7871353303032,
        1.7883853303032,
        1.7896353303032,
        1.7908853303032,
        1.7921353303032,
        1.7933853303032,
        1.7946353303031999,
        1.7958853303031999,
        1.7971353303031998,
        1.7983853303031998,
        1.7996353303031998,
        1.8008853303031997
    ],