{
    "label": "B450",
    "frame": "P001",
    "level": 0,
    "L": 32,
    "lat_unit": 0.0762,
    "a_inv": 2.59,
    "m_B": 0.4555984555984556,
    "m_pi": 0.16100386100386102,
    "k2mpi2": -0.10380864655251223,
    "kcot_mpi": -0.3224222459832714,
    "k2mpi2s": [
        -0.11851854546086064,
        -0.11790236499308794,
        -0.11728618452531525,
        -0.11667000405754255,
        -0.11605382358976986,
        -0.11543764312199715,
        -0.11482146265422447,
        -0.11420528218645176,
        -0.11358910171867907,
        -0.11297292125090637,
        -0.11235674078313368,
        -0.11174056031536098,
        -0.11112437984758829,
        -0.11050819937981558,
        -0.1098920189120429,
        -0.10927583844427019,
        -0.1086596579764975,
        -0.1080434775087248,
        -0.10742729704095211,
        -0.1068111165731794,
        -0.10619493610540671,
        -0.10557875563763401,
        -0.10496257516986132,
        -0.10434639470208862,
        -0.10373021423431593,
        -0.10311403376654323,
        -0.10249785329877054,
        -0.10188167283099783,
        -0.10126549236322514,
        -0.10064931189545244,
        -0.10003313142767975,
        -0.09941695095990705,
        -0.09880077049213436,
        -0.09818459002436165,
        -0.09756840955658896,
        -0.09695222908881626,
        -0.09633604862104357,
        -0.09571986815327087,
        -0.09510368768549818,
        -0.09448750721772547,
        -0.09387132674995279,
        -0.09325514628218008,
        -0.09263896581440739,
        -0.09202278534663469,
        -0.091406604878862,
        -0.0907904244110893,
        -0.0901742439433166,
        -0.0895580634755439,
        -0.0889418830077712,
        -0.08832570253999851
    ],
    "kcot_mpis": [
        -0.34218427177313365,
        -0.3413713858612156,
        -0.34055722870364263,
        -0.33974179581676034,
        -0.33892508269519644,
        -0.33810708480976126,
        -0.3372877976092191,
        -0.33646721651887795,
        -0.3356453369435749,
        -0.3348221542619411,
        -0.33399766383160073,
        -0.33317186098574786,
        -0.3323447410347894,
        -0.33151629926482934,
        -0.3306865309387754,
        -0.3298554312952372,
        -0.32902299554829173,
        -0.32818921888991903,
        -0.32735409648512953,
        -0.32651762347513275,
        -0.3256797949770775,
        -0.3248406060827038,
        -0.3240000518587327,
        -0.32315812734720567,
        -0.3223148275644508,
        -0.3214701475002649,
        -0.3206240821210125,
        -0.3197766263655345,
        -0.318927775146614,
        -0.3180775233516725,
        -0.3172258658414093,
        -0.3163727974499452,
        -0.31551831298480115,
        -0.31466240722679856,
        -0.3138050749290148,
        -0.3129463108176921,
        -0.31208610959169897,
        -0.31122446592280506,
        -0.31036137445446405,
        -0.30949682980222665,
        -0.30863082655324314,
        -0.3077633592666607,
        -0.30689442247349275,
        -0.30602401067528445,
        -0.30515211834508366,
        -0.3042787399264792,
        -0.3034038698354005,
        -0.3025275024560183,
        -0.3016496321442131,
        -0.30077025322439366
    ],
    "k2mpi2_ref": [
        -0.8038086465525128,
        -0.7938086465525128,
        -0.7838086465525128,
        -0.7738086465525128,
        -0.7638086465525128,
        -0.7538086465525128,
        -0.7438086465525128,
        -0.7338086465525128,
        -0.7238086465525128,
        -0.7138086465525127,
        -0.7038086465525127,
        -0.6938086465525127,
        -0.6838086465525127,
        -0.6738086465525127,
        -0.6638086465525127,
        -0.6538086465525127,
        -0.6438086465525127,
        -0.6338086465525127,
        -0.6238086465525127,
        -0.6138086465525127,
        -0.6038086465525127,
        -0.5938086465525126,
        -0.5838086465525126,
        -0.5738086465525126,
        -0.5638086465525126,
        -0.5538086465525126,
        -0.5438086465525126,
        -0.5338086465525126,
        -0.5238086465525126,
        -0.5138086465525126,
        -0.5038086465525126,
        -0.49380864655251255,
        -0.48380864655251254,
        -0.47380864655251254,
        -0.4638086465525125,
        -0.4538086465525125,
        -0.4438086465525125,
        -0.4338086465525125,
        -0.4238086465525125,
        -0.4138086465525125,
        -0.4038086465525125,
        -0.39380864655251246,
        -0.38380864655251246,
        -0.37380864655251245,
        -0.36380864655251244,
        -0.35380864655251243,
        -0.3438086465525124,
        -0.3338086465525124,
        -0.3238086465525124,
        -0.3138086465525124,
        -0.3038086465525124,
        -0.2938086465525124,
        -0.28380864655251237,
        -0.27380864655251236,
        -0.26380864655251235,
        -0.25380864655251234,
        -0.24380864655251233,
        -0.23380864655251232,
        -0.2238086465525123,
        -0.2138086465525123,
        -0.2038086465525123,
        -0.1938086465525123,
        -0.18380864655251228,
        -0.17380864655251227,
        -0.16380864655251226,
        -0.15380864655251225,
        -0.14380864655251224,
        -0.13380864655251223,
        -0.12380864655251222,
        -0.11380864655251223,
        -0.10380864655251223,
        -0.09380864655251224,
        -0.08380864655251224,
        -0.07380864655251225,
        -0.06380864655251225,
        -0.05380864655251225,
        -0.04380864655251225,
        -0.03380864655251225,
        -0.023808646552512247,
        -0.013808646552512247,
        -0.0038086465525122466,
        0.006191353447487754,
        0.016191353447487754,
        0.026191353447487756,
        0.03619135344748776,
        0.04619135344748776,
        0.05619135344748776,
        0.06619135344748776,
        0.07619135344748776,
        0.08619135344748775,
        0.09619135344748775,
        0.10619135344748774,
        0.11619135344748774,
        0.12619135344748775,
        0.13619135344748776,
        0.14619135344748777,
        0.15619135344748777,
        0.16619135344748778,
        0.1761913534474878,
        0.1861913534474878,
        0.1961913534474878,
        0.20619135344748782,
        0.21619135344748783,
        0.22619135344748784,
        0.23619135344748785,
        0.24619135344748785,
        0.25619135344748784,
        0.26619135344748784,
        0.27619135344748785,
        0.28619135344748786,
        0.29619135344748787,
        0.3061913534474879,
        0.3111913534474879,
        0.3161913534474879,
        0.3211913534474879,
        0.3261913534474879,
        0.3311913534474879,
        0.3336913534474879,
        0.3361913534474879,
        0.3386913534474879
    ],