{
    "label": "B450",
    "frame": "P002",
    "level": 0,
    "L": 32,
    "lat_unit": 0.0762,
    "a_inv": 2.59,
    "m_B": 0.4555984555984556,
    "m_pi": 0.16100386100386102,
    "k2mpi2": -0.3415966813576724,
    "kcot_mpi": -0.5045150739938447,
    "k2mpi2s": [
        -0.3542082416648983,
        -0.3536887906299326,
        -0.3531693395949669,
        -0.3526498885600012,
        -0.3521304375250355,
        -0.3516109864900698,
        -0.3510915354551041,
        -0.3505720844201384,
        -0.3500526333851727,
        -0.349533182350207,
        -0.34901373131524127,
        -0.34849428028027557,
        -0.34797482924530987,
        -0.34745537821034417,
        -0.34693592717537847,
        -0.34641647614041277,
        -0.34589702510544706,
        -0.34537757407048136,
        -0.34485812303551566,
        -0.34433867200054996,
        -0.34381922096558426,
        -0.34329976993061856,
        -0.34278031889565286,
        -0.34226086786068716,
        -0.34174141682572146,
        -0.3412219657907557,
        -0.34070251475579005,
        -0.3401830637208243,
        -0.3396636126858586,
        -0.3391441616508929,
        -0.3386247106159272,
        -0.3381052595809615,
        -0.3375858085459958,
        -0.3370663575110301,
        -0.3365469064760644,
        -0.3360274554410987,
        -0.335508004406133,
        -0.3349885533711673,
        -0.3344691023362016,
        -0.3339496513012359,
        -0.3334302002662702,
        -0.3329107492313045,
        -0.3323912981963388,
        -0.3318718471613731,
        -0.3313523961264074,
        -0.3308329450914417,
        -0.330313494056476,
        -0.3297940430215103,
        -0.3292745919865446,
        -0.3287551409515789
    ],
    "kcot_mpis": [
        -0.5205117895176684,
        -0.5198662367584742,
        -0.5192195742323773,
        -0.5185717973354659,
        -0.517922901435063,
        -0.5172728818733205,
        -0.5166217339642359,
        -0.5159694529935316,
        -0.5153160342201211,
        -0.5146614728772081,
        -0.514005764164351,
        -0.5133489032579991,
        -0.512690885303064,
        -0.5120317054181921,
        -0.511371358690203,
        -0.5107098401789663,
        -0.5100471449130324,
        -0.509383267895444,
        -0.5087182040932396,
        -0.5080519484475013,
        -0.5073844958682542,
        -0.5067158412338905,
        -0.5060459793945014,
        -0.50537490516928,
        -0.5047026133404172,
        -0.5040290986645098,
        -0.5033543558665956,
        -0.5026783796352158,
        -0.5020011646314938,
        -0.501322705480747,
        -0.5006429967782261,
        -0.49996203308373444,
        -0.4992798089275507,
        -0.49859631879958605,
        -0.49791155716280855,
        -0.497225518447282,
        -0.4965381970416672,
        -0.4958495873051151,
        -0.49515968356134094,
        -0.4944684800991289,
        -0.49377597116982297,
        -0.49308215099231517,
        -0.49238701374794414,
        -0.4916905535820482,
        -0.4909927646035143,
        -0.49029364088573085,
        -0.4895931764634739,
        -0.4888913653341863,
        -0.4881882014600673,
        -0.48748367876244464
    ],
    "k2mpi2_ref": [
        -0.8015966813576728,
        -0.7915966813576728,
        -0.7815966813576728,
        -0.7715966813576728,
        -0.7615966813576728,
        -0.7515966813576728,
        -0.7415966813576728,
        -0.7315966813576728,
        -0.7215966813576727,
        -0.7115966813576727,
        -0.7015966813576727,
        -0.6915966813576727,
        -0.6815966813576727,
        -0.6715966813576727,
        -0.6615966813576727,
        -0.6515966813576727,
        -0.6415966813576727,
        -0.6315966813576727,
        -0.6215966813576727,
        -0.6115966813576726,
        -0.6015966813576726,
        -0.5915966813576726,
        -0.5815966813576726,
        -0.5715966813576726,
        -0.5615966813576726,
        -0.5515966813576726,
        -0.5415966813576726,
        -0.5315966813576726,
        -0.5215966813576726,
        -0.5115966813576726,
        -0.5015966813576725,
        -0.49159668135767254,
        -0.48159668135767253,
        -0.4715966813576725,
        -0.4615966813576725,
        -0.4515966813576725,
        -0.4415966813576725,
        -0.4315966813576725,
        -0.4215966813576725,
        -0.41159668135767247,
        -0.40159668135767246,
        -0.39159668135767245,
        -0.38159668135767244,
        -0.37159668135767243,
        -0.3615966813576724,
        -0.3515966813576724,
        -0.3415966813576724,
        -0.3315966813576724,
        -0.3215966813576724,
        -0.3115966813576724,
        -0.30159668135767237,
        -0.29159668135767236,
        -0.28159668135767235,
        -0.27159668135767234,
        -0.26159668135767233,
        -0.2515966813576723,
        -0.24159668135767232,
        -0.2315966813576723,
        -0.2215966813576723,
        -0.2115966813576723,
        -0.20159668135767228,
        -0.19159668135767227,
        -0.18159668135767226,
        -0.17159668135767225,
        -0.16159668135767224,
        -0.15159668135767224,
        -0.14159668135767223,
        -0.13159668135767222,
        -0.12159668135767222,
        -0.11159668135767223,
        -0.10159668135767223,
        -0.09159668135767224,
        -0.08159668135767224,
        -0.07159668135767225,
        -0.061596681357672246,
        -0.051596681357672244,
        -0.04159668135767224,
        -0.036596681357672245,
        -0.03159668135767225,
        -0.02909668135767225,
        -0.02659668135767225,
        -0.02409668135767225,
        -0.021596681357672252,
        -0.02034668135767225,
        -0.01909668135767225,
        -0.01784668135767225,
        -0.016596681357672248,
        -0.015346681357672249
    ],