{
    "label": "B450",
    "frame": "P111",
    "level": 1,
    "L": 32,
    "lat_unit": 0.0762,
    "a_inv": 2.59,
    "m_B": 0.4555984555984556,
    "m_pi": 0.16100386100386102,
    "k2mpi2": 0.8933081660954683,
    "kcot_mpi": 3.264734133999304,
    "k2mpi2s": [
        0.8770340404879756,
        0.8777029742237468,
        0.8783719079595178,
        0.879040841695289,
        0.8797097754310601,
        0.8803787091668313,
        0.8810476429026023,
        0.8817165766383734,
        0.8823855103741446,
        0.8830544441099156,
        0.8837233778456868,
        0.8843923115814579,
        0.8850612453172291,
        0.8857301790530001,
        0.8863991127887713,
        0.8870680465245424,
        0.8877369802603134,
        0.8884059139960846,
        0.8890748477318557,
        0.8897437814676269,
        0.8904127152033979,
        0.8910816489391691,
        0.8917505826749402,
        0.8924195164107113,
        0.8930884501464824,
        0.8937573838822536,
        0.8944263176180247,
        0.8950952513537958,
        0.8957641850895669,
        0.896433118825338,
        0.8971020525611091,
        0.8977709862968802,
        0.8984399200326514,
        0.8991088537684225,
        0.8997777875041936,
        0.9004467212399647,
        0.9011156549757359,
        0.9017845887115069,
        0.9024535224472781,
        0.9031224561830492,
        0.9037913899188204,
        0.9044603236545914,
        0.9051292573903625,
        0.9057981911261337,
        0.9064671248619047,
        0.9071360585976759,
        0.907804992333447,
        0.9084739260692182,
        0.9091428598049892,
        0.9098117935407604
    ],
    "kcot_mpis": [
        2.9403594851832695,
        2.952663507738683,
        2.9650490549007,
        2.977516961705067,
        2.9900680746416644,
        3.00270325185415,
        3.0154233633322765,
        3.0282292911303346,
        3.041121929557834,
        3.0541021854190813,
        3.0671709782108523,
        3.080329240350047,
        3.093577917407737,
        3.106917968337886,
        3.120350365692968,
        3.1338760959656846,
        3.1474961596476567,
        3.161211571670234,
        3.1750233615677756,
        3.1889325737632297,
        3.202940267835183,
        3.217047518798162,
        3.2312554173801855,
        3.2455650703155396,
        3.259977600630639,
        3.274494147967462,
        3.289115868845654,
        3.3038439370379376,
        3.3186795438467054,
        3.333623898446445,
        3.3486782282231187,
        3.3638437791243363,
        3.379121815972737,
        3.3945136228964925,
        3.4100205036407005,
        3.4256437819503773,
        3.4413848019778723,
        3.4572449286635067,
        3.4732255481355385,
        3.489328068138076,
        3.5055539184360955,
        3.521904551258708,
        3.5383814417414166,
        3.554986088376083,
        3.571720013475654,
        3.5885847636521704,
        3.605581910299202,
        3.6227130500951183,
        3.63997980551137,
        3.657383825379712
    ],
    "k2mpi2_ref": [
        -0.7966918339045329,
        -0.7866918339045329,
        -0.7766918339045329,
        -0.7666918339045329,
        -0.7566918339045329,
        -0.7466918339045329,
        -0.7366918339045329,
        -0.7266918339045328,
        -0.7166918339045328,
        -0.7066918339045328,
        -0.6966918339045328,
        -0.6866918339045328,
        -0.6766918339045328,
        -0.6666918339045328,
        -0.6566918339045328,
        -0.6466918339045328,
        -0.6366918339045328,
        -0.6266918339045328,
        -0.6166918339045327,
        -0.6066918339045327,
        -0.5966918339045327,
        -0.5866918339045327,
        -0.5766918339045327,
        -0.5666918339045327,
        -0.5566918339045327,
        -0.5466918339045327,
        -0.5366918339045327,
        -0.5266918339045327,
        -0.5166918339045327,
        -0.5066918339045327,
        -0.4966918339045327,
        -0.4866918339045327,
        -0.4766918339045327,
        -0.46669183390453267,
        -0.45669183390453266,
        -0.44669183390453265,
        -0.43669183390453264,
        -0.42669183390453264,
        -0.4166918339045326,
        -0.4066918339045326,
        -0.3966918339045326,
        -0.3866918339045326,
        -0.3766918339045326,
        -0.3666918339045326,
        -0.3566918339045326,
        -0.34669183390453256,
        -0.33669183390453256,
        -0.32669183390453255,
        -0.31669183390453254,
        -0.30669183390453253,
        -0.2966918339045325,
        -0.2866918339045325,
        -0.2766918339045325,
        -0.2666918339045325,
        -0.2566918339045325,
        -0.24669183390453248,
        -0.23669183390453247,
        -0.22669183390453246,
        -0.21669183390453245,
        -0.20669183390453244,
        -0.19669183390453243,
        -0.18669183390453242,
        -0.1766918339045324,
        -0.1666918339045324,
        -0.1566918339045324,
        -0.1466918339045324,
        -0.13669183390453238,
        -0.12669183390453237,
        -0.11669183390453237,
        -0.10669183390453238,
        -0.09669183390453238,
        -0.08669183390453239,
        -0.0766918339045324,
        -0.0666918339045324,
        -0.0566918339045324,
        -0.046691833904532395,
        -0.036691833904532394,
        -0.02669183390453239,
        -0.01669183390453239,
        -0.006691833904532389,
        0.003308166095467611,
        0.013308166095467611,
        0.02330816609546761,
        0.03330816609546761,
        0.043308166095467615,
        0.05330816609546762,
        0.06330816609546762,
        0.07330816609546761,
        0.08330816609546761,
        0.0933081660954676,
        0.1033081660954676,
        0.1133081660954676,
        0.12330816609546759,
        0.13330816609546758,
        0.1433081660954676,
        0.1533081660954676,
        0.1633081660954676,
        0.17330816609546762,
        0.18330816609546763,
        0.19330816609546764,
        0.20330816609546765,
        0.21330816609546766,
        0.22330816609546766,
        0.23330816609546767,
        0.24330816609546768,
        0.2533081660954677,
        0.2633081660954677,
        0.2733081660954677,
        0.2833081660954677,
        0.2933081660954677,
        0.30330816609546773,
        0.31330816609546774,
        0.32330816609546775,
        0.33330816609546776,
        0.34330816609546777,
        0.3533081660954678,
        0.3633081660954678,
        0.3733081660954678,
        0.3833081660954678,
        0.3933081660954678,
        0.4033081660954678,
        0.41330816609546783,
        0.42330816609546784,
        0.43330816609546785,
        0.44330816609546786,
        0.45330816609546787,
        0.4633081660954679,
        0.4733081660954679,
        0.4833081660954679,
        0.4933081660954679,
        0.5033081660954679,
        0.5133081660954679,
        0.5233081660954679,
        0.5333081660954679,
        0.543308166095468,
        0.553308166095468,
        0.563308166095468,
        0.573308166095468,
        0.583308166095468,
        0.593308166095468,
        0.603308166095468,
        0.613308166095468,
        0.623308166095468,
        0.633308166095468,
        0.643308166095468,
        0.653308166095468,
        0.663308166095468,
        0.6733081660954681,
        0.6833081660954681,
        0.6933081660954681,
        0.7033081660954681,
        0.7133081660954681,
        0.7233081660954681,
        0.7333081660954681,
        0.7433081660954681,
        0.7533081660954681,
        0.7633081660954681,
        0.7733081660954682,
        0.7833081660954682,
        0.7933081660954682,
        0.8033081660954682,
        0.8133081660954682,
        0.8233081660954682,
        0.8333081660954682,
        0.8433081660954682,
        0.8533081660954682,
        0.8633081660954682,
        0.8733081660954682,
        0.8833081660954683,
        0.8933081660954683,
