{
    "label": "B450",
    "frame": "P001",
    "level": 1,
    "L": 32,
    "lat_unit": 0.0762,
    "a_inv": 2.59,
    "m_B": 0.4555984555984556,
    "m_pi": 0.16100386100386102,
    "k2mpi2": 1.5396353303032013,
    "kcot_mpi": 2.094900816789463,
    "k2mpi2s": [
        1.5181632829478375,
        1.5190285028684367,
        1.5198937227890361,
        1.5207589427096353,
        1.5216241626302345,
        1.5224893825508337,
        1.523354602471433,
        1.5242198223920322,
        1.5250850423126314,
        1.5259502622332306,
        1.52681548215383,
        1.5276807020744292,
        1.5285459219950284,
        1.5294111419156275,
        1.530276361836227,
        1.5311415817568261,
        1.5320068016774253,
        1.5328720215980247,
        1.533737241518624,
        1.534602461439223,
        1.5354676813598223,
        1.5363329012804217,
        1.5371981212010208,
        1.53806334112162,
        1.5389285610422192,
        1.5397937809628186,
        1.5406590008834178,
        1.541524220804017,
        1.5423894407246161,
        1.5432546606452155,
        1.5441198805658147,
        1.544985100486414,
        1.545850320407013,
        1.5467155403276125,
        1.5475807602482117,
        1.5484459801688109,
        1.5493112000894103,
        1.5501764200100094,
        1.5510416399306086,
        1.5519068598512078,
        1.5527720797718072,
        1.5536372996924064,
        1.5545025196130056,
        1.5553677395336047,
        1.5562329594542041,
        1.5570981793748033,
        1.5579633992954025,
        1.5588286192160017,
        1.559693839136601,
        1.5605590590572003
    ],
    "kcot_mpis": [
        1.903320885495184,
        1.910567415093141,
        1.9178510946492477,
        1.9251722430841187,
        1.9325311829877028,
        1.9399282406722667,
        1.9473637462658955,
        1.9548380337230464,
        1.9623514408988427,
        1.9699043096132924,
        1.977496985710848,
        1.9851298190885431,
        1.9928031638102468,
        2.0005173781267045,
        2.0082728245472095,
        2.0160698699192783,
        2.02390888547201,
        2.0317902469048703,
        2.0397143344336914,
        2.04768153287806,
        2.0556922317217547,
        2.0637468251884212,
        2.0718457123020317,
        2.079989296989472,
        2.088177988116398,
        2.0964121996129563,
        2.1046923505020807,
        2.113018865019285,
        2.1213921726670018,
        2.1298127083306895,
        2.138280912280516,
        2.146797230405502,
        2.155362114158778,
        2.1639760207184278,
        2.172639413064086,
        2.181352760061891,
        2.1901165365828277,
        2.198931223545178,
        2.2077973081194053,
        2.2167152837077704,
        2.225685650123154,
        2.2347089136576126,
        2.24378558721231,
        2.252916190402901,
        2.2621012496456308,
        2.2713412983094123,
        2.280636876803721,
        2.28998853270546,
        2.299396820899123,
        2.3088623035813356
    ],
    "k2mpi2_ref": [
        0.6096353303032005,
        0.6196353303032005,
        0.6296353303032005,
        0.6396353303032005,
        0.6496353303032005,
        0.6596353303032005,
        0.6696353303032005,
        0.6796353303032006,
        0.6896353303032006,
        0.6996353303032006,
        0.7096353303032006,
        0.7196353303032006,
        0.7296353303032006,
        0.7396353303032006,
        0.7496353303032006,
        0.7596353303032006,
        0.7696353303032006,
        0.7796353303032006,
        0.7896353303032007,
        0.7996353303032007,
        0.8096353303032007,
        0.8196353303032007,
        0.8296353303032007,
        0.8396353303032007,
        0.8496353303032007,
        0.8596353303032007,
        0.8696353303032007,
        0.8796353303032007,
        0.8896353303032007,
        0.8996353303032008,
        0.9096353303032008,
        0.9196353303032008,
        0.9296353303032008,
        0.9396353303032008,
        0.9496353303032008,
        0.9596353303032008,
        0.9696353303032008,
        0.9796353303032008,
        0.9896353303032008,
        0.9996353303032008,
        1.0096353303032009,
        1.0196353303032009,
        1.0296353303032009,
        1.0396353303032009,
        1.0496353303032009,
        1.059635330303201,
        1.069635330303201,
        1.079635330303201,
        1.089635330303201,
        1.099635330303201,
        1.109635330303201,
        1.119635330303201,
        1.129635330303201,
        1.139635330303201,
        1.149635330303201,
        1.159635330303201,
        1.169635330303201,
        1.179635330303201,
        1.189635330303201,
        1.199635330303201,
        1.209635330303201,
        1.219635330303201,
        1.229635330303201,
        1.239635330303201,
        1.249635330303201,
        1.259635330303201,
        1.269635330303201,
        1.279635330303201,
        1.289635330303201,
        1.299635330303201,
        1.3096353303032011,
        1.3196353303032011,
        1.3296353303032011,
        1.3396353303032011,
        1.3496353303032012,
        1.3596353303032012,
        1.3696353303032012,
        1.3796353303032012,
        1.3896353303032012,
        1.3996353303032012,
        1.4096353303032012,
        1.4196353303032012,
        1.4296353303032012,
        1.4396353303032012,
        1.4496353303032012,
        1.4596353303032013,
        1.4696353303032013,
        1.4796353303032013,
        1.4896353303032013,
        1.4996353303032013,
        1.5096353303032013,
        1.5196353303032013,
        1.5296353303032013,
        1.5396353303032013,
        1.5496353303032013,
        1.5596353303032013,
        1.5696353303032013,
        1.5796353303032014,
        1.5896353303032014,
        1.5996353303032014,
        1.6096353303032014,
        1.6196353303032014,
        1.6296353303032014,
        1.6396353303032014,
        1.6496353303032014,
        1.6596353303032014,
        1.6696353303032014,
        1.6796353303032014,
        1.6896353303032015
    ],