{
    "label": "B450",
    "frame": "P011",
    "level": 1,
    "L": 32,
    "lat_unit": 0.0762,
    "a_inv": 2.59,
    "m_B": 0.4555984555984556,
    "m_pi": 0.16100386100386102,
    "k2mpi2": 0.6021039823042434,
    "kcot_mpi": 2.0941040256570327,
    "k2mpi2s": [
        0.585447286595029,
        0.5861337922142793,
        0.5868202978335296,
        0.5875068034527798,
        0.5881933090720302,
        0.5888798146912805,
        0.5895663203105308,
        0.590252825929781,
        0.5909393315490313,
        0.5916258371682817,
        0.592312342787532,
        0.5929988484067822,
        0.5936853540260325,
        0.5943718596452828,
        0.5950583652645332,
        0.5957448708837834,
        0.5964313765030337,
        0.597117882122284,
        0.5978043877415343,
        0.5984908933607845,
        0.5991773989800349,
        0.5998639045992852,
        0.6005504102185355,
        0.6012369158377857,
        0.601923421457036,
        0.6026099270762864,
        0.6032964326955367,
        0.6039829383147869,
        0.6046694439340372,
        0.6053559495532875,
        0.6060424551725379,
        0.6067289607917881,
        0.6074154664110384,
        0.6081019720302887,
        0.608788477649539,
        0.6094749832687892,
        0.6101614888880396,
        0.6108479945072899,
        0.6115345001265402,
        0.6122210057457904,
        0.6129075113650407,
        0.6135940169842911,
        0.6142805226035414,
        0.6149670282227916,
        0.6156535338420419,
        0.6163400394612922,
        0.6170265450805426,
        0.6177130506997928,
        0.6183995563190431,
        0.6190860619382934
    ],
    "kcot_mpis": [
        1.8195259860208433,
        1.8297427497757166,
        1.840044885558286,
        1.850433516716367,
        1.8609097864362685,
        1.8714748581882552,
        1.8821299161744371,
        1.8928761657924402,
        1.9037148341158705,
        1.914647170381704,
        1.9256744464985271,
        1.9367979575286776,
        1.9480190222911202,
        1.9593389838344588,
        1.970759210029848,
        1.9822810941536,
        1.9939060554546835,
        2.005635539786998,
        2.0174710202254347,
        2.0294139977066554,
        2.0414660016999653,
        2.053628590880613,
        2.0659033538330935,
        2.078291909771678,
        2.0907959092901933,
        2.1034170351077885,
        2.1161570028732677,
        2.129017561961631,
        2.1420004963205117,
        2.15510762531108,
        2.1683408046048442,
        2.1817019270905518,
        2.195192923810698,
        2.2088157649258537,
        2.222572460718612,
        2.236465062609351,
        2.250495664221783,
        2.2646664024720393,
        2.278979458691487,
        2.293437059795311,
        2.3080414794520787,
        2.3227950393676373,
        2.337700110513149,
        2.3527591144562536,
        2.3679745247261095,
        2.383348868204777,
        2.3988847265725965,
        2.41458473781069,
        2.4304515977358903,
        2.4464880615988394
    ],
    "k2mpi2_ref": [
        -0.8078960176957575,
        -0.7978960176957575,
        -0.7878960176957575,
        -0.7778960176957574,
        -0.7678960176957574,
        -0.7578960176957574,
        -0.7478960176957574,
        -0.7378960176957574,
        -0.7278960176957574,
        -0.7178960176957574,
        -0.7078960176957574,
        -0.6978960176957574,
        -0.6878960176957574,
        -0.6778960176957574,
        -0.6678960176957573,
        -0.6578960176957573,
        -0.6478960176957573,
        -0.6378960176957573,
        -0.6278960176957573,
        -0.6178960176957573,
        -0.6078960176957573,
        -0.5978960176957573,
        -0.5878960176957573,
        -0.5778960176957573,
        -0.5678960176957573,
        -0.5578960176957573,
        -0.5478960176957572,
        -0.5378960176957572,
        -0.5278960176957572,
        -0.5178960176957572,
        -0.5078960176957572,
        -0.49789601769575725,
        -0.48789601769575724,
        -0.47789601769575724,
        -0.4678960176957572,
        -0.4578960176957572,
        -0.4478960176957572,
        -0.4378960176957572,
        -0.4278960176957572,
        -0.4178960176957572,
        -0.4078960176957572,
        -0.39789601769575716,
        -0.38789601769575716,
        -0.37789601769575715,
        -0.36789601769575714,
        -0.35789601769575713,
        -0.3478960176957571,
        -0.3378960176957571,
        -0.3278960176957571,
        -0.3178960176957571,
        -0.3078960176957571,
        -0.2978960176957571,
        -0.28789601769575707,
        -0.27789601769575706,
        -0.26789601769575705,
        -0.25789601769575704,
        -0.24789601769575703,
        -0.23789601769575702,
        -0.227896017695757,
        -0.217896017695757,
        -0.207896017695757,
        -0.197896017695757,
        -0.18789601769575698,
        -0.17789601769575697,
        -0.16789601769575696,
        -0.15789601769575695,
        -0.14789601769575694,
        -0.13789601769575693,
        -0.12789601769575693,
        -0.11789601769575693,
        -0.10789601769575694,
        -0.09789601769575694,
        -0.08789601769575695,
        -0.07789601769575695,
        -0.06789601769575696,
        -0.05789601769575696,
        -0.04789601769575696,
        -0.037896017695756956,
        -0.027896017695756954,
        -0.017896017695756952,
        -0.007896017695756952,
        0.002103982304243048,
        0.012103982304243048,
        0.02210398230424305,
        0.03210398230424305,
        0.04210398230424305,
        0.052103982304243054,
        0.062103982304243056,
        0.07210398230424306,
        0.08210398230424305,
        0.09210398230424305,
        0.10210398230424304,
        0.11210398230424304,
        0.12210398230424303,
        0.13210398230424303,
        0.14210398230424304,
        0.15210398230424305,
        0.16210398230424305,
        0.17210398230424306,
        0.18210398230424307,
        0.19210398230424308,
        0.2021039823042431,
        0.2121039823042431,
        0.2221039823042431,
        0.23210398230424312,
        0.24210398230424313,
        0.25210398230424313,
        0.26210398230424314,
        0.27210398230424315,
        0.28210398230424316,
        0.29210398230424317,
        0.3021039823042432,
        0.3121039823042432,
        0.3221039823042432,
        0.3321039823042432,
        0.3421039823042432,
        0.3521039823042432,
        0.36210398230424323,
        0.37210398230424324,
        0.38210398230424325,
        0.39210398230424326,
        0.40210398230424327,
        0.4121039823042433,
        0.4221039823042433,
        0.4321039823042433,
        0.4421039823042433,
        0.4521039823042433,
        0.4621039823042433,
        0.47210398230424333,
        0.48210398230424334,
        0.49210398230424335,
        0.5021039823042434,
        0.5121039823042434,
        0.5221039823042434,
        0.5321039823042434,
        0.5421039823042434,
        0.5521039823042434,
        0.5621039823042434,
        0.5721039823042434,
        0.5821039823042434,
        0.5921039823042434,
        0.6021039823042434,
        0.6121039823042435,
        0.6221039823042435,
        0.6321039823042435,
        0.6421039823042435,
        0.6521039823042435,
        0.6621039823042435,
        0.6671039823042435,
        0.6721039823042435,
        0.6771039823042435
    ],