{
    "label": "B450",
    "frame": "P000",
    "level": 1,
    "L": 32,
    "lat_unit": 0.0762,
    "a_inv": 2.59,
    "m_B": 0.4555984555984556,
    "m_pi": 0.16100386100386102,
    "k2mpi2": 1.1521587070630086,
    "kcot_mpi": 1.279482804724992,
    "k2mpi2s": [
        1.1335948199071464,
        1.1343831222611838,
        1.135171424615221,
        1.1359597269692583,
        1.1367480293232954,
        1.1375363316773328,
        1.13832463403137,
        1.1391129363854073,
        1.1399012387394445,
        1.1406895410934819,
        1.141477843447519,
        1.1422661458015564,
        1.1430544481555935,
        1.143842750509631,
        1.144631052863668,
        1.1454193552177054,
        1.1462076575717426,
        1.14699595992578,
        1.1477842622798173,
        1.1485725646338545,
        1.1493608669878919,
        1.150149169341929,
        1.1509374716959664,
        1.1517257740500035,
        1.152514076404041,
        1.153302378758078,
        1.1540906811121154,
        1.1548789834661526,
        1.15566728582019,
        1.1564555881742271,
        1.1572438905282645,
        1.1580321928823016,
        1.158820495236339,
        1.1596087975903764,
        1.1603970999444135,
        1.161185402298451,
        1.161973704652488,
        1.1627620070065254,
        1.1635503093605626,
        1.1643386117146,
        1.165126914068637,
        1.1659152164226745,
        1.1667035187767116,
        1.167491821130749,
        1.1682801234847862,
        1.1690684258388235,
        1.1698567281928607,
        1.170645030546898,
        1.1714333329009352,
        1.1722216352549726
    ],
    "kcot_mpis": [
        1.178473859816402,
        1.1825761363389835,
        1.186694204692707,
        1.190828170314324,
        1.1949781395622525,
        1.1991442197872901,
        1.203326519307636,
        1.2075251474038768,
        1.2117402143782376,
        1.2159718314836445,
        1.2202201110068027,
        1.2244851662639638,
        1.2287671116010441,
        1.2330660623957426,
        1.2373821351048326,
        1.2417154472316267,
        1.246066117390096,
        1.2504342652599691,
        1.254820011656834,
        1.2592234784727308,
        1.2636447887784388,
        1.2680840667791662,
        1.2725414378314372,
        1.2770170284674178,
        1.2815109664116249,
        1.2860233805841614,
        1.290554401125594,
        1.295104159366833,
        1.2996727880397339,
        1.3042604208959871,
        1.3088671931292446,
        1.3134932411705615,
        1.3181387027785108,
        1.3228037170037767,
        1.3274884242395286,
        1.3321929662813272,
        1.336917487050796,
        1.3416621285614192,
        1.3464270392418414,
        1.3512123655832007,
        1.3560182563618912,
        1.3608448618068572,
        1.365692333620989,
        1.3705608249849002,
        1.3754504905428162,
        1.380361486730771,
        1.3852939711160792,
        1.3902481031146583,
        1.3952240436611762,
        1.4002219552798163
    ],
    "k2mpi2_ref": [
        0.18215870706300774,
        0.19215870706300775,
        0.20215870706300776,
        0.21215870706300777,
        0.22215870706300778,
        0.23215870706300779,
        0.2421587070630078,
        0.2521587070630078,
        0.2621587070630078,
        0.2721587070630078,
        0.28215870706300783,
        0.29215870706300784,
        0.30215870706300785,
        0.31215870706300786,
        0.32215870706300787,
        0.3321587070630079,
        0.3421587070630079,
        0.3521587070630079,
        0.3621587070630079,
        0.3721587070630079,
        0.3821587070630079,
        0.3921587070630079,
        0.40215870706300794,
        0.41215870706300795,
        0.42215870706300795,
        0.43215870706300796,
        0.44215870706300797,
        0.452158707063008,
        0.462158707063008,
        0.472158707063008,
        0.482158707063008,
        0.492158707063008,
        0.502158707063008,
        0.512158707063008,
        0.522158707063008,
        0.532158707063008,
        0.5421587070630081,
        0.5521587070630081,
        0.5621587070630081,
        0.5721587070630081,
        0.5821587070630081,
        0.5921587070630081,
        0.6021587070630081,
        0.6121587070630081,
        0.6221587070630081,
        0.6321587070630081,
        0.6421587070630081,
        0.6521587070630082,
        0.6621587070630082,
        0.6721587070630082,
        0.6821587070630082,
        0.6921587070630082,
        0.7021587070630082,
        0.7121587070630082,
        0.7221587070630082,
        0.7321587070630082,
        0.7421587070630082,
        0.7521587070630082,
        0.7621587070630083,
        0.7721587070630083,
        0.7821587070630083,
        0.7921587070630083,
        0.8021587070630083,
        0.8121587070630083,
        0.8221587070630083,
        0.8321587070630083,
        0.8421587070630083,
        0.8521587070630083,
        0.8621587070630083,
        0.8721587070630084,
        0.8821587070630084,
        0.8921587070630084,
        0.9021587070630084,
        0.9121587070630084,
        0.9221587070630084,
        0.9321587070630084,
        0.9421587070630084,
        0.9521587070630084,
        0.9621587070630084,
        0.9721587070630084,
        0.9821587070630085,
        0.9921587070630085,
        1.0021587070630085,
        1.0121587070630085,
        1.0221587070630085,
        1.0321587070630085,
        1.0421587070630085,
        1.0521587070630085,
        1.0621587070630085,
        1.0721587070630085,
        1.0821587070630085,
        1.0921587070630085,
        1.1021587070630086,
        1.1121587070630086,
        1.1221587070630086,
        1.1321587070630086,
        1.1421587070630086,
        1.1521587070630086,
        1.1621587070630086,
        1.1721587070630086,
        1.1821587070630086,
        1.1921587070630086,
        1.2021587070630086,
        1.2121587070630087,
        1.2221587070630087,
        1.2321587070630087,
        1.2421587070630087,
        1.2521587070630087,
        1.2621587070630087,
        1.2721587070630087,
        1.2821587070630087,
        1.2921587070630087,
        1.3021587070630087,
        1.3121587070630087,
        1.3221587070630088,
        1.3321587070630088,
        1.3421587070630088,
        1.3521587070630088,
        1.3621587070630088,
        1.3721587070630088,
        1.3821587070630088,
        1.3871587070630087,
        1.3921587070630086,
        1.3971587070630085,
        1.4021587070630084,
        1.4071587070630083,
        1.4121587070630082,
        1.4146587070630081,
        1.417158707063008,
        1.419658707063008,
        1.422158707063008,
        1.424658707063008,
        1.4271587070630078,
        1.4296587070630078,
        1.4321587070630077,
        1.4346587070630077,
        1.4359087070630077,
        1.4371587070630076,
        1.4384087070630076,
        1.4396587070630076,
        1.4409087070630076,
        1.4421587070630075,
        1.4434087070630075,
        1.4446587070630075,
        1.4459087070630074,
        1.4471587070630074,
        1.4484087070630074,
        1.4496587070630074,
        1.4502837070630075,
        1.4509087070630076,
        1.4515337070630077,
        1.4521587070630078,
        1.4527837070630079,
        1.453408707063008
    ],