{
    "label": "E1",
    "frame": "P111",
    "level": 1,
    "L": 32,
    "lat_unit": 0.0658,
    "a_inv": 2.999,
    "m_B": 0.6768922974324774,
    "m_pi": 0.326108702900967,
    "k2mpi2": 0.21764400964414843,
    "kcot_mpi": 1.4604401401972507,
    "k2mpi2s": [
        0.2019845649481092,
        0.20262873917062307,
        0.20327291339313697,
        0.20391708761565083,
        0.20456126183816473,
        0.2052054360606786,
        0.20584961028319249,
        0.20649378450570635,
        0.20713795872822025,
        0.2077821329507341,
        0.208426307173248,
        0.20907048139576187,
        0.20971465561827576,
        0.21035882984078963,
        0.21100300406330352,
        0.2116471782858174,
        0.21229135250833125,
        0.21293552673084515,
        0.21357970095335901,
        0.2142238751758729,
        0.21486804939838677,
        0.21551222362090067,
        0.21615639784341453,
        0.21680057206592843,
        0.2174447462884423,
        0.21808892051095619,
        0.21873309473347005,
        0.21937726895598395,
        0.2200214431784978,
        0.2206656174010117,
        0.22130979162352557,
        0.22195396584603944,
        0.22259814006855333,
        0.22324231429106722,
        0.2238864885135811,
        0.22453066273609495,
        0.22517483695860885,
        0.22581901118112271,
        0.2264631854036366,
        0.22710735962615047,
        0.22775153384866437,
        0.22839570807117823,
        0.22903988229369213,
        0.229684056516206,
        0.23032823073871989,
        0.23097240496123375,
        0.23161657918374762,
        0.2322607534062615,
        0.2329049276287754,
        0.23354910185128927
    ],
    "kcot_mpis": [
        1.0215035895138596,
        1.0354842475453354,
        1.0497356339820558,
        1.0642660507858532,
        1.0790841435243876,
        1.0941989193383348,
        1.1096197660499505,
        1.1253564724885754,
        1.1414192501368292,
        1.1578187561933897,
        1.1745661181637532,
        1.191672960091456,
        1.2091514305784536,
        1.2270142327014353,
        1.2452746560301244,
        1.2639466108592285,
        1.2830446648818978,
        1.30258408252084,
        1.322580867029928,
        1.3430518058049297,
        1.3640145189809663,
        1.3854875117271526,
        1.407490230521772,
        1.4300431237856488,
        1.4531677072463802,
        1.476886634506215,
        1.5012237732771934,
        1.526204287821815,
        1.5518547282125823,
        1.5782031270652679,
        1.6052791044868797,
        1.6331139820728646,
        1.6617409068647502,
        1.6911949863080122,
        1.7215134353682353,
        1.7527357370585346,
        1.7849038179688625,
        1.8180622402096283,
        1.8522584118504573,
        1.8875428178010274,
        1.9239692735481126,
        1.961595204423509,
        2.000481953452172,
        2.0406951212493563,
        2.0823049419337694,
        2.125386699569488,
        2.1700211903768074,
        2.2162952366171775,
        2.2643022590855253,
        2.3141429161329916
    ],
    "k2mpi2_ref": [
        -0.20235599035585167,
        -0.19235599035585166,
        -0.18235599035585165,
        -0.17235599035585164,
        -0.16235599035585163,
        -0.15235599035585162,
        -0.1423559903558516,
        -0.1323559903558516,
        -0.12235599035585161,
        -0.11235599035585161,
        -0.10235599035585162,
        -0.09235599035585162,
        -0.08235599035585163,
        -0.07235599035585163,
        -0.06235599035585164,
        -0.05235599035585164,
        -0.042355990355851636,
        -0.032355990355851634,
        -0.022355990355851632,
        -0.012355990355851632,
        -0.0023559903558516317,
        0.0076440096441483685,
        0.01764400964414837,
        0.02764400964414837,
        0.03764400964414837,
        0.047644009644148375,
        0.057644009644148377,
        0.06764400964414838,
        0.07764400964414837,
        0.08764400964414837,
        0.09764400964414836,
        0.10764400964414836,
        0.11764400964414835,
        0.12764400964414835,
        0.13764400964414836,
        0.14764400964414837,
        0.15764400964414838,
        0.16764400964414838,
        0.1776440096441484,
        0.1876440096441484,
        0.1976440096441484,
        0.20764400964414842,
        0.21764400964414843,
        0.22764400964414844,
        0.23264400964414844,
        0.23764400964414845,
        0.24014400964414845,
        0.24264400964414845,
        0.24514400964414845,
        0.24639400964414845,
        0.24764400964414846,
        0.24889400964414846,
        0.25014400964414846,
        0.25139400964414843,
        0.2526440096441484
    ],
    "kcot_mpi_ref": [
        -0.4539330436560867,
        -0.4431492171826311,
        -0.4321353431455709,
        -0.42087821341062703,
        -0.40936345432234517,
        -0.39757539023290206,
        -0.3854968871749439,
        -0.3731091731725611,
        -0.36039163101061317,
        -0.3473215583737055,
        -0.3338738891921448,
        -0.32002086863475315,
        -0.3057316724840172,
        -0.290971959406414,
        -0.2757033418886146,
        -0.2598827580019874,
        -0.24346172156908366,
        -0.22638542230007858,
        -0.20859163960524,
        -0.1900094233928978,
        -0.17055748128231307,
        -0.15014219297325737,
        -0.12865514706002784,
        -0.10597006057017833,
        -0.08193889271603415,
        -0.05638689555747815,
        -0.029106245862746745,
        0.00015224042438150305,
        0.03169002055835615,
        0.06587539041805303,
        0.1031632145111668,
        0.1441220917847664,
        0.18947244659266171,
        0.24014104001589215,
        0.29734080029200294,
        0.3626908451747801,
        0.4384024684812807,
        0.5275776546261375,
        0.6347084630096942,
        0.7665548988388866,
        0.933784330532014,
        1.15427347730375,
        1.4604401401972507,
        1.9178072488461182,
        2.244642284884238,
        2.681759188058742,
        2.9610539552875537,
        3.2975922019957546,
        3.711187924366597,
        3.95572819994022,
        4.231994215623813,
        4.5466266749239805,
        4.908258800570416,
        5.3283242490759966,
        5.822292823496375
    ],
    "xlim": [
        -0.2,
        0.5
    ],
    "ylim": [
        -0.5,
        5.5
    ]
}