{
    "label": "E1",
    "frame": "P000",
    "level": 1,
    "L": 32,
    "lat_unit": 0.0658,
    "a_inv": 2.999,
    "m_B": 0.6768922974324774,
    "m_pi": 0.326108702900967,
    "k2mpi2": 0.22616271611893463,
    "kcot_mpi": 0.22151134730259495,
    "k2mpi2s": [
        0.20200219596349295,
        0.20300204335309996,
        0.20400189074270697,
        0.20500173813231398,
        0.206001585521921,
        0.207001432911528,
        0.20800128030113502,
        0.20900112769074203,
        0.21000097508034904,
        0.21100082246995605,
        0.21200066985956306,
        0.21300051724917007,
        0.21400036463877709,
        0.2150002120283841,
        0.21600005941799108,
        0.2169999068075981,
        0.2179997541972051,
        0.21899960158681211,
        0.21999944897641913,
        0.22099929636602614,
        0.22199914375563315,
        0.22299899114524016,
        0.22399883853484717,
        0.22499868592445418,
        0.2259985333140612,
        0.2269983807036682,
        0.22799822809327522,
        0.22899807548288223,
        0.22999792287248924,
        0.23099777026209625,
        0.23199761765170326,
        0.23299746504131028,
        0.2339973124309173,
        0.2349971598205243,
        0.2359970072101313,
        0.23699685459973832,
        0.2379967019893453,
        0.23899654937895232,
        0.23999639676855933,
        0.24099624415816634,
        0.24199609154777335,
        0.24299593893738036,
        0.24399578632698737,
        0.24499563371659439,
        0.2459954811062014,
        0.2469953284958084,
        0.24799517588541542,
        0.24899502327502243,
        0.24999487066462944,
        0.25099471805423645
    ],
    "kcot_mpis": [
        0.11213915344261935,
        0.11622294516228698,
        0.12033927108781742,
        0.1244888044186475,
        0.12867223357713795,
        0.13289026276136398,
        0.137143612493108,
        0.14143302017273235,
        0.14575924068545326,
        0.15012304700509743,
        0.15452523083735228,
        0.15896660326961165,
        0.16344799547502478,
        0.1679702594095135,
        0.17253426856131346,
        0.17714091871983406,
        0.18179112878200332,
        0.18648584157763273,
        0.19122602475086853,
        0.19601267165383526,
        0.20084680229692503,
        0.2057294643301053,
        0.21066173406037592,
        0.2156447175297587,
        0.2206795516215788,
        0.22576740522701744,
        0.23090948045747506,
        0.23610701391383787,
        0.24136127800472854,
        0.2466735823368267,
        0.25204527516610326,
        0.2574777448896473,
        0.2629724216937666,
        0.26853077899799044,
        0.27415433558577357,
        0.2798446570359361,
        0.28560335780988566,
        0.29143210321876223,
        0.2973326115115155,
        0.30330665606949664,
        0.30935606771516794,
        0.31548273712881314,
        0.32168861738407933,
        0.32797572662573987,
        0.33434615087585545,
        0.3408020469817864,
        0.34734564573108007,
        0.3539792551070662,
        0.36070526375280876,
        0.36752614457910215
    ],
    "k2mpi2_ref": [
        0.03616271611893456,
        0.04616271611893456,
        0.056162716118934565,
        0.06616271611893457,
        0.07616271611893456,
        0.08616271611893456,
        0.09616271611893455,
        0.10616271611893455,
        0.11616271611893454,
        0.12616271611893454,
        0.13616271611893455,
        0.14616271611893455,
        0.15616271611893456,
        0.16616271611893457,
        0.17616271611893458,
        0.1861627161189346,
        0.1961627161189346,
        0.2061627161189346,
        0.21616271611893462,
        0.22616271611893463,
        0.23616271611893463,
        0.24616271611893464,
        0.25616271611893465,
        0.26616271611893466,
        0.27616271611893467,
        0.2861627161189347,
        0.2961627161189347,
        0.3061627161189347,
        0.3161627161189347,
        0.3261627161189347,
        0.3311627161189347,
        0.3361627161189347,
        0.3386627161189347,
        0.34116271611893473,
        0.34366271611893473,
        0.3449127161189347,
        0.3461627161189347,
        0.34741271611893465,
        0.3486627161189346,
        0.3499127161189346,
        0.3505377161189346,
        0.35116271611893457
    ],
    "kcot_mpi_ref": [
        -0.524586039279324,
        -0.442565895622939,
        -0.383584419591013,
        -0.3368986824466932,
        -0.2973768599545463,
        -0.26223743373761504,
        -0.2298220177245293,
        -0.199060681240018,
        -0.16921219382076344,
        -0.13972631659693138,
        -0.11016497385975109,
        -0.08015356613344499,
        -0.04934821300216555,
        -0.017411288389375914,
        0.016009295351672562,
        0.05130018096981052,
        0.08890467164398877,
        0.1293496335362109,
        0.17328075727760286,
        0.22151134730259495,
        0.2750927580426658,
        0.3354199555723232,
        0.40439566323071185,
        0.48469590943835744,
        0.5802193729633834,
        0.6968891750938291,
        0.8441790267368003,
        1.038263495523006,
        1.3092447766149358,
        1.7203041184005377,
        2.020131019821683,
        2.4304445344040166,
        2.6987189658544968,
        3.028758565183554,
        3.4451139895097507,
        3.697144232859376,
        3.9873421768671395,
        4.3251784710391075,
        4.723540319767671,
        5.200424882649592,
        5.47599033998544,
        5.781750695135453
    ],
    "xlim": [
        -0.2,
        0.5
    ],
    "ylim": [
        -0.5,
        5.5
    ]
}