{
    "label": "E1",
    "frame": "P111",
    "level": 0,
    "L": 32,
    "lat_unit": 0.0658,
    "a_inv": 2.999,
    "m_B": 0.6768922974324774,
    "m_pi": 0.326108702900967,
    "k2mpi2": 0.021999631253321744,
    "kcot_mpi": -0.11892980735520768,
    "k2mpi2s": [
        -0.007646487978273865,
        -0.006369779316390611,
        -0.005093070654507356,
        -0.0038163619926241017,
        -0.0025396533307408473,
        -0.0012629446688575928,
        1.376399302566167e-05,
        0.0012904726549089161,
        0.0025671813167921706,
        0.003843889978675425,
        0.0051205986405586795,
        0.006397307302441934,
        0.0076740159643251885,
        0.008950724626208443,
        0.010227433288091697,
        0.011504141949974952,
        0.012780850611858206,
        0.01405755927374146,
        0.015334267935624715,
        0.01661097659750797,
        0.017887685259391224,
        0.01916439392127448,
        0.020441102583157733,
        0.021717811245040988,
        0.022994519906924242,
        0.0242712285688075,
        0.02554793723069075,
        0.026824645892574002,
        0.02810135455445726,
        0.029378063216340518,
        0.03065477187822377,
        0.03193148054010702,
        0.03320818920199028,
        0.034484897863873536,
        0.03576160652575679,
        0.03703831518764004,
        0.038315023849523296,
        0.039591732511406554,
        0.040868441173289805,
        0.042145149835173056,
        0.04342185849705631,
        0.04469856715893957,
        0.04597527582082282,
        0.04725198448270607,
        0.04852869314458933,
        0.04980540180647259,
        0.05108211046835584,
        0.05235881913023909,
        0.05363552779212235,
        0.0549122364540056
    ],
    "kcot_mpis": [
        -0.18096228031487968,
        -0.17847525722179639,
        -0.1759731890038403,
        -0.1734558768610149,
        -0.17092311828257417,
        -0.16837470695791526,
        -0.16581043268669887,
        -0.1632300812847984,
        -0.1606334344903098,
        -0.15802026986216622,
        -0.1553903606813106,
        -0.15274347584302211,
        -0.1500793797536724,
        -0.14739783221568767,
        -0.14469858831527072,
        -0.14198139830508974,
        -0.13924600748376836,
        -0.13649215606836246,
        -0.13371957906919724,
        -0.13092800615520728,
        -0.12811716151786057,
        -0.12528676373113415,
        -0.12243652560546926,
        -0.11956615403818843,
        -0.11667534985968812,
        -0.1137638076746349,
        -0.11083121569527597,
        -0.10787725557495995,
        -0.10490160223092501,
        -0.10190392366401646,
        -0.09888388077426769,
        -0.09584112716501887,
        -0.0927753089468308,
        -0.0896860645306523,
        -0.08657302441540944,
        -0.08343581097035321,
        -0.08027403820626519,
        -0.07708731154284289,
        -0.07387522756512706,
        -0.07063737377452593,
        -0.06737332832934478,
        -0.06408265977376562,
        -0.06076492676718665,
        -0.05741967778985444,
        -0.05404645085098778,
        -0.05064477317896174,
        -0.047214160903931386,
        -0.043754118726929615,
        -0.04026413957964756,
        -0.036743704269138665
    ],
    "k2mpi2_ref": [
        -0.20800036874667832,
        -0.1980003687466783,
        -0.1880003687466783,
        -0.1780003687466783,
        -0.16800036874667829,
        -0.15800036874667828,
        -0.14800036874667827,
        -0.13800036874667826,
        -0.12800036874667825,
        -0.11800036874667824,
        -0.10800036874667825,
        -0.09800036874667825,
        -0.08800036874667826,
        -0.07800036874667826,
        -0.06800036874667827,
        -0.058000368746678264,
        -0.04800036874667826,
        -0.03800036874667826,
        -0.02800036874667826,
        -0.018000368746678257,
        -0.008000368746678256,
        0.0019996312533217438,
        0.011999631253321744,
        0.021999631253321744,
        0.031999631253321746,
        0.04199963125332175,
        0.05199963125332175,
        0.06199963125332175,
        0.07199963125332175,
        0.08199963125332174,
        0.09199963125332174,
        0.10199963125332173,
        0.11199963125332173,
        0.12199963125332172,
        0.13199963125332173,
        0.14199963125332174,
        0.15199963125332175,
        0.16199963125332176,
        0.17199963125332177,
        0.18199963125332178,
        0.19199963125332178,
        0.2019996312533218,
        0.2119996312533218,
        0.2219996312533218,
        0.22699963125332182,
        0.23199963125332182,
        0.23699963125332182,
        0.23949963125332183,
        0.24199963125332183,
        0.24449963125332183,
        0.24699963125332183,
        0.24824963125332183,
        0.24949963125332184,
        0.25074963125332184,
        0.2519996312533218
    ],
    "kcot_mpi_ref": [
        -0.45992290407975384,
        -0.44926349285765643,
        -0.43838102034383936,
        -0.4272628825537135,
        -0.4158953793248936,
        -0.40426358777185173,
        -0.39235121756092645,
        -0.38014044487354537,
        -0.3676117212821402,
        -0.35474355299118593,
        -0.3415122449115476,
        -0.3278916028387663,
        -0.31385258547670497,
        -0.2993628961414537,
        -0.2843865015494237,
        -0.2688830619904979,
        -0.25280725320425007,
        -0.23610795510641763,
        -0.21872727577490653,
        -0.20059937023403157,
        -0.18164900179318866,
        -0.1617897779203914,
        -0.1409219712799951,
        -0.11892980735520768,
        -0.09567805968535405,
        -0.07100773717695628,
        -0.04473056768883287,
        -0.01662186653378067,
        0.01358879035063421,
        0.04622992001441871,
        0.0817047248117259,
        0.12051372364453057,
        0.16328615260828147,
        0.21082437399710938,
        0.2641680481219331,
        0.32468915188544906,
        0.3942366514529907,
        0.4753639919280349,
        0.5717005499903308,
        0.6885858745363448,
        0.8342126115723348,
        1.0218275456224235,
        1.274342157233998,
        1.6351168550301165,
        1.8815640119661041,
        2.1973341805127578,
        2.617292696740857,
        2.8842199552903796,
        3.204412008984392,
        3.595772921220724,
        4.085245315075128,
        4.379162563424433,
        4.71533793949483,
        5.103639048359752,
        5.5572652417957045
    ],
    "xlim": [
        -0.2,
        0.5
    ],
    "ylim": [
        -0.5,
        5.5
    ]
}