{
    "label": "E1",
    "frame": "P011",
    "level": 1,
    "L": 32,
    "lat_unit": 0.0658,
    "a_inv": 2.999,
    "m_B": 0.6768922974324774,
    "m_pi": 0.326108702900967,
    "k2mpi2": 0.16269399175180754,
    "kcot_mpi": 2.1552158183140624,
    "k2mpi2s": [
        0.15241167872322892,
        0.15281606174843076,
        0.15322044477363264,
        0.1536248277988345,
        0.15402921082403637,
        0.15443359384923822,
        0.1548379768744401,
        0.15524235989964194,
        0.15564674292484382,
        0.15605112595004567,
        0.15645550897524754,
        0.1568598920004494,
        0.15726427502565127,
        0.15766865805085312,
        0.158073041076055,
        0.15847742410125684,
        0.15888180712645872,
        0.15928619015166057,
        0.15969057317686242,
        0.1600949562020643,
        0.16049933922726614,
        0.16090372225246802,
        0.16130810527766987,
        0.16171248830287174,
        0.1621168713280736,
        0.16252125435327547,
        0.16292563737847732,
        0.1633300204036792,
        0.16373440342888104,
        0.16413878645408292,
        0.16454316947928477,
        0.16494755250448662,
        0.1653519355296885,
        0.16575631855489037,
        0.16616070158009222,
        0.16656508460529407,
        0.16696946763049594,
        0.1673738506556978,
        0.16777823368089967,
        0.16818261670610152,
        0.1685869997313034,
        0.16899138275650524,
        0.16939576578170712,
        0.16980014880690897,
        0.17020453183211084,
        0.1706089148573127,
        0.17101329788251457,
        0.17141768090771642,
        0.17182206393291827,
        0.17222644695812014
    ],
    "kcot_mpis": [
        1.3075343568270952,
        1.329495046415188,
        1.3520727505486945,
        1.3752945260572818,
        1.399189036792445,
        1.4237866747394892,
        1.449119692257119,
        1.4752223466445877,
        1.5021310584028111,
        1.5298845847288818,
        1.5585242099798287,
        1.5880939550717195,
        1.618640808056874,
        1.6502149784081608,
        1.682870177912857,
        1.7166639314807424,
        1.751657921643848,
        1.7879183711026696,
        1.8255164682848963,
        1.8645288417090473,
        1.905038089761168,
        1.9471333736289207,
        1.990911082320578,
        2.0364755802475734,
        2.0839400495219906,
        2.133427441331495,
        2.185071553197141,
        2.239018251993123,
        2.295426866300758,
        2.354471775991584,
        2.4163442326062246,
        2.4812544503831417,
        2.549434016258415,
        2.621138676931464,
        2.696651573790597,
        2.776287011898648,
        2.860394868833757,
        2.949365773812409,
        3.0436372187997773,
        3.1437008033336507,
        3.250110866261507,
        3.3634948243485345,
        3.484565624965278,
        3.6141368349827583,
        3.7531410407937758,
        3.9026524393179227,
        4.063914777636735,
        4.2383761793453445,
        4.427732922803525,
        4.633984976084409
    ],
    "k2mpi2_ref": [
        -0.2023060082481927,
        -0.1998060082481927,
        -0.1973060082481927,
        -0.1948060082481927,
        -0.1923060082481927,
        -0.1898060082481927,
        -0.18730600824819268,
        -0.18480600824819268,
        -0.18230600824819268,
        -0.17980600824819268,
        -0.17730600824819268,
        -0.17480600824819267,
        -0.17230600824819267,
        -0.16980600824819267,
        -0.16730600824819267,
        -0.16480600824819266,
        -0.16230600824819266,
        -0.15980600824819266,
        -0.15730600824819266,
        -0.15480600824819266,
        -0.15230600824819265,
        -0.14980600824819265,
        -0.14730600824819265,
        -0.14480600824819265,
        -0.14230600824819264,
        -0.13980600824819264,
        -0.13730600824819264,
        -0.13480600824819264,
        -0.13230600824819264,
        -0.12980600824819263,
        -0.12730600824819263,
        -0.12480600824819264,
        -0.12230600824819264,
        -0.11980600824819264,
        -0.11730600824819264,
        -0.11480600824819263,
        -0.11230600824819263,
        -0.10980600824819263,
        -0.10730600824819263,
        -0.10480600824819263,
        -0.10230600824819262,
        -0.09980600824819262,
        -0.09730600824819262,
        -0.09480600824819262,
        -0.09230600824819261,
        -0.08980600824819261,
        -0.08730600824819261,
        -0.08480600824819261,
        -0.0823060082481926,
        -0.0798060082481926,
        -0.0773060082481926,
        -0.0748060082481926,
        -0.0723060082481926,
        -0.0698060082481926,
        -0.06730600824819259,
        -0.06480600824819259,
        -0.06230600824819259,
        -0.059806008248192585,
        -0.05730600824819258,
        -0.05480600824819258,
        -0.05230600824819258,
        -0.049806008248192576,
        -0.047306008248192574,
        -0.04480600824819257,
        -0.04230600824819257,
        -0.03980600824819257,
        -0.037306008248192565,
        -0.03480600824819256,
        -0.03230600824819256,
        -0.029806008248192562,
        -0.027306008248192563,
        -0.024806008248192565,
        -0.022306008248192566,
        -0.019806008248192567,
        -0.01730600824819257,
        -0.01480600824819257,
        -0.01230600824819257,
        -0.009806008248192569,
        -0.007306008248192568,
        -0.004806008248192568,
        -0.0023060082481925676,
        0.0001939917518074324,
        0.0026939917518074325,
        0.0051939917518074325,
        0.007693991751807433,
        0.010193991751807433,
        0.012693991751807434,
        0.015193991751807434,
        0.017693991751807435,
        0.020193991751807434,
        0.022693991751807432,
        0.02519399175180743,
        0.02769399175180743,
        0.03019399175180743,
        0.03269399175180743,
        0.03519399175180743,
        0.03769399175180743,
        0.040193991751807434,
        0.042693991751807436,
        0.04519399175180744,
        0.04769399175180744,
        0.05019399175180744,
        0.052693991751807445,
        0.05519399175180745,
        0.05769399175180745,
        0.06019399175180745,
        0.06269399175180745,
        0.06519399175180746,
        0.06769399175180746,
        0.07019399175180746,
        0.07269399175180746,
        0.07519399175180747,
        0.07769399175180747,
        0.08019399175180747,
        0.08269399175180747,
        0.08519399175180747,
        0.08769399175180748,
        0.09019399175180748,
        0.09269399175180748,
        0.09519399175180748,
        0.09769399175180749,
        0.10019399175180749,
        0.10269399175180749,
        0.10519399175180749,
        0.1076939917518075,
        0.1101939917518075,
        0.1126939917518075,
        0.1151939917518075,
        0.1176939917518075,
        0.1201939917518075,
        0.12269399175180751,
        0.1251939917518075,
        0.1276939917518075,
        0.13019399175180751,
        0.13269399175180752,
        0.13519399175180752,
        0.13769399175180752,
        0.14019399175180752,
        0.14269399175180753,
        0.14519399175180753,
        0.14769399175180753,
        0.15019399175180753,
        0.15269399175180753,
        0.15519399175180754,
        0.15769399175180754,
        0.16019399175180754,
        0.16269399175180754,
        0.16519399175180755,
        0.16644399175180755,
        0.16769399175180755,
        0.16894399175180755,
        0.17019399175180755,
        0.17081899175180754,
        0.17144399175180752,
        0.1720689917518075,
        0.1726939917518075,
        0.17331899175180748,
        0.17394399175180747
    ],