{
    "label": "E1",
    "frame": "P000",
    "level": 0,
    "L": 32,
    "lat_unit": 0.0658,
    "a_inv": 2.999,
    "m_B": 0.6768922974324774,
    "m_pi": 0.326108702900967,
    "k2mpi2": -0.10226104545946142,
    "kcot_mpi": -0.28939029031096425,
    "k2mpi2s": [
        -0.11073106494333819,
        -0.11037136614997643,
        -0.11001166735661466,
        -0.1096519685632529,
        -0.10929226976989115,
        -0.10893257097652939,
        -0.10857287218316762,
        -0.10821317338980586,
        -0.10785347459644411,
        -0.10749377580308234,
        -0.10713407700972058,
        -0.10677437821635882,
        -0.10641467942299707,
        -0.1060549806296353,
        -0.10569528183627354,
        -0.10533558304291178,
        -0.10497588424955001,
        -0.10461618545618825,
        -0.1042564866628265,
        -0.10389678786946474,
        -0.10353708907610297,
        -0.10317739028274121,
        -0.10281769148937946,
        -0.10245799269601769,
        -0.10209829390265593,
        -0.10173859510929417,
        -0.10137889631593242,
        -0.10101919752257064,
        -0.10065949872920889,
        -0.10029979993584713,
        -0.09994010114248536,
        -0.0995804023491236,
        -0.09922070355576185,
        -0.09886100476240009,
        -0.09850130596903832,
        -0.09814160717567656,
        -0.0977819083823148,
        -0.09742220958895303,
        -0.09706251079559128,
        -0.09670281200222952,
        -0.09634311320886776,
        -0.095983414415506,
        -0.09562371562214424,
        -0.09526401682878248,
        -0.09490431803542071,
        -0.09454461924205895,
        -0.0941849204486972,
        -0.09382522165533544,
        -0.09346552286197367,
        -0.09310582406861191
    ],
    "kcot_mpis": [
        -0.30686517439425337,
        -0.3061519143174397,
        -0.30543625986856915,
        -0.3047181896307606,
        -0.30399768190980997,
        -0.3032747147301869,
        -0.3025492658297863,
        -0.30182131265594464,
        -0.30109083235929623,
        -0.30035780179226973,
        -0.29962219749816377,
        -0.29888399571150526,
        -0.29814317235023835,
        -0.2973997030108251,
        -0.29665356296276707,
        -0.2959047271431018,
        -0.2951531701508659,
        -0.2943988662408057,
        -0.29364178931804935,
        -0.29288191293195076,
        -0.2921192102696859,
        -0.2913536541494769,
        -0.2905852170157929,
        -0.28981387093154665,
        -0.28903958757018977,
        -0.288262338212405,
        -0.2874820937359158,
        -0.28669882460934626,
        -0.28591250088557163,
        -0.2851230921928505,
        -0.2843305677291211,
        -0.28353489625250183,
        -0.2827360460744235,
        -0.2819339850510892,
        -0.2811286805750104,
        -0.28032009956710635,
        -0.279508208467501,
        -0.27869297322711795,
        -0.27787435929800586,
        -0.27705233162481296,
        -0.27622685463491625,
        -0.27539789222876554,
        -0.2745654077705382,
        -0.2737293640765241,
        -0.2728897234068629,
        -0.2720464474534319,
        -0.2711994973294405,
        -0.27034883355751815,
        -0.269494416064333,
        -0.2686362041561681
    ],
    "k2mpi2_ref": [
        -0.20226104545946147,
        -0.19226104545946146,
        -0.18226104545946145,
        -0.17226104545946144,
        -0.16226104545946143,
        -0.15226104545946142,
        -0.14226104545946142,
        -0.1322610454594614,
        -0.12226104545946141,
        -0.11226104545946142,
        -0.10226104545946142,
        -0.09226104545946143,
        -0.08226104545946143,
        -0.07226104545946144,
        -0.062261045459461435,
        -0.05226104545946143,
        -0.04226104545946143,
        -0.03226104545946143,
        -0.022261045459461427,
        -0.012261045459461427,
        -0.009761045459461427,
        -0.007261045459461426,
        -0.006011045459461426,
        -0.004761045459461426,
        -0.004136045459461426,
        -0.003511045459461426,
        -0.003198545459461426,
        -0.002886045459461426,
        -0.0025735454594614264,
        -0.0024172954594614262,
        -0.002261045459461426,
        -0.002104795459461426,
        -0.001948545459461426,
        -0.0017922954594614261
    ],
    "kcot_mpi_ref": [
        -0.443208925661344,
        -0.43105289129558294,
        -0.418442102817445,
        -0.4053162470910316,
        -0.3916012192340747,
        -0.3772046878742237,
        -0.36200980096894664,
        -0.34586604967040047,
        -0.32857566505838764,
        -0.3098727648250148,
        -0.28939029031096425,
        -0.2666054744399459,
        -0.24074557698739463,
        -0.2106154051763782,
        -0.17425869323629936,
        -0.128230821169995,
        -0.06583912743648922,
        0.0278892649734831,
        0.1948024053520731,
        0.6132129243374096,
        0.8475747929779314,
        1.2410190496795586,
        1.5594156636078798,
        2.044110101837951,
        2.3959348967969363,
        2.8727118772267257,
        3.180847000524681,
        3.5556187625208278,
        4.021301652404617,
        4.299252873440835,
        4.615590106486035,
        4.978862115437171,
        5.400359697920848,
        5.8953109200632205
    ],
    "xlim": [
        -0.2,
        0.5
    ],
    "ylim": [
        -0.5,
        5.5
    ]
}