{
    "label": "E1",
    "frame": "P011",
    "level": 0,
    "L": 32,
    "lat_unit": 0.0658,
    "a_inv": 2.999,
    "m_B": 0.6768922974324774,
    "m_pi": 0.326108702900967,
    "k2mpi2": -0.014538702124539876,
    "kcot_mpi": -0.17578624438937845,
    "k2mpi2s": [
        -0.029818420072752705,
        -0.02918079221228533,
        -0.028543164351817953,
        -0.027905536491350576,
        -0.0272679086308832,
        -0.026630280770415828,
        -0.025992652909948448,
        -0.025355025049481075,
        -0.0247173971890137,
        -0.024079769328546323,
        -0.023442141468078947,
        -0.02280451360761157,
        -0.022166885747144194,
        -0.02152925788667682,
        -0.020891630026209446,
        -0.020254002165742066,
        -0.019616374305274693,
        -0.018978746444807314,
        -0.01834111858433994,
        -0.017703490723872565,
        -0.01706586286340519,
        -0.016428235002937813,
        -0.015790607142470436,
        -0.01515297928200306,
        -0.014515351421535684,
        -0.013877723561068308,
        -0.013240095700600932,
        -0.012602467840133559,
        -0.011964839979666183,
        -0.011327212119198807,
        -0.01068958425873143,
        -0.010051956398264054,
        -0.009414328537796678,
        -0.008776700677329302,
        -0.008139072816861926,
        -0.00750144495639455,
        -0.006863817095927174,
        -0.0062261892354597975,
        -0.005588561374992425,
        -0.004950933514525049,
        -0.0043133056540576725,
        -0.0036756777935902964,
        -0.00303804993312292,
        -0.002400422072655544,
        -0.001762794212188168,
        -0.0011251663517207917,
        -0.0004875384912534156,
        0.00015008936921396057,
        0.0007877172296813367,
        0.0014253450901487111
    ],
    "kcot_mpis": [
        -0.2071992388614415,
        -0.20594249317566424,
        -0.2046813166228785,
        -0.20341567287482307,
        -0.20214552517273418,
        -0.20087083632036856,
        -0.19959156867918731,
        -0.19830768415965147,
        -0.1970191442154361,
        -0.19572590983525998,
        -0.19442794153768778,
        -0.1931251993618463,
        -0.19181764286094696,
        -0.19050523109479364,
        -0.18918792262226966,
        -0.1878656754918324,
        -0.18653844723605553,
        -0.18520619486169693,
        -0.1838688748416571,
        -0.1825264431071157,
        -0.18117885503840178,
        -0.1798260654560148,
        -0.17846802861222763,
        -0.1771046981816482,
        -0.17573602725207554,
        -0.17436196831425127,
        -0.1729824732533291,
        -0.1715974933382454,
        -0.17020697921165692,
        -0.16881088087990395,
        -0.16740914770234383,
        -0.16600172838072014,
        -0.1645885709487954,
        -0.1631696227603886,
        -0.16174483047766666,
        -0.1603141400616855,
        -0.15887749675785842,
        -0.15743484508598984,
        -0.15598612882684032,
        -0.1545312910102126,
        -0.15307027390156855,
        -0.1516030189896524,
        -0.15012946697203672,
        -0.14864955774301705,
        -0.14716323037835047,
        -0.14567042312207124,
        -0.14417107337113322,
        -0.14266511766107567,
        -0.1411524916510794,
        -0.13963313010854375
    ],
    "k2mpi2_ref": [
        -0.20453870212453992,
        -0.19453870212453991,
        -0.1845387021245399,
        -0.1745387021245399,
        -0.1645387021245399,
        -0.15453870212453988,
        -0.14453870212453987,
        -0.13453870212453986,
        -0.12453870212453985,
        -0.11453870212453986,
        -0.10453870212453986,
        -0.09453870212453987,
        -0.08453870212453987,
        -0.07453870212453988,
        -0.06453870212453988,
        -0.05453870212453988,
        -0.04453870212453988,
        -0.034538702124539876,
        -0.024538702124539874,
        -0.014538702124539876,
        -0.004538702124539875,
        0.005461297875460125,
        0.015461297875460125,
        0.025461297875460125,
        0.035461297875460124,
        0.045461297875460126,
        0.05546129787546013,
        0.06546129787546012,
        0.07546129787546012,
        0.08546129787546011,
        0.09546129787546011,
        0.1054612978754601,
        0.1154612978754601,
        0.1254612978754601,
        0.1354612978754601,
        0.1454612978754601,
        0.15546129787546012,
        0.16046129787546012,
        0.16296129787546013,
        0.16546129787546013,
        0.16671129787546013,
        0.16796129787546013,
        0.16921129787546013,
        0.17046129787546013,
        0.17108629787546012,
        0.1717112978754601,
        0.1723362978754601,
        0.17296129787546008,
        0.17358629787546007,
        0.17389879787546006
    ],
    "kcot_mpi_ref": [
        -0.45432757772649435,
        -0.44338947983418964,
        -0.4321991910175829,
        -0.42074018091806753,
        -0.4089941887835143,
        -0.39694097684805896,
        -0.3845580392372878,
        -0.3718202565641001,
        -0.3586994839295759,
        -0.34516405668147815,
        -0.33117819392744513,
        -0.3167012740333351,
        -0.3016869486203913,
        -0.28608205062133585,
        -0.26982523965153726,
        -0.25284530409637185,
        -0.235059016970963,
        -0.21636839930110852,
        -0.19665719071889481,
        -0.17578624438937845,
        -0.15358744178933043,
        -0.1298555389147874,
        -0.10433707172950092,
        -0.07671500101238267,
        -0.04658705280034726,
        -0.013434506922424512,
        0.023423878663794404,
        0.06490178950358998,
        0.11225489484841733,
        0.16725894945042885,
        0.23251238526384116,
        0.3119783470504082,
        0.412020885341111,
        0.5435551977475968,
        0.7270145845218665,
        1.0056416200051943,
        1.4896885747070763,
        1.9011611341525165,
        2.1897340411631525,
        2.5684669403833014,
        2.8061622619501843,
        3.088186776209452,
        3.428333741614993,
        3.84678217504407,
        4.094386785777446,
        4.374276026952516,
        4.693232028126877,
        5.060079734608818,
        5.4865186763830245,
        5.726827246231618
    ],
    "xlim": [
        -0.2,
        0.5
    ],
    "ylim": [
        -0.5,
        5.5
    ]
}