{
    "label": "E1",
    "frame": "P111",
    "level": 1,
    "L": 32,
    "lat_unit": 0.0658,
    "a_inv": 2.999,
    "m_B": 0.6768922974324774,
    "m_pi": 0.326108702900967,
    "k2mpi2": 0.21764400964414843,
    "kcot_mpi": 1.9277400984893271,
    "k2mpi2s": [
        0.2019845649481092,
        0.20262873917062307,
        0.20327291339313697,
        0.20391708761565083,
        0.20456126183816473,
        0.2052054360606786,
        0.20584961028319249,
        0.20649378450570635,
        0.20713795872822025,
        0.2077821329507341,
        0.208426307173248,
        0.20907048139576187,
        0.20971465561827576,
        0.21035882984078963,
        0.21100300406330352,
        0.2116471782858174,
        0.21229135250833125,
        0.21293552673084515,
        0.21357970095335901,
        0.2142238751758729,
        0.21486804939838677,
        0.21551222362090067,
        0.21615639784341453,
        0.21680057206592843,
        0.2174447462884423,
        0.21808892051095619,
        0.21873309473347005,
        0.21937726895598395,
        0.2200214431784978,
        0.2206656174010117,
        0.22130979162352557,
        0.22195396584603944,
        0.22259814006855333,
        0.22324231429106722,
        0.2238864885135811,
        0.22453066273609495,
        0.22517483695860885,
        0.22581901118112271,
        0.2264631854036366,
        0.22710735962615047,
        0.22775153384866437,
        0.22839570807117823,
        0.22903988229369213,
        0.229684056516206,
        0.23032823073871989,
        0.23097240496123375,
        0.23161657918374762,
        0.2322607534062615,
        0.2329049276287754,
        0.23354910185128927
    ],
    "kcot_mpis": [
        1.2768259267757383,
        1.296336224026521,
        1.3163021455558883,
        1.3367403796371178,
        1.357668440659886,
        1.3791047208954967,
        1.401068546206802,
        1.4235802360467538,
        1.4466611681488,
        1.4703338483373443,
        1.4946219859392817,
        1.5195505753213745,
        1.5451459841611075,
        1.571436049072177,
        1.598450179363788,
        1.6262194696899013,
        1.6547768225364448,
        1.684157081582745,
        1.7143971769371764,
        1.745536283758288,
        1.7776159954582371,
        1.8106805132396993,
        1.844776853731225,
        1.8799550767911144,
        1.9162685357766405,
        1.9537741529437969,
        1.992532722944151,
        2.0326092478220485,
        2.0740733074094306,
        2.1169994695476992,
        2.1614677452244395,
        2.2075640944783035,
        2.255380989791122,
        2.305018044745306,
        2.356582716945899,
        2.4101910955803376,
        2.465968785965904,
        2.52405190493001,
        2.5845882039737393,
        2.647738339518577,
        2.7136773133012118,
        2.782596110098374,
        2.854703565059427,
        2.9302284990982876,
        3.009422168344842,
        3.0925610828771326,
        3.179950261413345,
        3.27192700263131,
        3.3688652714604266,
        3.471180820580605
    ],
    "k2mpi2_ref": [
        -0.20235599035585167,
        -0.19235599035585166,
        -0.18235599035585165,
        -0.17235599035585164,
        -0.16235599035585163,
        -0.15235599035585162,
        -0.1423559903558516,
        -0.1323559903558516,
        -0.12235599035585161,
        -0.11235599035585161,
        -0.10235599035585162,
        -0.09235599035585162,
        -0.08235599035585163,
        -0.07235599035585163,
        -0.06235599035585164,
        -0.05235599035585164,
        -0.042355990355851636,
        -0.032355990355851634,
        -0.022355990355851632,
        -0.012355990355851632,
        -0.0023559903558516317,
        0.0076440096441483685,
        0.01764400964414837,
        0.02764400964414837,
        0.03764400964414837,
        0.047644009644148375,
        0.057644009644148377,
        0.06764400964414838,
        0.07764400964414837,
        0.08764400964414837,
        0.09764400964414836,
        0.10764400964414836,
        0.11764400964414835,
        0.12764400964414835,
        0.13764400964414836,
        0.14764400964414837,
        0.15764400964414838,
        0.16764400964414838,
        0.1776440096441484,
        0.1876440096441484,
        0.1976440096441484,
        0.20764400964414842,
        0.21764400964414843,
        0.22264400964414843,
        0.22764400964414844,
        0.23014400964414844,
        0.23264400964414844,
        0.23514400964414844,
        0.23639400964414845,
        0.23764400964414845,
        0.23889400964414845,
        0.24014400964414845,
        0.24139400964414845,
        0.24201900964414844,
        0.24264400964414842,
        0.2432690096441484,
        0.2438940096441484,
        0.24451900964414838,
        0.24514400964414837,
        0.24576900964414836,
        0.24639400964414834,
        0.24670650964414834,
        0.24701900964414833,
        0.24733150964414832,
        0.24764400964414832,
        0.2479565096441483,
        0.2482690096441483,
        0.2485815096441483,
        0.2488940096441483,
        0.24920650964414828,
        0.24936275964414828,
        0.24951900964414828,
        0.24967525964414827,
        0.24983150964414827,
        0.24998775964414827,
        0.2501440096441483,
        0.2503002596441483,
        0.25045650964414834,
        0.25061275964414836,
        0.2507690096441484,
        0.2509252596441484,
        0.25108150964414844,
        0.25123775964414846,
        0.2513940096441485,
        0.25147213464414847,
        0.25155025964414846,
        0.25162838464414844,
        0.2517065096441484,
        0.2517846346441484,
        0.2518627596441484,
        0.2519408846441484,
        0.25201900964414836,
        0.25209713464414835,
        0.25217525964414833,
        0.2522533846441483,
        0.2523315096441483,
        0.2524096346441483,
        0.25248775964414827,
        0.25256588464414825,
        0.25264400964414824,
        0.2527221346441482,
        0.2528002596441482,
        0.2528783846441482
    ],