{
    "label": "E1",
    "frame": "P001",
    "level": 0,
    "L": 32,
    "lat_unit": 0.0658,
    "a_inv": 2.999,
    "m_B": 0.6768922974324774,
    "m_pi": 0.326108702900967,
    "k2mpi2": -0.05400369227605939,
    "kcot_mpi": -0.2280638225578528,
    "k2mpi2s": [
        -0.06532863504420669,
        -0.06484551554712453,
        -0.06436239605004236,
        -0.0638792765529602,
        -0.06339615705587805,
        -0.06291303755879588,
        -0.06242991806171372,
        -0.061946798564631554,
        -0.0614636790675494,
        -0.06098055957046723,
        -0.06049744007338507,
        -0.06001432057630291,
        -0.05953120107922075,
        -0.05904808158213858,
        -0.058564962085056425,
        -0.05808184258797426,
        -0.0575987230908921,
        -0.05711560359380993,
        -0.056632484096727775,
        -0.05614936459964561,
        -0.05566624510256345,
        -0.05518312560548129,
        -0.054700006108399125,
        -0.05421688661131696,
        -0.053733767114234804,
        -0.05325064761715264,
        -0.052767528120070475,
        -0.05228440862298832,
        -0.051801289125906154,
        -0.05131816962882399,
        -0.05083505013174183,
        -0.05035193063465967,
        -0.049868811137577504,
        -0.04938569164049535,
        -0.04890257214341318,
        -0.04841945264633102,
        -0.04793633314924886,
        -0.0474532136521667,
        -0.04697009415508453,
        -0.046486974658002375,
        -0.04600385516092021,
        -0.04552073566383805,
        -0.04503761616675589,
        -0.044554496669673725,
        -0.04407137717259156,
        -0.043588257675509404,
        -0.04310513817842724,
        -0.042622018681345075,
        -0.04213889918426292,
        -0.041655779687180754
    ],
    "kcot_mpis": [
        -0.2513267181804103,
        -0.25037226302617727,
        -0.24941462936195138,
        -0.24845379065211093,
        -0.24748972002685912,
        -0.2465223902888942,
        -0.24555177390909735,
        -0.24457784301813043,
        -0.24360056940275818,
        -0.24261992449963127,
        -0.24163587939079256,
        -0.2406484047963855,
        -0.239657471070246,
        -0.2386630481936346,
        -0.23766510576904892,
        -0.23666361301432365,
        -0.23565853875622556,
        -0.23464985142427486,
        -0.2336375190459489,
        -0.23262150923183741,
        -0.2316017891846263,
        -0.2305783256782105,
        -0.22955108505349198,
        -0.2285200332181213,
        -0.22748513563058592,
        -0.22644635729857845,
        -0.22540366276822707,
        -0.22435701611818945,
        -0.22330638095050703,
        -0.22225172038366267,
        -0.22119299704410764,
        -0.2201301730565507,
        -0.21906321003730325,
        -0.21799206908446356,
        -0.21691671076922228,
        -0.21583709512674656,
        -0.21475318164667337,
        -0.21366492926505798,
        -0.21257229635168912,
        -0.21147524070315984,
        -0.21037371953133815,
        -0.2092676894534747,
        -0.2081571064811572,
        -0.20704192601021643,
        -0.20592210280945533,
        -0.20479759100929257,
        -0.20366834409017112,
        -0.2025343148717143,
        -0.20139545549895746,
        -0.20025171743292977
    ],
    "k2mpi2_ref": [
        -0.2040036922760594,
        -0.1940036922760594,
        -0.1840036922760594,
        -0.17400369227605939,
        -0.16400369227605938,
        -0.15400369227605937,
        -0.14400369227605936,
        -0.13400369227605935,
        -0.12400369227605935,
        -0.11400369227605936,
        -0.10400369227605936,
        -0.09400369227605937,
        -0.08400369227605937,
        -0.07400369227605938,
        -0.06400369227605938,
        -0.05400369227605939,
        -0.04400369227605939,
        -0.034003692276059386,
        -0.024003692276059384,
        -0.014003692276059384,
        -0.004003692276059383,
        0.005996307723940617,
        0.015996307723940617,
        0.02599630772394062,
        0.03599630772394062,
        0.04599630772394062,
        0.055996307723940625,
        0.06599630772394062,
        0.07099630772394062,
        0.07599630772394063,
        0.07849630772394063,
        0.08099630772394063,
        0.08224630772394063,
        0.08349630772394064,
        0.08412130772394064,
        0.08474630772394064,
        0.08537130772394064,
        0.08568380772394063,
        0.08599630772394062,
        0.08630880772394062,
        0.08662130772394061,
        0.0869338077239406
    ],
    "kcot_mpi_ref": [
        -0.45049078460856745,
        -0.43916026144081904,
        -0.42752306972139353,
        -0.4155534182764753,
        -0.40322188780233337,
        -0.3904947201757787,
        -0.37733292899543086,
        -0.36369117603139195,
        -0.3495163376170137,
        -0.3347456554612638,
        -0.31930432300307054,
        -0.30310229403858846,
        -0.28603000276352325,
        -0.2679525334534283,
        -0.24870153928493308,
        -0.2280638225578528,
        -0.20576484252358512,
        -0.18144430449151014,
        -0.15461899797679354,
        -0.12462435768768768,
        -0.09051901423243369,
        -0.0509217308758298,
        -0.0037173202896173953,
        0.0545103424708212,
        0.1296678492652468,
        0.23294063655125755,
        0.38841162856155764,
        0.6592355821539635,
        0.8928092719806938,
        1.281126014122107,
        1.5930508092001623,
        2.064949904290749,
        2.4056013461468573,
        2.86496852046399,
        3.160541661323834,
        3.5187028710788497,
        3.961764764870391,
        4.225189503802624,
        4.5240765589175505,
        4.866118398169499,
        5.261405794546804,
        5.723441493711069
    ],
    "xlim": [
        -0.2,
        0.5
    ],
    "ylim": [
        -0.5,
        5.5
    ]
}