{
    "label": "E1",
    "frame": "P001",
    "level": 0,
    "L": 32,
    "lat_unit": 0.0658,
    "a_inv": 2.999,
    "m_B": 0.6768922974324774,
    "m_pi": 0.326108702900967,
    "k2mpi2": -0.05400369227605939,
    "kcot_mpi": -0.2265370791989805,
    "k2mpi2s": [
        -0.06532863504420669,
        -0.06484551554712453,
        -0.06436239605004236,
        -0.0638792765529602,
        -0.06339615705587805,
        -0.06291303755879588,
        -0.06242991806171372,
        -0.061946798564631554,
        -0.0614636790675494,
        -0.06098055957046723,
        -0.06049744007338507,
        -0.06001432057630291,
        -0.05953120107922075,
        -0.05904808158213858,
        -0.058564962085056425,
        -0.05808184258797426,
        -0.0575987230908921,
        -0.05711560359380993,
        -0.056632484096727775,
        -0.05614936459964561,
        -0.05566624510256345,
        -0.05518312560548129,
        -0.054700006108399125,
        -0.05421688661131696,
        -0.053733767114234804,
        -0.05325064761715264,
        -0.052767528120070475,
        -0.05228440862298832,
        -0.051801289125906154,
        -0.05131816962882399,
        -0.05083505013174183,
        -0.05035193063465967,
        -0.049868811137577504,
        -0.04938569164049535,
        -0.04890257214341318,
        -0.04841945264633102,
        -0.04793633314924886,
        -0.0474532136521667,
        -0.04697009415508453,
        -0.046486974658002375,
        -0.04600385516092021,
        -0.04552073566383805,
        -0.04503761616675589,
        -0.044554496669673725,
        -0.04407137717259156,
        -0.043588257675509404,
        -0.04310513817842724,
        -0.042622018681345075,
        -0.04213889918426292,
        -0.041655779687180754
    ],
    "kcot_mpis": [
        -0.2500537376546127,
        -0.24908964771044492,
        -0.24812228276959475,
        -0.24715161505657515,
        -0.2461776164412977,
        -0.24520025845134816,
        -0.24421951225807564,
        -0.2432353486727444,
        -0.24224773814154082,
        -0.24125665073898223,
        -0.24026205616267207,
        -0.23926392372624816,
        -0.23826222235385253,
        -0.23725692057377543,
        -0.23624798651173215,
        -0.23523538788450063,
        -0.2342190919930234,
        -0.2331990657157538,
        -0.23217527550142153,
        -0.23114768736375563,
        -0.23011626686853665,
        -0.229080979134293,
        -0.2280417888204855,
        -0.22699866011723646,
        -0.22595155674184975,
        -0.22490044192994743,
        -0.22384527842530538,
        -0.22278602847369494,
        -0.22172265381180908,
        -0.22065511566226467,
        -0.2195833747215571,
        -0.2185073911517152,
        -0.2174271245719111,
        -0.21634253404833015,
        -0.21525357808465653,
        -0.21416021461222223,
        -0.21306240097956586,
        -0.21196009394439383,
        -0.21085324965849783,
        -0.20974182366158992,
        -0.20862577086813575,
        -0.20750504555675922,
        -0.20637960135828726,
        -0.20524939124477198,
        -0.20411436751727557,
        -0.20297448179351285,
        -0.20182968499539178,
        -0.20067992733701503,
        -0.19952515830999185,
        -0.19836532667290982
    ],
    "k2mpi2_ref": [
        -0.2040036922760594,
        -0.1940036922760594,
        -0.1840036922760594,
        -0.17400369227605939,
        -0.16400369227605938,
        -0.15400369227605937,
        -0.14400369227605936,
        -0.13400369227605935,
        -0.12400369227605935,
        -0.11400369227605936,
        -0.10400369227605936,
        -0.09400369227605937,
        -0.08400369227605937,
        -0.07400369227605938,
        -0.06400369227605938,
        -0.05400369227605939,
        -0.04400369227605939,
        -0.034003692276059386,
        -0.024003692276059384,
        -0.014003692276059384,
        -0.004003692276059383,
        0.005996307723940617,
        0.015996307723940617,
        0.02599630772394062,
        0.03599630772394062,
        0.04599630772394062,
        0.055996307723940625,
        0.06599630772394062,
        0.07099630772394062,
        0.07599630772394063,
        0.07849630772394063,
        0.07974630772394063,
        0.08099630772394063,
        0.08162130772394063,
        0.08224630772394063,
        0.08287130772394063,
        0.08349630772394064,
        0.08380880772394063,
        0.08412130772394062,
        0.08443380772394062,
        0.08474630772394061,
        0.0850588077239406,
        0.0852150577239406,
        0.0853713077239406,
        0.08552755772394059,
        0.08568380772394059,
        0.08584005772394059,
        0.08599630772394058,
        0.08615255772394058,
        0.08623068272394058,
        0.08630880772394058,
        0.08638693272394057,
        0.08646505772394057,
        0.08654318272394057,
        0.08662130772394057,
        0.08669943272394057,
        0.08677755772394057,
        0.08685568272394056,
        0.08693380772394056,
        0.08697287022394057,
        0.08701193272394057,
        0.08705099522394058,
        0.08709005772394059,
        0.08712912022394059,
        0.0871681827239406,
        0.0872072452239406,
        0.08724630772394061,
        0.08728537022394062,
        0.08732443272394062,
        0.08736349522394063,
        0.08740255772394064,
        0.08744162022394064,
        0.08748068272394065,
        0.08750021397394064,
        0.08751974522394064,
        0.08753927647394064,
        0.08755880772394063,
        0.08757833897394063,
        0.08759787022394062,
        0.08761740147394062,
        0.08763693272394062,
        0.08765646397394061,
        0.08767599522394061,
        0.0876955264739406,
        0.0877150577239406,
        0.0877345889739406,
        0.0877541202239406,
        0.08777365147394059,
        0.08779318272394059,
        0.08781271397394058,
        0.08783224522394058,
        0.08785177647394057
    ],