{
    "label": "E1",
    "frame": "P111",
    "level": 0,
    "L": 32,
    "lat_unit": 0.0658,
    "a_inv": 2.999,
    "m_B": 0.6768922974324774,
    "m_pi": 0.326108702900967,
    "k2mpi2": 0.021999631253321744,
    "kcot_mpi": -0.10158440047544003,
    "k2mpi2s": [
        -0.007646487978273865,
        -0.006369779316390611,
        -0.005093070654507356,
        -0.0038163619926241017,
        -0.0025396533307408473,
        -0.0012629446688575928,
        1.376399302566167e-05,
        0.0012904726549089161,
        0.0025671813167921706,
        0.003843889978675425,
        0.0051205986405586795,
        0.006397307302441934,
        0.0076740159643251885,
        0.008950724626208443,
        0.010227433288091697,
        0.011504141949974952,
        0.012780850611858206,
        0.01405755927374146,
        0.015334267935624715,
        0.01661097659750797,
        0.017887685259391224,
        0.01916439392127448,
        0.020441102583157733,
        0.021717811245040988,
        0.022994519906924242,
        0.0242712285688075,
        0.02554793723069075,
        0.026824645892574002,
        0.02810135455445726,
        0.029378063216340518,
        0.03065477187822377,
        0.03193148054010702,
        0.03320818920199028,
        0.034484897863873536,
        0.03576160652575679,
        0.03703831518764004,
        0.038315023849523296,
        0.039591732511406554,
        0.040868441173289805,
        0.042145149835173056,
        0.04342185849705631,
        0.04469856715893957,
        0.04597527582082282,
        0.04725198448270607,
        0.04852869314458933,
        0.04980540180647259,
        0.05108211046835584,
        0.05235881913023909,
        0.05363552779212235,
        0.0549122364540056
    ],
    "kcot_mpis": [
        -0.16715548136065564,
        -0.1645386400191357,
        -0.16190498731524453,
        -0.15925429142856257,
        -0.15658631603766526,
        -0.1539008202079921,
        -0.15119755827825954,
        -0.14847627974178093,
        -0.1457367291270685,
        -0.14297864587006578,
        -0.1402017641881774,
        -0.13740581294429308,
        -0.13459051551447485,
        -0.13175558964257172,
        -0.12890074729675813,
        -0.12602569451972384,
        -0.12313013127462569,
        -0.12021375128277195,
        -0.11727624186234865,
        -0.11431728375642337,
        -0.11133655095815936,
        -0.10833371053049122,
        -0.1053084224184963,
        -0.10226033925658697,
        -0.09918910616978754,
        -0.09609436056845821,
        -0.09297573193327521,
        -0.08983284159854468,
        -0.08666530252303178,
        -0.08347271905543086,
        -0.08025468669401102,
        -0.07701079183211779,
        -0.07374061150158023,
        -0.07044371310278714,
        -0.06711965412667853,
        -0.06376798186905014,
        -0.06038823313075509,
        -0.05697993391135782,
        -0.053542599088842666,
        -0.050075732090702776,
        -0.04657882455134133,
        -0.0430513559544387,
        -0.03949279327230838,
        -0.03590259057648693,
        -0.03228018865009132,
        -0.02862501457375983,
        -0.02493648130301792,
        -0.021213987226095573,
        -0.017456915708035575,
        -0.01366463461461355
    ],
    "k2mpi2_ref": [
        -0.20800036874667832,
        -0.1980003687466783,
        -0.1880003687466783,
        -0.1780003687466783,
        -0.16800036874667829,
        -0.15800036874667828,
        -0.14800036874667827,
        -0.13800036874667826,
        -0.12800036874667825,
        -0.11800036874667824,
        -0.10800036874667825,
        -0.09800036874667825,
        -0.08800036874667826,
        -0.07800036874667826,
        -0.06800036874667827,
        -0.058000368746678264,
        -0.04800036874667826,
        -0.03800036874667826,
        -0.02800036874667826,
        -0.018000368746678257,
        -0.008000368746678256,
        0.0019996312533217438,
        0.011999631253321744,
        0.021999631253321744,
        0.031999631253321746,
        0.04199963125332175,
        0.05199963125332175,
        0.06199963125332175,
        0.07199963125332175,
        0.08199963125332174,
        0.09199963125332174,
        0.10199963125332173,
        0.11199963125332173,
        0.12199963125332172,
        0.13199963125332173,
        0.14199963125332174,
        0.15199963125332175,
        0.16199963125332176,
        0.17199963125332177,
        0.18199963125332178,
        0.19199963125332178,
        0.2019996312533218,
        0.2119996312533218,
        0.2169996312533218,
        0.2219996312533218,
        0.22699963125332182,
        0.22949963125332182,
        0.23199963125332182,
        0.23449963125332182,
        0.23699963125332182,
        0.23824963125332183,
        0.23949963125332183,
        0.24074963125332183,
        0.24199963125332183,
        0.24262463125332182,
        0.2432496312533218,
        0.2438746312533218,
        0.24449963125332178,
        0.24512463125332176,
        0.24574963125332175,
        0.24637463125332174,
        0.24668713125332173,
        0.24699963125332172,
        0.24731213125332172,
        0.2476246312533217,
        0.2479371312533217,
        0.2482496312533217,
        0.2485621312533217,
        0.24887463125332168,
        0.24918713125332168,
        0.24934338125332167,
        0.24949963125332167,
        0.24965588125332167,
        0.24981213125332166,
        0.24996838125332166,
        0.2501246312533217,
        0.2502808812533217,
        0.25043713125332173,
        0.25059338125332176,
        0.2507496312533218,
        0.2509058812533218,
        0.25106213125332183,
        0.25121838125332185,
        0.2513746312533219,
        0.25145275625332186,
        0.25153088125332185,
        0.25160900625332183,
        0.2516871312533218,
        0.2517652562533218,
        0.2518433812533218,
        0.25192150625332177,
        0.25199963125332175,
        0.25207775625332174,
        0.2521558812533217,
        0.2522340062533217,
        0.2523121312533217,
        0.2523902562533217,
        0.25246838125332166,
        0.25254650625332165,
        0.25262463125332163,
        0.2527027562533216,
        0.2527808812533216,
        0.2528590062533216
    ],