{
    "label": "E1",
    "frame": "P011",
    "level": 0,
    "L": 32,
    "lat_unit": 0.0658,
    "a_inv": 2.999,
    "m_B": 0.6768922974324774,
    "m_pi": 0.326108702900967,
    "k2mpi2": -0.014538702124539876,
    "kcot_mpi": -0.1677153576307897,
    "k2mpi2s": [
        -0.029818420072752705,
        -0.02918079221228533,
        -0.028543164351817953,
        -0.027905536491350576,
        -0.0272679086308832,
        -0.026630280770415828,
        -0.025992652909948448,
        -0.025355025049481075,
        -0.0247173971890137,
        -0.024079769328546323,
        -0.023442141468078947,
        -0.02280451360761157,
        -0.022166885747144194,
        -0.02152925788667682,
        -0.020891630026209446,
        -0.020254002165742066,
        -0.019616374305274693,
        -0.018978746444807314,
        -0.01834111858433994,
        -0.017703490723872565,
        -0.01706586286340519,
        -0.016428235002937813,
        -0.015790607142470436,
        -0.01515297928200306,
        -0.014515351421535684,
        -0.013877723561068308,
        -0.013240095700600932,
        -0.012602467840133559,
        -0.011964839979666183,
        -0.011327212119198807,
        -0.01068958425873143,
        -0.010051956398264054,
        -0.009414328537796678,
        -0.008776700677329302,
        -0.008139072816861926,
        -0.00750144495639455,
        -0.006863817095927174,
        -0.0062261892354597975,
        -0.005588561374992425,
        -0.004950933514525049,
        -0.0043133056540576725,
        -0.0036756777935902964,
        -0.00303804993312292,
        -0.002400422072655544,
        -0.001762794212188168,
        -0.0011251663517207917,
        -0.0004875384912534156,
        0.00015008936921396057,
        0.0007877172296813367,
        0.0014253450901487111
    ],
    "kcot_mpis": [
        -0.20030335519816314,
        -0.19900272449603343,
        -0.19769725501220684,
        -0.19638690533897574,
        -0.19507163355887863,
        -0.19375139723611812,
        -0.19242615341039887,
        -0.19109585858647904,
        -0.18976046872693325,
        -0.18841993924231304,
        -0.1870742249842451,
        -0.18572328023454446,
        -0.1843670586969107,
        -0.18300551348772529,
        -0.1816385971266541,
        -0.18026626152537117,
        -0.17888845798016723,
        -0.17750513716005262,
        -0.17611624909674664,
        -0.1747217431747967,
        -0.17332156812039348,
        -0.17191567199017319,
        -0.1705040021607884,
        -0.16908650531710825,
        -0.16766312744089587,
        -0.16623381379815905,
        -0.16479850892832285,
        -0.1633571566310688,
        -0.16190969995381113,
        -0.16045608117915278,
        -0.15899624181152616,
        -0.1575301225638964,
        -0.1560576633447127,
        -0.15457880324307655,
        -0.15309348051419,
        -0.1516016325668752,
        -0.1501031959461536,
        -0.14859810632009632,
        -0.14708629846321633,
        -0.14556770624140175,
        -0.14404226259509142,
        -0.14250989952356977,
        -0.14097054806704232,
        -0.13942413829082587,
        -0.1378705992665814,
        -0.1363098590552964,
        -0.13474184468804223,
        -0.13316648214776336,
        -0.13158369635023648,
        -0.12999341112452203
    ],
    "k2mpi2_ref": [
        -0.20453870212453992,
        -0.19453870212453991,
        -0.1845387021245399,
        -0.1745387021245399,
        -0.1645387021245399,
        -0.15453870212453988,
        -0.14453870212453987,
        -0.13453870212453986,
        -0.12453870212453985,
        -0.11453870212453986,
        -0.10453870212453986,
        -0.09453870212453987,
        -0.08453870212453987,
        -0.07453870212453988,
        -0.06453870212453988,
        -0.05453870212453988,
        -0.04453870212453988,
        -0.034538702124539876,
        -0.024538702124539874,
        -0.014538702124539876,
        -0.004538702124539875,
        0.005461297875460125,
        0.015461297875460125,
        0.025461297875460125,
        0.035461297875460124,
        0.045461297875460126,
        0.05546129787546013,
        0.06546129787546012,
        0.07546129787546012,
        0.08546129787546011,
        0.09546129787546011,
        0.1054612978754601,
        0.1154612978754601,
        0.1254612978754601,
        0.1354612978754601,
        0.1454612978754601,
        0.15046129787546011,
        0.15546129787546012,
        0.15796129787546012,
        0.16046129787546012,
        0.16171129787546012,
        0.16296129787546013,
        0.16421129787546013,
        0.1648362978754601,
        0.1654612978754601,
        0.1660862978754601,
        0.16671129787546007,
        0.16702379787546007,
        0.16733629787546006,
        0.16764879787546005,
        0.16796129787546005,
        0.16827379787546004,
        0.16858629787546003,
        0.16889879787546003,
        0.16905504787546002,
        0.16921129787546002,
        0.16936754787546002,
        0.16952379787546001,
        0.16968004787546,
        0.16983629787546,
        0.16999254787546,
        0.17014879787546,
        0.17030504787546,
        0.17046129787546,
        0.17053942287546,
        0.17061754787546002,
        0.17069567287546003,
        0.17077379787546004,
        0.17085192287546005,
        0.17093004787546007,
        0.17100817287546008,
        0.1710862978754601,
        0.1711644228754601,
        0.17124254787546012,
        0.17132067287546013,
        0.17139879787546014,
        0.17147692287546015,
        0.17155504787546016,
        0.17163317287546018,
        0.17167223537546017,
        0.17171129787546016,
        0.17175036037546015,
        0.17178942287546015,
        0.17182848537546014,
        0.17186754787546013,
        0.17190661037546012,
        0.17194567287546011,
        0.1719847353754601,
        0.1720237978754601,
        0.1720628603754601,
        0.17210192287546008,
        0.17214098537546008,
        0.17218004787546007,
        0.17221911037546006,
        0.17225817287546005,
        0.17229723537546004,
        0.17233629787546004
    ],