{
    "label": "E1",
    "frame": "P002",
    "level": 0,
    "L": 32,
    "lat_unit": 0.0658,
    "a_inv": 2.999,
    "m_B": 0.6768922974324774,
    "m_pi": 0.326108702900967,
    "k2mpi2": -0.08914169576635228,
    "kcot_mpi": -0.2613796485590283,
    "k2mpi2s": [
        -0.098637598403498,
        -0.09823776833543979,
        -0.09783793826738156,
        -0.09743810819932334,
        -0.09703827813126513,
        -0.09663844806320691,
        -0.09623861799514868,
        -0.09583878792709047,
        -0.09543895785903225,
        -0.09503912779097404,
        -0.09463929772291581,
        -0.09423946765485759,
        -0.09383963758679938,
        -0.09343980751874116,
        -0.09303997745068293,
        -0.09264014738262472,
        -0.0922403173145665,
        -0.09184048724650828,
        -0.09144065717845005,
        -0.09104082711039184,
        -0.09064099704233362,
        -0.0902411669742754,
        -0.08984133690621718,
        -0.08944150683815896,
        -0.08904167677010075,
        -0.08864184670204252,
        -0.0882420166339843,
        -0.08784218656592609,
        -0.08744235649786786,
        -0.08704252642980964,
        -0.08664269636175143,
        -0.08624286629369321,
        -0.085843036225635,
        -0.08544320615757676,
        -0.08504337608951855,
        -0.08464354602146033,
        -0.0842437159534021,
        -0.08384388588534389,
        -0.08344405581728567,
        -0.08304422574922746,
        -0.08264439568116924,
        -0.08224456561311101,
        -0.0818447355450528,
        -0.08144490547699457,
        -0.08104507540893635,
        -0.08064524534087814,
        -0.08024541527281992,
        -0.0798455852047617,
        -0.07944575513670347,
        -0.07904592506864526
    ],
    "kcot_mpis": [
        -0.2835171378208111,
        -0.2826338927530912,
        -0.28174670669500845,
        -0.2808555348065924,
        -0.2799603315178986,
        -0.2790610505160908,
        -0.2781576447280677,
        -0.27725006630545745,
        -0.2763382666087608,
        -0.2754221961895959,
        -0.27450180477507863,
        -0.2735770412495649,
        -0.27264785363657257,
        -0.27171418908099204,
        -0.2707759938298781,
        -0.2698332132131772,
        -0.2688857916239209,
        -0.2679336724980021,
        -0.26697679829191395,
        -0.26601511046651477,
        -0.2650485494557719,
        -0.2640770546526372,
        -0.2631005643818659,
        -0.2621190158776611,
        -0.2611323452577037,
        -0.2601404874993972,
        -0.2591433764144818,
        -0.25814094461947357,
        -0.2571331235126368,
        -0.2561198432428698,
        -0.2551010326836258,
        -0.25407661939840237,
        -0.2530465296196691,
        -0.2520106882041931,
        -0.2509690186160802,
        -0.24992144287991377,
        -0.2488678815564982,
        -0.2478082537035376,
        -0.24674247684095096,
        -0.24567046691356317,
        -0.2445921382521289,
        -0.24350740353699782,
        -0.2424161737539752,
        -0.2413183581557034,
        -0.2402138642187233,
        -0.23910259759719865,
        -0.2379844620808615,
        -0.2368593595455986,
        -0.23572718990592464,
        -0.2345878510684818
    ],
    "k2mpi2_ref": [
        -0.20914169576635233,
        -0.19914169576635232,
        -0.1891416957663523,
        -0.1791416957663523,
        -0.1691416957663523,
        -0.1591416957663523,
        -0.14914169576635228,
        -0.13914169576635227,
        -0.12914169576635226,
        -0.11914169576635227,
        -0.10914169576635227,
        -0.09914169576635228,
        -0.08914169576635228,
        -0.07914169576635229,
        -0.06914169576635229,
        -0.05914169576635229,
        -0.049141695766352286,
        -0.039141695766352284,
        -0.029141695766352282,
        -0.01914169576635228,
        -0.01414169576635228,
        -0.009141695766352279,
        -0.006641695766352278,
        -0.005391695766352278,
        -0.004766695766352278,
        -0.0041416957663522784,
        -0.0035166957663522783,
        -0.0032041957663522785,
        -0.0028916957663522786,
        -0.002579195766352279,
        -0.0024229457663522786,
        -0.0022666957663522785,
        -0.0021104457663522784,
        -0.0019541957663522782,
        -0.0017979457663522783,
        -0.0017198207663522782,
        -0.0016416957663522782,
        -0.001563570766352278,
        -0.001485445766352278,
        -0.001407320766352278,
        -0.0013291957663522779,
        -0.0012510707663522778,
        -0.0012120082663522778,
        -0.0011729457663522778,
        -0.0011338832663522777,
        -0.0010948207663522777,
        -0.0010557582663522776,
        -0.0010166957663522776,
        -0.0009776332663522776,
        -0.0009385707663522775,
        -0.0008995082663522775,
        -0.0008799770163522775,
        -0.0008604457663522775,
        -0.0008409145163522775,
        -0.0008213832663522774,
        -0.0008018520163522774,
        -0.0007823207663522774,
        -0.0007627895163522774,
        -0.0007432582663522774,
        -0.0007237270163522774,
        -0.0007041957663522773,
        -0.0006846645163522773,
        -0.0006651332663522773,
        -0.0006456020163522773,
        -0.0006358363913522773,
        -0.0006260707663522773,
        -0.0006163051413522773,
        -0.0006065395163522772,
        -0.0005967738913522772,
        -0.0005870082663522772,
        -0.0005772426413522772,
        -0.0005674770163522772,
        -0.0005577113913522772,
        -0.0005479457663522772,
        -0.0005381801413522772,
        -0.0005284145163522772,
        -0.0005186488913522772,
        -0.0005088832663522772,
        -0.0004991176413522772,
        -0.0004893520163522771,
        -0.00047958639135227714,
        -0.0004698207663522771,
        -0.0004600551413522771
    ],