{
    "label": "E1",
    "frame": "P001",
    "level": 1,
    "L": 32,
    "lat_unit": 0.0658,
    "a_inv": 2.999,
    "m_B": 0.6768922974324774,
    "m_pi": 0.326108702900967,
    "k2mpi2": 0.31128303006624397,
    "kcot_mpi": 0.32411982456111044,
    "k2mpi2s": [
        0.29591900335268445,
        0.2965433345575724,
        0.29716766576246045,
        0.2977919969673484,
        0.2984163281722364,
        0.2990406593771244,
        0.2996649905820124,
        0.3002893217869004,
        0.30091365299178835,
        0.3015379841966763,
        0.30216231540156435,
        0.3027866466064523,
        0.3034109778113403,
        0.3040353090162283,
        0.3046596402211163,
        0.3052839714260043,
        0.30590830263089225,
        0.3065326338357802,
        0.30715696504066825,
        0.3077812962455562,
        0.3084056274504442,
        0.3090299586553322,
        0.3096542898602202,
        0.3102786210651082,
        0.31090295226999615,
        0.3115272834748842,
        0.31215161467977215,
        0.3127759458846601,
        0.3134002770895481,
        0.3140246082944361,
        0.3146489394993241,
        0.31527327070421207,
        0.3158976019091001,
        0.3165219331139881,
        0.31714626431887605,
        0.317770595523764,
        0.31839492672865205,
        0.31901925793354,
        0.319643589138428,
        0.32026792034331597,
        0.320892251548204,
        0.321516582753092,
        0.32214091395797995,
        0.3227652451628679,
        0.32338957636775595,
        0.3240139075726439,
        0.3246382387775319,
        0.32526256998241987,
        0.3258869011873079,
        0.32651123239219587
    ],
    "kcot_mpis": [
        0.23473468616561216,
        0.2381295726607128,
        0.24154247350723515,
        0.24497364449818318,
        0.24842334512263856,
        0.2518918386492086,
        0.25537939220597594,
        0.2588862768740949,
        0.26241276779151057,
        0.265959144206339,
        0.2695256896134295,
        0.2731126918274805,
        0.2767204430996322,
        0.2803492401901449,
        0.2839993845108882,
        0.28767118219524507,
        0.2913649442383253,
        0.2950809865847278,
        0.29881963025940916,
        0.3025812014840447,
        0.30636603179186583,
        0.31017445815439953,
        0.3140068231099223,
        0.31786347487813854,
        0.321744767573279,
        0.32565106118357956,
        0.3295827218726721,
        0.33354012203865835,
        0.3375236404926348,
        0.34153366259242857,
        0.34557058042460226,
        0.349634792942701,
        0.35372670614747354,
        0.3578467332482818,
        0.3619952948504238,
        0.3661728191238762,
        0.370379741995864,
        0.37461650733768576,
        0.3788835671613753,
        0.383181381821415,
        0.3875104202274404,
        0.39187116005181005,
        0.39626408792664447,
        0.4006896997791183,
        0.4051485008646715,
        0.4096410061739268,
        0.4141677406489084,
        0.4187292393873713,
        0.4233260479400267,
        0.42795872258014184
    ],
    "k2mpi2_ref": [
        0.14128303006624382,
        0.15128303006624383,
        0.16128303006624384,
        0.17128303006624385,
        0.18128303006624386,
        0.19128303006624386,
        0.20128303006624387,
        0.21128303006624388,
        0.2212830300662439,
        0.2312830300662439,
        0.2412830300662439,
        0.2512830300662439,
        0.2612830300662439,
        0.27128303006624394,
        0.28128303006624394,
        0.29128303006624395,
        0.30128303006624396,
        0.31128303006624397,
        0.321283030066244,
        0.331283030066244,
        0.341283030066244,
        0.351283030066244,
        0.361283030066244,
        0.371283030066244,
        0.38128303006624403,
        0.39128303006624404,
        0.40128303006624405,
        0.41128303006624406,
        0.41628303006624406,
        0.42128303006624407,
        0.42378303006624407,
        0.4262830300662441,
        0.4287830300662441,
        0.43003303006624405,
        0.431283030066244,
        0.432533030066244,
        0.43378303006624397
    ],
    "kcot_mpi_ref": [
        -0.5389560892296517,
        -0.44879674225755584,
        -0.3780192336397128,
        -0.31904472322615235,
        -0.26759414618491556,
        -0.2210415374292213,
        -0.1776586222592502,
        -0.13623314327948538,
        -0.0958601424895037,
        -0.05581943244390694,
        -0.015498318071275274,
        0.025661320276624204,
        0.06820314844815151,
        0.11269081608131161,
        0.1597418084700278,
        0.21006522650424303,
        0.26450851293756483,
        0.32411982456111044,
        0.3902361324045657,
        0.4646134286844497,
        0.5496271914713432,
        0.6485940270517689,
        0.7663116754370225,
        0.9100146206755272,
        1.091176213446424,
        1.3291888374287015,
        1.6597001330292322,
        2.156378359642243,
        2.5149956005252276,
        3.001043883818753,
        3.3161491286422002,
        3.701225230967724,
        4.183514920955745,
        4.473858224119637,
        4.806937740940729,
        5.1933418892918395,
        5.647583409628332
    ],
    "xlim": [
        -0.2,
        0.5
    ],
    "ylim": [
        -0.5,
        5.5
    ]
}