{
    "label": "E1",
    "frame": "P001",
    "level": 1,
    "L": 32,
    "lat_unit": 0.0658,
    "a_inv": 2.999,
    "m_B": 0.6768922974324774,
    "m_pi": 0.326108702900967,
    "k2mpi2": 0.31128303006624397,
    "kcot_mpi": 0.3169601035381114,
    "k2mpi2s": [
        0.29591900335268445,
        0.2965433345575724,
        0.29716766576246045,
        0.2977919969673484,
        0.2984163281722364,
        0.2990406593771244,
        0.2996649905820124,
        0.3002893217869004,
        0.30091365299178835,
        0.3015379841966763,
        0.30216231540156435,
        0.3027866466064523,
        0.3034109778113403,
        0.3040353090162283,
        0.3046596402211163,
        0.3052839714260043,
        0.30590830263089225,
        0.3065326338357802,
        0.30715696504066825,
        0.3077812962455562,
        0.3084056274504442,
        0.3090299586553322,
        0.3096542898602202,
        0.3102786210651082,
        0.31090295226999615,
        0.3115272834748842,
        0.31215161467977215,
        0.3127759458846601,
        0.3134002770895481,
        0.3140246082944361,
        0.3146489394993241,
        0.31527327070421207,
        0.3158976019091001,
        0.3165219331139881,
        0.31714626431887605,
        0.317770595523764,
        0.31839492672865205,
        0.31901925793354,
        0.319643589138428,
        0.32026792034331597,
        0.320892251548204,
        0.321516582753092,
        0.32214091395797995,
        0.3227652451628679,
        0.32338957636775595,
        0.3240139075726439,
        0.3246382387775319,
        0.32526256998241987,
        0.3258869011873079,
        0.32651123239219587
    ],
    "kcot_mpis": [
        0.22926390586487483,
        0.23259879533117978,
        0.2359510683991101,
        0.23932096888591875,
        0.24270874407587908,
        0.2461146447973671,
        0.24953892549655077,
        0.2529818443244708,
        0.25644366323368023,
        0.2599246480254892,
        0.26342506847859365,
        0.2669451984153142,
        0.2704853158104034,
        0.2740457028563149,
        0.277626646097079,
        0.28122843649076923,
        0.2848513695405592,
        0.2884957453740988,
        0.29216186886507706,
        0.29585004974075724,
        0.29956060268683005,
        0.3032938474644503,
        0.3070501090285194,
        0.31082971763129985,
        0.3146330090274062,
        0.3184603244367259,
        0.32231201083968214,
        0.3261884210216629,
        0.3300899137399664,
        0.3340168538446613,
        0.3379696124476841,
        0.3419485670474797,
        0.34595410169535123,
        0.3499866071421633,
        0.35404648101133557,
        0.35813412795166105,
        0.3622499598141897,
        0.36639439582257255,
        0.3705678627527508,
        0.3747707951170094,
        0.3790036353585546,
        0.38326683404022255,
        0.38756085002297913,
        0.3918861507766259,
        0.39624321240061383,
        0.4006325200019936,
        0.4050545678910237,
        0.4095098597640188,
        0.4139989089753893,
        0.4185222387825256
    ],
    "k2mpi2_ref": [
        0.14128303006624382,
        0.15128303006624383,
        0.16128303006624384,
        0.17128303006624385,
        0.18128303006624386,
        0.19128303006624386,
        0.20128303006624387,
        0.21128303006624388,
        0.2212830300662439,
        0.2312830300662439,
        0.2412830300662439,
        0.2512830300662439,
        0.2612830300662439,
        0.27128303006624394,
        0.28128303006624394,
        0.29128303006624395,
        0.30128303006624396,
        0.31128303006624397,
        0.321283030066244,
        0.331283030066244,
        0.341283030066244,
        0.351283030066244,
        0.361283030066244,
        0.371283030066244,
        0.38128303006624403,
        0.39128303006624404,
        0.40128303006624405,
        0.41128303006624406,
        0.41628303006624406,
        0.42128303006624407,
        0.42378303006624407,
        0.4262830300662441,
        0.4287830300662441,
        0.4312830300662441,
        0.43253303006624405,
        0.433783030066244,
        0.435033030066244,
        0.43628303006624397,
        0.43690803006624396,
        0.43753303006624394,
        0.43815803006624393,
        0.4387830300662439,
        0.4394080300662439,
        0.4400330300662439,
        0.4406580300662439,
        0.44128303006624386,
        0.44159553006624386,
        0.44190803006624385,
        0.44222053006624384,
        0.44253303006624384,
        0.44284553006624383,
        0.4431580300662438,
        0.4434705300662438,
        0.4437830300662438,
        0.4440955300662438,
        0.44425178006624383,
        0.44440803006624385,
        0.4445642800662439,
        0.4447205300662439,
        0.4448767800662439,
        0.44503303006624395,
        0.445189280066244,
        0.445345530066244,
        0.445501780066244,
        0.44565803006624405,
        0.4458142800662441,
        0.4459705300662441,
        0.4461267800662441,
        0.44628303006624415,
        0.44636115506624413,
        0.4464392800662441,
        0.4465174050662441,
        0.4465955300662441,
        0.44667365506624407,
        0.44675178006624405,
        0.44682990506624404,
        0.446908030066244,
        0.446986155066244,
        0.447064280066244,
        0.447142405066244,
        0.44722053006624396,
        0.44729865506624394,
        0.44737678006624393,
        0.4474549050662439,
        0.4475330300662439,
        0.4476111550662439
    ],