{
    "label": "E1",
    "frame": "P000",
    "level": 1,
    "L": 32,
    "lat_unit": 0.0658,
    "a_inv": 2.999,
    "m_B": 0.6768922974324774,
    "m_pi": 0.326108702900967,
    "k2mpi2": 0.22616271611893463,
    "kcot_mpi": 0.22151134730259495,
    "k2mpi2s": [
        0.20200219596349295,
        0.20300204335309996,
        0.20400189074270697,
        0.20500173813231398,
        0.206001585521921,
        0.207001432911528,
        0.20800128030113502,
        0.20900112769074203,
        0.21000097508034904,
        0.21100082246995605,
        0.21200066985956306,
        0.21300051724917007,
        0.21400036463877709,
        0.2150002120283841,
        0.21600005941799108,
        0.2169999068075981,
        0.2179997541972051,
        0.21899960158681211,
        0.21999944897641913,
        0.22099929636602614,
        0.22199914375563315,
        0.22299899114524016,
        0.22399883853484717,
        0.22499868592445418,
        0.2259985333140612,
        0.2269983807036682,
        0.22799822809327522,
        0.22899807548288223,
        0.22999792287248924,
        0.23099777026209625,
        0.23199761765170326,
        0.23299746504131028,
        0.2339973124309173,
        0.2349971598205243,
        0.2359970072101313,
        0.23699685459973832,
        0.2379967019893453,
        0.23899654937895232,
        0.23999639676855933,
        0.24099624415816634,
        0.24199609154777335,
        0.24299593893738036,
        0.24399578632698737,
        0.24499563371659439,
        0.2459954811062014,
        0.2469953284958084,
        0.24799517588541542,
        0.24899502327502243,
        0.24999487066462944,
        0.25099471805423645
    ],
    "kcot_mpis": [
        0.11213915344261935,
        0.11622294516228698,
        0.12033927108781742,
        0.1244888044186475,
        0.12867223357713795,
        0.13289026276136398,
        0.137143612493108,
        0.14143302017273235,
        0.14575924068545326,
        0.15012304700509743,
        0.15452523083735228,
        0.15896660326961165,
        0.16344799547502478,
        0.1679702594095135,
        0.17253426856131346,
        0.17714091871983406,
        0.18179112878200332,
        0.18648584157763273,
        0.19122602475086853,
        0.19601267165383526,
        0.20084680229692503,
        0.2057294643301053,
        0.21066173406037592,
        0.2156447175297587,
        0.2206795516215788,
        0.22576740522701744,
        0.23090948045747506,
        0.23610701391383787,
        0.24136127800472854,
        0.2466735823368267,
        0.25204527516610326,
        0.2574777448896473,
        0.2629724216937666,
        0.26853077899799044,
        0.27415433558577357,
        0.2798446570359361,
        0.28560335780988566,
        0.29143210321876223,
        0.2973326115115155,
        0.30330665606949664,
        0.30935606771516794,
        0.31548273712881314,
        0.32168861738407933,
        0.32797572662573987,
        0.33434615087585545,
        0.3408020469817864,
        0.34734564573108007,
        0.3539792551070662,
        0.36070526375280876,
        0.36752614457910215
    ],
    "k2mpi2_ref": [
        0.03616271611893456,
        0.04616271611893456,
        0.056162716118934565,
        0.06616271611893457,
        0.07616271611893456,
        0.08616271611893456,
        0.09616271611893455,
        0.10616271611893455,
        0.11616271611893454,
        0.12616271611893454,
        0.13616271611893455,
        0.14616271611893455,
        0.15616271611893456,
        0.16616271611893457,
        0.17616271611893458,
        0.1861627161189346,
        0.1961627161189346,
        0.2061627161189346,
        0.21616271611893462,
        0.22616271611893463,
        0.23616271611893463,
        0.24616271611893464,
        0.25616271611893465,
        0.26616271611893466,
        0.27616271611893467,
        0.2861627161189347,
        0.2961627161189347,
        0.3061627161189347,
        0.3161627161189347,
        0.3261627161189347,
        0.3311627161189347,
        0.3361627161189347,
        0.3386627161189347,
        0.34116271611893473,
        0.34366271611893473,
        0.3449127161189347,
        0.3461627161189347,
        0.34741271611893465,
        0.3486627161189346,
        0.3499127161189346,
        0.3505377161189346,
        0.35116271611893457,
        0.35178771611893456,
        0.35241271611893454,
        0.35303771611893453,
        0.3536627161189345,
        0.3539752161189345,
        0.3542877161189345,
        0.3546002161189345,
        0.3549127161189345,
        0.3552252161189345,
        0.3555377161189345,
        0.35585021611893447,
        0.35616271611893446,
        0.3563189661189345,
        0.3564752161189345,
        0.35663146611893454,
        0.35678771611893456,
        0.3569439661189346,
        0.3571002161189346,
        0.35725646611893463,
        0.35741271611893466,
        0.3575689661189347,
        0.3577252161189347,
        0.35788146611893473,
        0.35803771611893476,
        0.35811584111893474,
        0.3581939661189347,
        0.3582720911189347,
        0.3583502161189347,
        0.3584283411189347,
        0.35850646611893466,
        0.35858459111893465,
        0.35866271611893463,
        0.3587408411189346,
        0.3588189661189346,
        0.3588970911189346,
        0.35897521611893457,
        0.35905334111893455,
        0.35913146611893454,
        0.3592095911189345,
        0.3592877161189345,
        0.35932677861893453,
        0.35936584111893455,
        0.35940490361893457,
        0.3594439661189346,
        0.3594830286189346,
        0.35952209111893463,
        0.35956115361893465,
        0.35960021611893467
    ],