{
    "label": "E1",
    "frame": "P002",
    "level": 0,
    "L": 32,
    "lat_unit": 0.0658,
    "a_inv": 2.999,
    "m_B": 0.6768922974324774,
    "m_pi": 0.326108702900967,
    "k2mpi2": -0.08914169576635228,
    "kcot_mpi": -0.26137964855902757,
    "k2mpi2s": [
        -0.098637598403498,
        -0.09823776833543979,
        -0.09783793826738156,
        -0.09743810819932334,
        -0.09703827813126513,
        -0.09663844806320691,
        -0.09623861799514868,
        -0.09583878792709047,
        -0.09543895785903225,
        -0.09503912779097404,
        -0.09463929772291581,
        -0.09423946765485759,
        -0.09383963758679938,
        -0.09343980751874116,
        -0.09303997745068293,
        -0.09264014738262472,
        -0.0922403173145665,
        -0.09184048724650828,
        -0.09144065717845005,
        -0.09104082711039184,
        -0.09064099704233362,
        -0.0902411669742754,
        -0.08984133690621718,
        -0.08944150683815896,
        -0.08904167677010075,
        -0.08864184670204252,
        -0.0882420166339843,
        -0.08784218656592609,
        -0.08744235649786786,
        -0.08704252642980964,
        -0.08664269636175143,
        -0.08624286629369321,
        -0.085843036225635,
        -0.08544320615757676,
        -0.08504337608951855,
        -0.08464354602146033,
        -0.0842437159534021,
        -0.08384388588534389,
        -0.08344405581728567,
        -0.08304422574922746,
        -0.08264439568116924,
        -0.08224456561311101,
        -0.0818447355450528,
        -0.08144490547699457,
        -0.08104507540893635,
        -0.08064524534087814,
        -0.08024541527281992,
        -0.0798455852047617,
        -0.07944575513670347,
        -0.07904592506864526
    ],
    "kcot_mpis": [
        -0.2835171378208104,
        -0.2826338927530912,
        -0.2817467066950088,
        -0.2808555348065867,
        -0.27996033151790206,
        -0.27906105051609137,
        -0.27815764472806787,
        -0.2772500663054506,
        -0.27633826660876065,
        -0.2754221961895944,
        -0.2745018047750753,
        -0.2735770412495654,
        -0.27264785363657074,
        -0.27171418908099215,
        -0.2707759938298759,
        -0.2698332132131753,
        -0.2688857916239216,
        -0.2679336724980021,
        -0.2669767982919825,
        -0.2660151104665059,
        -0.2650485494557717,
        -0.2640770546526352,
        -0.2631005643818657,
        -0.2621190158776613,
        -0.2611323452577046,
        -0.2601404874993892,
        -0.2591433764145131,
        -0.2581409446194741,
        -0.2571331235126364,
        -0.2561198432428902,
        -0.2551010326836258,
        -0.25407661939875753,
        -0.2530465296196691,
        -0.2520106882041931,
        -0.2509690186160797,
        -0.24992144287991302,
        -0.24886788155649708,
        -0.2478082537035376,
        -0.2467424768409703,
        -0.24567046691356983,
        -0.24459213825208187,
        -0.24350740353699726,
        -0.24241617375397503,
        -0.2413183581554973,
        -0.24021386421872346,
        -0.23910259759720018,
        -0.2379844620808589,
        -0.23685935954559234,
        -0.23572718990592478,
        -0.2345878510684818
    ],
    "k2mpi2_ref": [
        -0.20914169576635233,
        -0.19914169576635232,
        -0.1891416957663523,
        -0.1791416957663523,
        -0.1691416957663523,
        -0.1591416957663523,
        -0.14914169576635228,
        -0.13914169576635227,
        -0.12914169576635226,
        -0.11914169576635227,
        -0.10914169576635227,
        -0.09914169576635228,
        -0.08914169576635228,
        -0.07914169576635229,
        -0.06914169576635229,
        -0.05914169576635229,
        -0.049141695766352286,
        -0.039141695766352284,
        -0.029141695766352282,
        -0.01914169576635228,
        -0.01414169576635228,
        -0.009141695766352279,
        -0.006641695766352278,
        -0.005391695766352278,
        -0.004766695766352278,
        -0.0041416957663522784,
        -0.0035166957663522783,
        -0.0032041957663522785,
        -0.0028916957663522786,
        -0.002579195766352279,
        -0.0024229457663522786,
        -0.0022666957663522785,
        -0.0021104457663522784,
        -0.0019541957663522782,
        -0.0017979457663522783
    ],
    "kcot_mpi_ref": [
        -0.45181331896400284,
        -0.4399964164646747,
        -0.42776835593157037,
        -0.41507805776630063,
        -0.4018633703007689,
        -0.38804767915373545,
        -0.373535162797102,
        -0.35820401474625957,
        -0.34189653203530096,
        -0.32440423117540446,
        -0.30544480537875596,
        -0.2846251663706767,
        -0.26137964855902757,
        -0.23486141367812935,
        -0.20373968461882586,
        -0.16579136081872559,
        -0.11699413996368696,
        -0.04922968051784284,
        0.05674191039277674,
        0.26032865188201293,
        0.46322493369604156,
        0.8807942957090413,
        1.3215266999739692,
        1.6939705815705708,
        1.953105114279608,
        2.2901880044409944,
        2.746778237939555,
        3.0417421219734178,
        3.4003643923278766,
        3.8457838024471815,
        4.111537401995944,
        4.413899283466386,
        4.761000471519707,
        5.163572492994993,
        5.6360773566696185
    ],
    "xlim": [
        -0.2,
        0.5
    ],
    "ylim": [
        -0.5,
        5.5
    ]
}