{
    "label": "E5",
    "frame": "P002",
    "level": 0,
    "L": 32,
    "lat_unit": 0.0658,
    "a_inv": 2.999,
    "m_B": 0.43014338112704237,
    "m_pi": 0.14538179393131043,
    "k2mpi2": -0.37373069026695727,
    "kcot_mpi": -0.5035214981535313,
    "k2mpi2s": [
        -0.4143219989658357,
        -0.4126266790060797,
        -0.41093135904632366,
        -0.40923603908656764,
        -0.4075407191268116,
        -0.4058453991670556,
        -0.40415007920729956,
        -0.40245475924754354,
        -0.4007594392877875,
        -0.3990641193280315,
        -0.39736879936827546,
        -0.39567347940851944,
        -0.39397815944876335,
        -0.39228283948900733,
        -0.3905875195292513,
        -0.3888921995694953,
        -0.38719687960973925,
        -0.3855015596499832,
        -0.3838062396902272,
        -0.3821109197304712,
        -0.38041559977071515,
        -0.3787202798109591,
        -0.3770249598512031,
        -0.3753296398914471,
        -0.37363431993169105,
        -0.371938999971935,
        -0.370243680012179,
        -0.368548360052423,
        -0.36685304009266695,
        -0.3651577201329109,
        -0.3634624001731549,
        -0.3617670802133989,
        -0.36007176025364285,
        -0.3583764402938868,
        -0.3566811203341308,
        -0.35498580037437477,
        -0.35329048041461875,
        -0.3515951604548627,
        -0.3498998404951067,
        -0.34820452053535067,
        -0.34650920057559464,
        -0.3448138806158386,
        -0.34311856065608254,
        -0.3414232406963265,
        -0.3397279207365705,
        -0.33803260077681446,
        -0.33633728081705844,
        -0.3346419608573024,
        -0.3329466408975464,
        -0.33125132093779036
    ],
    "kcot_mpis": [
        -0.554561193169392,
        -0.5525542448579162,
        -0.5505373553324316,
        -0.548510407902291,
        -0.5464732839492183,
        -0.5444258628924998,
        -0.5423680221436473,
        -0.5402996370692177,
        -0.5382205809399779,
        -0.5361307248945462,
        -0.5340299378872846,
        -0.5319180866485039,
        -0.5297950356276357,
        -0.5276606469557232,
        -0.5255147803819251,
        -0.5233572932327794,
        -0.5211880403526056,
        -0.5190068740522313,
        -0.5168136440516097,
        -0.5146081974234752,
        -0.5123903785329447,
        -0.5101600289783548,
        -0.5079169875290864,
        -0.5056610900600403,
        -0.5033921694885526,
        -0.5011100557051783,
        -0.49881457550500397,
        -0.4965055525175207,
        -0.4941828071309203,
        -0.49184615642095686,
        -0.4894954140698858,
        -0.48713039028830635,
        -0.4847508917348295,
        -0.48235672143195624,
        -0.4799476786760249,
        -0.4775235589545743,
        -0.4750841538493248,
        -0.4726292509457411,
        -0.47015863373455324,
        -0.46767208151246686,
        -0.4651693692800672,
        -0.46265026763597195,
        -0.46011454266830026,
        -0.4575619558433306,
        -0.45499226388699393,
        -0.4524052186726153,
        -0.44980056709278127,
        -0.44717805093478086,
        -0.44453740675238096,
        -0.44187836573064093
    ],
    "k2mpi2_ref": [
        -0.8037306902669576,
        -0.7937306902669576,
        -0.7837306902669576,
        -0.7737306902669576,
        -0.7637306902669576,
        -0.7537306902669576,
        -0.7437306902669576,
        -0.7337306902669576,
        -0.7237306902669576,
        -0.7137306902669576,
        -0.7037306902669576,
        -0.6937306902669576,
        -0.6837306902669575,
        -0.6737306902669575,
        -0.6637306902669575,
        -0.6537306902669575,
        -0.6437306902669575,
        -0.6337306902669575,
        -0.6237306902669575,
        -0.6137306902669575,
        -0.6037306902669575,
        -0.5937306902669575,
        -0.5837306902669575,
        -0.5737306902669574,
        -0.5637306902669574,
        -0.5537306902669574,
        -0.5437306902669574,
        -0.5337306902669574,
        -0.5237306902669574,
        -0.5137306902669574,
        -0.5037306902669574,
        -0.4937306902669574,
        -0.48373069026695736,
        -0.47373069026695735,
        -0.46373069026695735,
        -0.45373069026695734,
        -0.44373069026695733,
        -0.4337306902669573,
        -0.4237306902669573,
        -0.4137306902669573,
        -0.4037306902669573,
        -0.3937306902669573,
        -0.3837306902669573,
        -0.37373069026695727,
        -0.36373069026695726,
        -0.35373069026695725,
        -0.34373069026695724,
        -0.33373069026695723,
        -0.3237306902669572,
        -0.3137306902669572,
        -0.3037306902669572,
        -0.2937306902669572,
        -0.2837306902669572,
        -0.2737306902669572,
        -0.26373069026695717,
        -0.25373069026695716,
        -0.24373069026695715,
        -0.23373069026695714,
        -0.22373069026695713,
        -0.21373069026695712,
        -0.20373069026695712,
        -0.1937306902669571,
        -0.1837306902669571,
        -0.1737306902669571,
        -0.16373069026695708,
        -0.15373069026695707,
        -0.14373069026695706,
        -0.13373069026695705,
        -0.12373069026695706,
        -0.11373069026695706,
        -0.10373069026695707,
        -0.09373069026695707,
        -0.08373069026695708,
        -0.07373069026695708,
        -0.06373069026695709,
        -0.053730690266957086,
        -0.043730690266957084,
        -0.03873069026695709,
        -0.03373069026695709,
        -0.03123069026695709,
        -0.02873069026695709,
        -0.026230690266957093,
        -0.023730690266957094,
        -0.022480690266957093,
        -0.021230690266957092,
        -0.01998069026695709,
        -0.01873069026695709,
        -0.01748069026695709,
        -0.016855690266957088,
        -0.016230690266957087,
        -0.015605690266957087,
        -0.014980690266957086,
        -0.014355690266957086,
        -0.013730690266957085,
        -0.013105690266957085,
        -0.012480690266957084,
        -0.011855690266957084,
        -0.011543190266957083,
        -0.011230690266957083,
        -0.010918190266957083,
        -0.010605690266957082,
        -0.010293190266957082,
        -0.009980690266957082,
        -0.009668190266957082,
        -0.009355690266957081,
        -0.009043190266957081,
        -0.00873069026695708,
        -0.00841819026695708
    ],