{
    "label": "E5",
    "frame": "P111",
    "level": 0,
    "L": 32,
    "lat_unit": 0.0658,
    "a_inv": 2.999,
    "m_B": 0.43014338112704237,
    "m_pi": 0.14538179393131043,
    "k2mpi2": 0.6246917298506208,
    "kcot_mpi": 0.5250694860786385,
    "k2mpi2s": [
        0.517946573654552,
        0.5224967868150125,
        0.527046999975473,
        0.5315972131359336,
        0.536147426296394,
        0.5406976394568546,
        0.5452478526173151,
        0.5497980657777756,
        0.5543482789382361,
        0.5588984920986966,
        0.5634487052591571,
        0.5679989184196177,
        0.5725491315800781,
        0.5770993447405387,
        0.5816495579009991,
        0.5861997710614597,
        0.5907499842219202,
        0.5953001973823807,
        0.5998504105428413,
        0.6044006237033017,
        0.6089508368637623,
        0.6135010500242228,
        0.6180512631846833,
        0.6226014763451438,
        0.6271516895056043,
        0.6317019026660649,
        0.6362521158265253,
        0.6408023289869859,
        0.6453525421474464,
        0.6499027553079069,
        0.6544529684683674,
        0.659003181628828,
        0.6635533947892884,
        0.6681036079497489,
        0.6726538211102094,
        0.67720403427067,
        0.6817542474311304,
        0.686304460591591,
        0.6908546737520516,
        0.695404886912512,
        0.6999551000729726,
        0.704505313233433,
        0.7090555263938936,
        0.713605739554354,
        0.7181559527148146,
        0.7227061658752751,
        0.7272563790357356,
        0.7318065921961961,
        0.7363568053566567,
        0.7409070185171172
    ],
    "kcot_mpis": [
        0.2977369250767631,
        0.3063945119361238,
        0.3151328731653702,
        0.32395338915724203,
        0.3328574725192685,
        0.34184656902592897,
        0.3509221585957921,
        0.36008575631222756,
        0.3693389134729035,
        0.3786832186842998,
        0.38812029899105,
        0.3976518210497643,
        0.4072794923425407,
        0.4170050624393914,
        0.42683032430729906,
        0.43675711566339864,
        0.4467873203887712,
        0.4569228699826339,
        0.46716574508655967,
        0.4775179770664099,
        0.48798164960603946,
        0.4985589004958564,
        0.5092519233120428,
        0.5200629692994799,
        0.5309943492726664,
        0.5420484356046883,
        0.5532276642886748,
        0.5645345370984577,
        0.5759716238188802,
        0.5875415645826092,
        0.5992470722930567,
        0.6110909351589009,
        0.6230760193249316,
        0.6352052716204007,
        0.6474817224235209,
        0.6599084886442376,
        0.6724887768468387,
        0.6852258864953417,
        0.6981232133492117,
        0.7111842530056515,
        0.7244126046043234,
        0.7378119746916044,
        0.7513861812639056,
        0.7651391579930304,
        0.7790749586473791,
        0.7931977617149295,
        0.8075118752408343,
        0.8220217418962354,
        0.8367319442843386,
        0.8516472104981871
    ],
    "k2mpi2_ref": [
        -0.7853082701493801,
        -0.7753082701493801,
        -0.7653082701493801,
        -0.7553082701493801,
        -0.7453082701493801,
        -0.73530827014938,
        -0.72530827014938,
        -0.71530827014938,
        -0.70530827014938,
        -0.69530827014938,
        -0.68530827014938,
        -0.67530827014938,
        -0.66530827014938,
        -0.65530827014938,
        -0.64530827014938,
        -0.63530827014938,
        -0.62530827014938,
        -0.6153082701493799,
        -0.6053082701493799,
        -0.5953082701493799,
        -0.5853082701493799,
        -0.5753082701493799,
        -0.5653082701493799,
        -0.5553082701493799,
        -0.5453082701493799,
        -0.5353082701493799,
        -0.5253082701493799,
        -0.5153082701493799,
        -0.5053082701493798,
        -0.4953082701493799,
        -0.4853082701493799,
        -0.4753082701493799,
        -0.46530827014937987,
        -0.45530827014937986,
        -0.44530827014937985,
        -0.43530827014937984,
        -0.42530827014937983,
        -0.4153082701493798,
        -0.4053082701493798,
        -0.3953082701493798,
        -0.3853082701493798,
        -0.3753082701493798,
        -0.3653082701493798,
        -0.35530827014937977,
        -0.34530827014937976,
        -0.33530827014937975,
        -0.32530827014937974,
        -0.31530827014937973,
        -0.3053082701493797,
        -0.2953082701493797,
        -0.2853082701493797,
        -0.2753082701493797,
        -0.2653082701493797,
        -0.2553082701493797,
        -0.24530827014937967,
        -0.23530827014937966,
        -0.22530827014937965,
        -0.21530827014937964,
        -0.20530827014937963,
        -0.19530827014937963,
        -0.18530827014937962,
        -0.1753082701493796,
        -0.1653082701493796,
        -0.1553082701493796,
        -0.14530827014937958,
        -0.13530827014937957,
        -0.12530827014937956,
        -0.11530827014937957,
        -0.10530827014937957,
        -0.09530827014937958,
        -0.08530827014937958,
        -0.07530827014937959,
        -0.0653082701493796,
        -0.05530827014937959,
        -0.04530827014937959,
        -0.03530827014937959,
        -0.025308270149379586,
        -0.015308270149379584,
        -0.005308270149379584,
        0.0046917298506204165,
        0.014691729850620417,
        0.024691729850620417,
        0.03469172985062042,
        0.04469172985062042,
        0.05469172985062042,
        0.06469172985062042,
        0.07469172985062042,
        0.08469172985062041,
        0.09469172985062041,
        0.1046917298506204,
        0.1146917298506204,
        0.1246917298506204,
        0.1346917298506204,
        0.1446917298506204,
        0.1546917298506204,
        0.16469172985062042,
        0.17469172985062043,
        0.18469172985062043,
        0.19469172985062044,
        0.20469172985062045,
        0.21469172985062046,
        0.22469172985062047,
        0.23469172985062048,
        0.2446917298506205,
        0.2546917298506205,
        0.2646917298506205,
        0.2746917298506205,
        0.2846917298506205,
        0.29469172985062053,
        0.30469172985062054,
        0.31469172985062055,
        0.32469172985062056,
        0.33469172985062057,
        0.3446917298506206,
        0.3546917298506206,
        0.3646917298506206,
        0.3746917298506206,
        0.3846917298506206,
        0.3946917298506206,
        0.40469172985062063,
        0.41469172985062064,
        0.42469172985062065,
        0.43469172985062066,
        0.44469172985062067,
        0.4546917298506207,
        0.4646917298506207,
        0.4746917298506207,
        0.4846917298506207,
        0.4946917298506207,
        0.5046917298506207,
        0.5146917298506207,
        0.5246917298506207,
        0.5346917298506207,
        0.5446917298506208,
        0.5546917298506208,
        0.5646917298506208,
        0.5746917298506208,
        0.5846917298506208,
        0.5946917298506208,
        0.6046917298506208,
        0.6146917298506208,
        0.6246917298506208,
        0.6346917298506208,
        0.6446917298506208,
        0.6546917298506209,
        0.6646917298506209,
        0.6746917298506209,
        0.6846917298506209,
        0.6946917298506209,
        0.7046917298506209,
        0.7146917298506209,
        0.7246917298506209,
        0.7346917298506209,
        0.7446917298506209,
        0.7546917298506209,
        0.764691729850621,
        0.774691729850621,
        0.784691729850621,
        0.794691729850621,
        0.804691729850621,
        0.814691729850621,
        0.824691729850621,
        0.834691729850621,
        0.844691729850621,
        0.854691729850621,
        0.864691729850621,
        0.874691729850621,
        0.8846917298506211,
        0.8946917298506211,
        0.9046917298506211,
