{
    "label": "E5",
    "frame": "P001",
    "level": 0,
    "L": 32,
    "lat_unit": 0.0658,
    "a_inv": 2.999,
    "m_B": 0.43014338112704237,
    "m_pi": 0.14538179393131043,
    "k2mpi2": -0.09464905803798766,
    "kcot_mpi": -0.29967746078631935,
    "k2mpi2s": [
        -0.13731706956068512,
        -0.13559927118547108,
        -0.133881472810257,
        -0.13216367443504295,
        -0.13044587605982888,
        -0.12872807768461483,
        -0.12701027930940076,
        -0.1252924809341867,
        -0.12357468255897265,
        -0.12185688418375859,
        -0.12013908580854453,
        -0.11842128743333047,
        -0.11670348905811641,
        -0.11498569068290235,
        -0.1132678923076883,
        -0.11155009393247424,
        -0.10983229555726018,
        -0.10811449718204612,
        -0.10639669880683206,
        -0.104678900431618,
        -0.10296110205640394,
        -0.10124330368118989,
        -0.09952550530597581,
        -0.09780770693076177,
        -0.09608990855554769,
        -0.09437211018033365,
        -0.09265431180511959,
        -0.09093651342990552,
        -0.08921871505469146,
        -0.0875009166794774,
        -0.08578311830426336,
        -0.08406531992904928,
        -0.08234752155383523,
        -0.08062972317862116,
        -0.07891192480340711,
        -0.07719412642819305,
        -0.07547632805297899,
        -0.07375852967776493,
        -0.07204073130255087,
        -0.07032293292733681,
        -0.06860513455212275,
        -0.06688733617690869,
        -0.06516953780169464,
        -0.06345173942648058,
        -0.06173394105126652,
        -0.06001614267605246,
        -0.0582983443008384,
        -0.05658054592562434,
        -0.054862747550410276,
        -0.05314494917519622
    ],
    "kcot_mpis": [
        -0.3562549295320867,
        -0.35408420596278456,
        -0.3519050852017748,
        -0.3497174954140403,
        -0.34752136390293104,
        -0.3453166170913562,
        -0.3431031805168693,
        -0.34088097880988993,
        -0.33864993568533297,
        -0.33640997392541533,
        -0.33416101536662063,
        -0.33190298088598397,
        -0.3296357903822215,
        -0.32735936276703476,
        -0.3250736159423086,
        -0.322778466789442,
        -0.3204738311520832,
        -0.3181596238180231,
        -0.31583575850575185,
        -0.3135021478417996,
        -0.311158703350928,
        -0.3088053354325217,
        -0.3064419533457572,
        -0.3040684651877882,
        -0.3016847778793541,
        -0.2992907971430816,
        -0.29688642748396854,
        -0.2944715721708503,
        -0.29204613321401446,
        -0.28961001134845293,
        -0.2871631060068199,
        -0.284705315303919,
        -0.28223653601108395,
        -0.2797566635359808,
        -0.2772655918980687,
        -0.2747632137067604,
        -0.27224942013558606,
        -0.2697241009016507,
        -0.26718714423725853,
        -0.2646384368668374,
        -0.26207786398059535,
        -0.2595053092073296,
        -0.25692065459066954,
        -0.25432378055883653,
        -0.25171456589563035,
        -0.2490928877177446,
        -0.24645862143823025,
        -0.24381164074200595,
        -0.24115181755437343,
        -0.23847902200868246
    ],
    "k2mpi2_ref": [
        -0.8046490580379883,
        -0.7946490580379882,
        -0.7846490580379882,
        -0.7746490580379882,
        -0.7646490580379882,
        -0.7546490580379882,
        -0.7446490580379882,
        -0.7346490580379882,
        -0.7246490580379882,
        -0.7146490580379882,
        -0.7046490580379882,
        -0.6946490580379882,
        -0.6846490580379881,
        -0.6746490580379881,
        -0.6646490580379881,
        -0.6546490580379881,
        -0.6446490580379881,
        -0.6346490580379881,
        -0.6246490580379881,
        -0.6146490580379881,
        -0.6046490580379881,
        -0.5946490580379881,
        -0.5846490580379881,
        -0.574649058037988,
        -0.564649058037988,
        -0.554649058037988,
        -0.544649058037988,
        -0.534649058037988,
        -0.524649058037988,
        -0.514649058037988,
        -0.504649058037988,
        -0.494649058037988,
        -0.48464905803798797,
        -0.47464905803798796,
        -0.46464905803798795,
        -0.45464905803798794,
        -0.44464905803798793,
        -0.4346490580379879,
        -0.4246490580379879,
        -0.4146490580379879,
        -0.4046490580379879,
        -0.3946490580379879,
        -0.3846490580379879,
        -0.37464905803798787,
        -0.36464905803798786,
        -0.35464905803798785,
        -0.34464905803798784,
        -0.33464905803798783,
        -0.3246490580379878,
        -0.3146490580379878,
        -0.3046490580379878,
        -0.2946490580379878,
        -0.2846490580379878,
        -0.2746490580379878,
        -0.26464905803798777,
        -0.25464905803798776,
        -0.24464905803798775,
        -0.23464905803798775,
        -0.22464905803798774,
        -0.21464905803798773,
        -0.20464905803798772,
        -0.1946490580379877,
        -0.1846490580379877,
        -0.1746490580379877,
        -0.16464905803798768,
        -0.15464905803798767,
        -0.14464905803798767,
        -0.13464905803798766,
        -0.12464905803798765,
        -0.11464905803798765,
        -0.10464905803798766,
        -0.09464905803798766,
        -0.08464905803798767,
        -0.07464905803798767,
        -0.06464905803798768,
        -0.054649058037987676,
        -0.044649058037987674,
        -0.03464905803798767,
        -0.02464905803798767,
        -0.01464905803798767,
        -0.00464905803798767,
        0.005350941962012331,
        0.01535094196201233,
        0.025350941962012333,
        0.035350941962012335,
        0.04535094196201234,
        0.05535094196201234,
        0.06535094196201234,
        0.07535094196201234,
        0.08535094196201233,
        0.09535094196201233,
        0.10535094196201232,
        0.11535094196201232,
        0.12535094196201232,
        0.13535094196201233,
        0.14535094196201234,
        0.15535094196201235,
        0.16535094196201236,
        0.17535094196201237,
        0.18535094196201238,
        0.1953509419620124,
        0.2053509419620124,
        0.2153509419620124,
        0.2253509419620124,
        0.23535094196201242,
        0.24535094196201243,
        0.2553509419620124,
        0.2653509419620124,
        0.27535094196201243,
        0.28535094196201244,
        0.29535094196201245,
        0.30535094196201246,
        0.31535094196201247,
        0.3253509419620125,
        0.3353509419620125,
        0.3453509419620125,
        0.3553509419620125,
        0.3653509419620125,
        0.3703509419620125,
        0.3753509419620125,
        0.3803509419620125,
        0.3853509419620125,
        0.38785094196201253,
        0.39035094196201253,
        0.39285094196201253,
        0.39535094196201254,
        0.39785094196201254,
        0.40035094196201254,
        0.4016009419620125,
        0.4028509419620125,
        0.40410094196201246,
        0.40535094196201243,
        0.4066009419620124,
        0.4078509419620124,
        0.40910094196201235,
        0.40972594196201234,
        0.4103509419620123,
        0.4109759419620123,
        0.4116009419620123,
        0.4122259419620123,
        0.4128509419620123,
        0.41347594196201226,
        0.41410094196201225,
        0.41472594196201223,
        0.4153509419620122,
        0.4159759419620122
    ],