{
    "label": "E5",
    "frame": "P111",
    "level": 1,
    "L": 32,
    "lat_unit": 0.0658,
    "a_inv": 2.999,
    "m_B": 0.43014338112704237,
    "m_pi": 0.14538179393131043,
    "k2mpi2": 1.0808696644968039,
    "kcot_mpi": 3.4071444748215995,
    "k2mpi2s": [
        1.0424007882230715,
        1.0440155560995557,
        1.0456303239760398,
        1.047245091852524,
        1.0488598597290082,
        1.0504746276054924,
        1.0520893954819766,
        1.0537041633584607,
        1.055318931234945,
        1.056933699111429,
        1.0585484669879133,
        1.0601632348643975,
        1.0617780027408816,
        1.0633927706173656,
        1.0650075384938498,
        1.066622306370334,
        1.0682370742468181,
        1.0698518421233023,
        1.0714666099997865,
        1.0730813778762707,
        1.0746961457527549,
        1.076310913629239,
        1.0779256815057232,
        1.0795404493822074,
        1.0811552172586916,
        1.0827699851351757,
        1.08438475301166,
        1.085999520888144,
        1.0876142887646283,
        1.0892290566411125,
        1.0908438245175966,
        1.0924585923940808,
        1.094073360270565,
        1.0956881281470492,
        1.0973028960235334,
        1.0989176639000175,
        1.1005324317765017,
        1.1021471996529857,
        1.1037619675294699,
        1.105376735405954,
        1.1069915032824382,
        1.1086062711589224,
        1.1102210390354066,
        1.1118358069118908,
        1.113450574788375,
        1.1150653426648591,
        1.1166801105413433,
        1.1182948784178275,
        1.1199096462943117,
        1.1215244141707958
    ],
    "kcot_mpis": [
        2.8148890153167896,
        2.8364491221584665,
        2.858260438132706,
        2.880327527889527,
        2.9026550674892406,
        2.925247847812117,
        2.948110778112758,
        2.971248889684397,
        2.994667339699556,
        3.0183714151465226,
        3.042366536954435,
        3.066658264258606,
        3.0912522988339575,
        3.1161544896993565,
        3.141370837899671,
        3.1669075014833,
        3.1927708006659037,
        3.2189672232062145,
        3.2455034299979237,
        3.2723862608635517,
        3.2996227406484837,
        3.327220085475077,
        3.35518570931854,
        3.383527230835237,
        3.4122524804672976,
        3.4413695078619044,
        3.4708865895923564,
        3.500812237208414,
        3.5311552056497137,
        3.561924501981017,
        3.593129394569479,
        3.6247794225962084,
        3.6568844060455583,
        3.68945445610166,
        3.722499986021203,
        3.756031722518407,
        3.790060717623133,
        3.8245983611332726,
        3.859656393581255,
        3.895246919896106,
        3.9313824235993695,
        3.968075781759252,
        4.005340280565717,
        4.043189631814492,
        4.081637989968615,
        4.120699970257345,
        4.160390667528445,
        4.2007256760933585,
        4.241721110584723,
        4.283393627816182
    ],
    "k2mpi2_ref": [
        -0.7891303355031974,
        -0.7791303355031974,
        -0.7691303355031974,
        -0.7591303355031974,
        -0.7491303355031974,
        -0.7391303355031974,
        -0.7291303355031974,
        -0.7191303355031974,
        -0.7091303355031974,
        -0.6991303355031974,
        -0.6891303355031974,
        -0.6791303355031973,
        -0.6691303355031973,
        -0.6591303355031973,
        -0.6491303355031973,
        -0.6391303355031973,
        -0.6291303355031973,
        -0.6191303355031973,
        -0.6091303355031973,
        -0.5991303355031973,
        -0.5891303355031973,
        -0.5791303355031973,
        -0.5691303355031972,
        -0.5591303355031972,
        -0.5491303355031972,
        -0.5391303355031972,
        -0.5291303355031972,
        -0.5191303355031972,
        -0.5091303355031972,
        -0.49913033550319724,
        -0.48913033550319723,
        -0.4791303355031972,
        -0.4691303355031972,
        -0.4591303355031972,
        -0.4491303355031972,
        -0.4391303355031972,
        -0.4291303355031972,
        -0.41913033550319717,
        -0.40913033550319716,
        -0.39913033550319715,
        -0.38913033550319714,
        -0.37913033550319714,
        -0.3691303355031971,
        -0.3591303355031971,
        -0.3491303355031971,
        -0.3391303355031971,
        -0.3291303355031971,
        -0.3191303355031971,
        -0.3091303355031971,
        -0.29913033550319706,
        -0.28913033550319706,
        -0.27913033550319705,
        -0.26913033550319704,
        -0.25913033550319703,
        -0.24913033550319702,
        -0.239130335503197,
        -0.229130335503197,
        -0.219130335503197,
        -0.20913033550319698,
        -0.19913033550319698,
        -0.18913033550319697,
        -0.17913033550319696,
        -0.16913033550319695,
        -0.15913033550319694,
        -0.14913033550319693,
        -0.13913033550319692,
        -0.1291303355031969,
        -0.11913033550319692,
        -0.10913033550319692,
        -0.09913033550319693,
        -0.08913033550319693,
        -0.07913033550319694,
        -0.06913033550319694,
        -0.05913033550319695,
        -0.04913033550319695,
        -0.039130335503196945,
        -0.029130335503196943,
        -0.01913033550319694,
        -0.00913033550319694,
        0.0008696644968030597,
        0.01086966449680306,
        0.02086966449680306,
        0.030869664496803062,
        0.040869664496803064,
        0.050869664496803066,
        0.06086966449680307,
        0.07086966449680307,
        0.08086966449680306,
        0.09086966449680306,
        0.10086966449680305,
        0.11086966449680305,
        0.12086966449680304,
        0.13086966449680304,
        0.14086966449680305,
        0.15086966449680306,
        0.16086966449680307,
        0.17086966449680308,
        0.18086966449680308,
        0.1908696644968031,
        0.2008696644968031,
        0.2108696644968031,
        0.22086966449680312,
        0.23086966449680313,
        0.24086966449680314,
        0.25086966449680315,
        0.26086966449680316,
        0.27086966449680316,
        0.2808696644968032,
        0.2908696644968032,
        0.3008696644968032,
        0.3108696644968032,
        0.3208696644968032,
        0.3308696644968032,
        0.3408696644968032,
        0.35086966449680324,
        0.36086966449680324,
        0.37086966449680325,
        0.38086966449680326,
        0.39086966449680327,
        0.4008696644968033,
        0.4108696644968033,
        0.4208696644968033,
        0.4308696644968033,
        0.4408696644968033,
        0.4508696644968033,
        0.46086966449680333,
        0.47086966449680334,
        0.48086966449680335,
        0.49086966449680336,
        0.5008696644968034,
        0.5108696644968034,
        0.5208696644968034,
        0.5308696644968034,
        0.5408696644968034,
        0.5508696644968034,
        0.5608696644968034,
        0.5708696644968034,
        0.5808696644968034,
        0.5908696644968034,
        0.6008696644968035,
        0.6108696644968035,
        0.6208696644968035,
        0.6308696644968035,
        0.6408696644968035,
        0.6508696644968035,
        0.6608696644968035,
        0.6708696644968035,
        0.6808696644968035,
        0.6908696644968035,
        0.7008696644968035,
        0.7108696644968036,
        0.7208696644968036,
        0.7308696644968036,
        0.7408696644968036,
        0.7508696644968036,
        0.7608696644968036,
        0.7708696644968036,
        0.7808696644968036,
        0.7908696644968036,
        0.8008696644968036,
        0.8108696644968036,
        0.8208696644968037,
        0.8308696644968037,
        0.8408696644968037,
        0.8508696644968037,
        0.8608696644968037,
        0.8708696644968037,
        0.8808696644968037,
        0.8908696644968037,
        0.9008696644968037,
