{
    "label": "E5",
    "frame": "P000",
    "level": 1,
    "L": 32,
    "lat_unit": 0.0658,
    "a_inv": 2.999,
    "m_B": 0.43014338112704237,
    "m_pi": 0.14538179393131043,
    "k2mpi2": 1.5015734283378848,
    "kcot_mpi": 1.9813311299289522,
    "k2mpi2s": [
        1.4438321415047635,
        1.4460952330868122,
        1.448358324668861,
        1.4506214162509095,
        1.4528845078329582,
        1.455147599415007,
        1.4574106909970557,
        1.4596737825791044,
        1.461936874161153,
        1.4641999657432017,
        1.4664630573252504,
        1.4687261489072991,
        1.4709892404893479,
        1.4732523320713964,
        1.4755154236534451,
        1.4777785152354939,
        1.4800416068175426,
        1.4823046983995913,
        1.4845677899816399,
        1.4868308815636886,
        1.4890939731457373,
        1.491357064727786,
        1.4936201563098348,
        1.4958832478918833,
        1.498146339473932,
        1.5004094310559808,
        1.5026725226380295,
        1.504935614220078,
        1.5071987058021268,
        1.5094617973841755,
        1.5117248889662243,
        1.513987980548273,
        1.5162510721303217,
        1.5185141637123702,
        1.520777255294419,
        1.5230403468764677,
        1.5253034384585165,
        1.527566530040565,
        1.5298296216226137,
        1.5320927132046624,
        1.5343558047867112,
        1.53661889636876,
        1.5388819879508087,
        1.5411450795328572,
        1.543408171114906,
        1.5456712626969547,
        1.5479343542790034,
        1.550197445861052,
        1.5524605374431006,
        1.5547236290251494
    ],
    "kcot_mpis": [
        1.586485326016387,
        1.5999147966495986,
        1.6134876925506876,
        1.6272066032267134,
        1.6410741811620613,
        1.6550931437720533,
        1.669266275421907,
        1.6835964294729904,
        1.6980865304350663,
        1.712739576240815,
        1.727558640543261,
        1.7425468751023958,
        1.757707512362777,
        1.7730438679826246,
        1.7885593435659708,
        1.804257429473615,
        1.8201417077274011,
        1.836215855082679,
        1.8524836460731533,
        1.8689489564990365,
        1.8856157666369866,
        1.9024881649097793,
        1.9195703515539533,
        1.9368666424800998,
        1.9543814732997307,
        1.972119403480738,
        1.9900851207507406,
        2.0082834456095875,
        2.0267193360783025,
        2.0453978926531073,
        2.0643243634687525,
        2.0835041496703446,
        2.1029428110558612,
        2.1226460719402063,
        2.142619827282948,
        2.1628701491430715,
        2.1834032933366596,
        2.204225706481747,
        2.2253440333320627,
        2.246765124397522,
        2.2684960441247775,
        2.290544079146062,
        2.3129167472011853,
        2.3356218064022998,
        2.3586672647689633,
        2.3820613905862063,
        2.405812722935728,
        2.4299300829655617,
        2.4544225854993953,
        2.479299651602037
    ],
    "k2mpi2_ref": [
        0.26157342833788366,
        0.27157342833788367,
        0.2815734283378837,
        0.2915734283378837,
        0.3015734283378837,
        0.3115734283378837,
        0.3215734283378837,
        0.3315734283378837,
        0.34157342833788373,
        0.35157342833788374,
        0.36157342833788375,
        0.37157342833788376,
        0.38157342833788377,
        0.3915734283378838,
        0.4015734283378838,
        0.4115734283378838,
        0.4215734283378838,
        0.4315734283378838,
        0.4415734283378838,
        0.45157342833788383,
        0.46157342833788384,
        0.47157342833788385,
        0.48157342833788386,
        0.49157342833788387,
        0.5015734283378839,
        0.5115734283378839,
        0.5215734283378839,
        0.5315734283378839,
        0.5415734283378839,
        0.5515734283378839,
        0.5615734283378839,
        0.5715734283378839,
        0.581573428337884,
        0.591573428337884,
        0.601573428337884,
        0.611573428337884,
        0.621573428337884,
        0.631573428337884,
        0.641573428337884,
        0.651573428337884,
        0.661573428337884,
        0.671573428337884,
        0.681573428337884,
        0.691573428337884,
        0.701573428337884,
        0.7115734283378841,
        0.7215734283378841,
        0.7315734283378841,
        0.7415734283378841,
        0.7515734283378841,
        0.7615734283378841,
        0.7715734283378841,
        0.7815734283378841,
        0.7915734283378841,
        0.8015734283378841,
        0.8115734283378842,
        0.8215734283378842,
        0.8315734283378842,
        0.8415734283378842,
        0.8515734283378842,
        0.8615734283378842,
        0.8715734283378842,
        0.8815734283378842,
        0.8915734283378842,
        0.9015734283378842,
        0.9115734283378842,
        0.9215734283378842,
        0.9315734283378843,
        0.9415734283378843,
        0.9515734283378843,
        0.9615734283378843,
        0.9715734283378843,
        0.9815734283378843,
        0.9915734283378843,
        1.0015734283378843,
        1.0115734283378843,
        1.0215734283378843,
        1.0315734283378843,
        1.0415734283378844,
        1.0515734283378844,
        1.0615734283378844,
        1.0715734283378844,
        1.0815734283378844,
        1.0915734283378844,
        1.1015734283378844,
        1.1115734283378844,
        1.1215734283378844,
        1.1315734283378844,
        1.1415734283378844,
        1.1515734283378845,
        1.1615734283378845,
        1.1715734283378845,
        1.1815734283378845,
        1.1915734283378845,
        1.2015734283378845,
        1.2115734283378845,
        1.2215734283378845,
        1.2315734283378845,
        1.2415734283378845,
        1.2515734283378845,
        1.2615734283378846,
        1.2715734283378846,
        1.2815734283378846,
        1.2915734283378846,
        1.3015734283378846,
        1.3115734283378846,
        1.3215734283378846,
        1.3315734283378846,
        1.3415734283378846,
        1.3515734283378846,
        1.3615734283378846,
        1.3715734283378846,
        1.3815734283378847,
        1.3915734283378847,
        1.4015734283378847,
        1.4115734283378847,
        1.4215734283378847,
        1.4315734283378847,
        1.4415734283378847,
        1.4515734283378847,
        1.4615734283378847,
        1.4715734283378847,
        1.4815734283378847,
        1.4915734283378848,
        1.5015734283378848,
        1.5115734283378848,
        1.5215734283378848,
        1.5315734283378848,
        1.5415734283378848,
        1.5515734283378848,
        1.5615734283378848,
        1.5715734283378848,
        1.5815734283378848,
        1.5915734283378848,
        1.6015734283378849,
        1.6115734283378849,
        1.6215734283378849,
        1.6315734283378849,
        1.6415734283378849,
        1.651573428337885,
        1.661573428337885,
        1.671573428337885,
        1.681573428337885,
        1.691573428337885,
        1.701573428337885,
        1.7065734283378848,
        1.7115734283378847,
        1.7165734283378846,
        1.7215734283378845,
        1.7265734283378844,
        1.7315734283378843,
        1.7365734283378842,
        1.7390734283378841,
        1.741573428337884,
        1.744073428337884,
        1.746573428337884,
        1.749073428337884,
        1.7515734283378839,
        1.7540734283378838,
        1.7565734283378838,
        1.7590734283378837,
        1.7615734283378837,
        1.7628234283378836,
        1.7640734283378836,
        1.7653234283378836
    ],