{
    "label": "E5",
    "frame": "P011",
    "level": 0,
    "L": 32,
    "lat_unit": 0.0658,
    "a_inv": 2.999,
    "m_B": 0.43014338112704237,
    "m_pi": 0.14538179393131043,
    "k2mpi2": 0.24930558734722402,
    "kcot_mpi": -0.003921359966746164,
    "k2mpi2s": [
        0.18622114680918064,
        0.18876457275107694,
        0.1913079986929732,
        0.1938514246348695,
        0.19639485057676578,
        0.19893827651866208,
        0.20148170246055835,
        0.20402512840245465,
        0.20656855434435092,
        0.20911198028624722,
        0.2116554062281435,
        0.2141988321700398,
        0.21674225811193606,
        0.21928568405383236,
        0.22182910999572863,
        0.22437253593762493,
        0.2269159618795212,
        0.2294593878214175,
        0.23200281376331378,
        0.23454623970521007,
        0.23708966564710635,
        0.23963309158900264,
        0.24217651753089892,
        0.24471994347279521,
        0.24726336941469151,
        0.24980679535658779,
        0.25235022129848406,
        0.2548936472403803,
        0.25743707318227665,
        0.2599804991241729,
        0.2625239250660692,
        0.2650673510079655,
        0.2676107769498618,
        0.27015420289175807,
        0.27269762883365434,
        0.2752410547755506,
        0.27778448071744694,
        0.2803279066593432,
        0.2828713326012395,
        0.2854147585431358,
        0.2879581844850321,
        0.29050161042692835,
        0.2930450363688246,
        0.2955884623107209,
        0.2981318882526172,
        0.3006753141945135,
        0.30321874013640976,
        0.3057621660783061,
        0.30830559202020236,
        0.31084901796209863
    ],
    "kcot_mpis": [
        -0.09886288809664792,
        -0.09526203305799269,
        -0.09164356053903365,
        -0.08800729382793665,
        -0.08435305373681681,
        -0.08068065855449054,
        -0.07698992400428602,
        -0.07328066319544463,
        -0.06955268657854921,
        -0.0658058018947324,
        -0.06203981413153497,
        -0.05825452546991856,
        -0.05444973522831877,
        -0.05062523982041898,
        -0.04678083269317624,
        -0.04291630427766931,
        -0.039031441930794296,
        -0.035126029875975816,
        -0.031199849149245038,
        -0.02725267753741131,
        -0.0232842895171055,
        -0.019294456191543963,
        -0.01528294522999797,
        -0.011249520796891184,
        -0.007193943490537388,
        -0.0031159702705413667,
        0.000984645608004425,
        0.005108154669337374,
        0.00925481128886248,
        0.013424873768873368,
        0.017618604413348296,
        0.021836269609600972,
        0.02607813990468594,
        0.030344490090742613,
        0.034635599287113586,
        0.03895175102914846,
        0.04329323335441347,
        0.047660338892576086,
        0.05205336496003598,
        0.0564726136532134,
        0.06091839194673287,
        0.06539101179014799,
        0.06989079022162185,
        0.07441804944723686,
        0.07897311696261784,
        0.08355632571942218,
        0.08816801409419031,
        0.09280852614607386,
        0.09747821167634543,
        0.10217742634731072
    ],
    "k2mpi2_ref": [
        -0.8006944126527766,
        -0.7906944126527766,
        -0.7806944126527766,
        -0.7706944126527766,
        -0.7606944126527766,
        -0.7506944126527766,
        -0.7406944126527766,
        -0.7306944126527766,
        -0.7206944126527766,
        -0.7106944126527766,
        -0.7006944126527765,
        -0.6906944126527765,
        -0.6806944126527765,
        -0.6706944126527765,
        -0.6606944126527765,
        -0.6506944126527765,
        -0.6406944126527765,
        -0.6306944126527765,
        -0.6206944126527765,
        -0.6106944126527765,
        -0.6006944126527765,
        -0.5906944126527764,
        -0.5806944126527764,
        -0.5706944126527764,
        -0.5606944126527764,
        -0.5506944126527764,
        -0.5406944126527764,
        -0.5306944126527764,
        -0.5206944126527764,
        -0.5106944126527764,
        -0.5006944126527764,
        -0.49069441265277636,
        -0.48069441265277635,
        -0.47069441265277634,
        -0.46069441265277633,
        -0.4506944126527763,
        -0.4406944126527763,
        -0.4306944126527763,
        -0.4206944126527763,
        -0.4106944126527763,
        -0.4006944126527763,
        -0.39069441265277627,
        -0.38069441265277626,
        -0.37069441265277625,
        -0.36069441265277624,
        -0.35069441265277623,
        -0.3406944126527762,
        -0.3306944126527762,
        -0.3206944126527762,
        -0.3106944126527762,
        -0.3006944126527762,
        -0.2906944126527762,
        -0.28069441265277617,
        -0.27069441265277616,
        -0.26069441265277615,
        -0.25069441265277614,
        -0.24069441265277614,
        -0.23069441265277613,
        -0.22069441265277612,
        -0.2106944126527761,
        -0.2006944126527761,
        -0.1906944126527761,
        -0.18069441265277608,
        -0.17069441265277607,
        -0.16069441265277606,
        -0.15069441265277606,
        -0.14069441265277605,
        -0.13069441265277604,
        -0.12069441265277604,
        -0.11069441265277605,
        -0.10069441265277605,
        -0.09069441265277606,
        -0.08069441265277606,
        -0.07069441265277607,
        -0.06069441265277607,
        -0.05069441265277607,
        -0.04069441265277607,
        -0.030694412652776067,
        -0.020694412652776065,
        -0.010694412652776064,
        -0.0006944126527760643,
        0.009305587347223936,
        0.019305587347223936,
        0.029305587347223938,
        0.03930558734722394,
        0.04930558734722394,
        0.059305587347223944,
        0.06930558734722395,
        0.07930558734722394,
        0.08930558734722394,
        0.09930558734722393,
        0.10930558734722393,
        0.11930558734722392,
        0.12930558734722392,
        0.13930558734722392,
        0.14930558734722393,
        0.15930558734722394,
        0.16930558734722395,
        0.17930558734722396,
        0.18930558734722397,
        0.19930558734722398,
        0.209305587347224,
        0.219305587347224,
        0.229305587347224,
        0.239305587347224,
        0.24930558734722402,
        0.25930558734722403,
        0.26930558734722404,
        0.27930558734722405,
        0.28930558734722406,
        0.29930558734722407,
        0.3093055873472241,
        0.3193055873472241,
        0.3293055873472241,
        0.3393055873472241,
        0.3493055873472241,
        0.3593055873472241,
        0.36930558734722413,
        0.37930558734722414,
        0.38930558734722415,
        0.39930558734722416,
        0.40930558734722416,
        0.4193055873472242,
        0.4293055873472242,
        0.4393055873472242,
        0.4493055873472242,
        0.4593055873472242,
        0.4693055873472242,
        0.4793055873472242,
        0.48930558734722424,
        0.49930558734722424,
        0.5093055873472242,
        0.5193055873472242,
        0.5293055873472242,
        0.5393055873472242,
        0.5493055873472242,
        0.5593055873472242,
        0.5693055873472243,
        0.5793055873472243,
        0.5893055873472243,
        0.5993055873472243,
        0.6093055873472243,
        0.6193055873472243,
        0.6293055873472243,
        0.6393055873472243,
        0.6493055873472243,
        0.6593055873472243,
        0.6693055873472243,
        0.6793055873472243,
        0.6893055873472244,
        0.6993055873472244,
        0.7093055873472244,
        0.7193055873472244,
        0.7293055873472244,
        0.7393055873472244,
        0.7493055873472244,
        0.7593055873472244,
        0.7693055873472244,
        0.7793055873472244,
        0.7893055873472244,
        0.7993055873472245,
        0.8093055873472245,
        0.8143055873472245,
        0.8193055873472245,
