{
    "label": "E5",
    "frame": "P011",
    "level": 1,
    "L": 32,
    "lat_unit": 0.0658,
    "a_inv": 2.999,
    "m_B": 0.43014338112704237,
    "m_pi": 0.14538179393131043,
    "k2mpi2": 0.7268014886387311,
    "kcot_mpi": 2.129693453378623,
    "k2mpi2s": [
        0.7024886684939136,
        0.7035001987530235,
        0.7045117290121334,
        0.7055232592712434,
        0.7065347895303533,
        0.7075463197894633,
        0.7085578500485732,
        0.7095693803076831,
        0.7105809105667931,
        0.711592440825903,
        0.7126039710850129,
        0.7136155013441229,
        0.7146270316032328,
        0.7156385618623429,
        0.7166500921214528,
        0.7176616223805627,
        0.7186731526396727,
        0.7196846828987826,
        0.7206962131578926,
        0.7217077434170025,
        0.7227192736761124,
        0.7237308039352224,
        0.7247423341943323,
        0.7257538644534423,
        0.7267653947125522,
        0.7277769249716621,
        0.7287884552307721,
        0.729799985489882,
        0.730811515748992,
        0.7318230460081019,
        0.7328345762672118,
        0.7338461065263218,
        0.7348576367854317,
        0.7358691670445416,
        0.7368806973036516,
        0.7378922275627615,
        0.7389037578218716,
        0.7399152880809814,
        0.7409268183400914,
        0.7419383485992014,
        0.7429498788583113,
        0.7439614091174213,
        0.7449729393765312,
        0.7459844696356411,
        0.7469959998947511,
        0.748007530153861,
        0.749019060412971,
        0.7500305906720809,
        0.7510421209311908,
        0.7520536511903008
    ],
    "kcot_mpis": [
        1.8149504432748913,
        1.8266512289979002,
        1.8384600841998853,
        1.8503785919526878,
        1.862408366487019,
        1.874551053966194,
        1.8868083332786592,
        1.899181916856544,
        1.9116735515136392,
        1.9242850193196332,
        1.9370181384881804,
        1.949874764302327,
        1.9628567900605352,
        1.9759661480598096,
        1.9892048106102707,
        2.0025747910346583,
        2.016078144828348,
        2.029716970679268,
        2.043493411656195,
        2.0574096563770587,
        2.0714679402212988,
        2.0856705466012198,
        2.1000198082405044,
        2.114518108524272,
        2.1291678828778062,
        2.1439716201984815,
        2.1589318643406106,
        2.1740512155732503,
        2.1893323323000535,
        2.2047779325415355,
        2.220390795690387,
        2.23617376424406,
        2.252129745602266,
        2.2682617139288657,
        2.2845727120841017,
        2.3010658536180784,
        2.317744324832052,
        2.33461138692293,
        2.3516703781910535,
        2.3689247163357035,
        2.386377900831202,
        2.404033515385093,
        2.4218952304888433,
        2.439966806062988,
        2.458252094194689,
        2.4767550419845836,
        2.495479694485728,
        2.5144301977743133,
        2.533610802110607,
        2.5530258652419815
    ],
    "k2mpi2_ref": [
        -0.80319851136127,
        -0.79319851136127,
        -0.78319851136127,
        -0.7731985113612699,
        -0.7631985113612699,
        -0.7531985113612699,
        -0.7431985113612699,
        -0.7331985113612699,
        -0.7231985113612699,
        -0.7131985113612699,
        -0.7031985113612699,
        -0.6931985113612699,
        -0.6831985113612699,
        -0.6731985113612698,
        -0.6631985113612698,
        -0.6531985113612698,
        -0.6431985113612698,
        -0.6331985113612698,
        -0.6231985113612698,
        -0.6131985113612698,
        -0.6031985113612698,
        -0.5931985113612698,
        -0.5831985113612698,
        -0.5731985113612698,
        -0.5631985113612697,
        -0.5531985113612697,
        -0.5431985113612697,
        -0.5331985113612697,
        -0.5231985113612697,
        -0.5131985113612697,
        -0.5031985113612697,
        -0.49319851136126974,
        -0.48319851136126973,
        -0.4731985113612697,
        -0.4631985113612697,
        -0.4531985113612697,
        -0.4431985113612697,
        -0.4331985113612697,
        -0.4231985113612697,
        -0.41319851136126967,
        -0.40319851136126966,
        -0.39319851136126965,
        -0.38319851136126964,
        -0.37319851136126964,
        -0.3631985113612696,
        -0.3531985113612696,
        -0.3431985113612696,
        -0.3331985113612696,
        -0.3231985113612696,
        -0.3131985113612696,
        -0.3031985113612696,
        -0.29319851136126956,
        -0.28319851136126956,
        -0.27319851136126955,
        -0.26319851136126954,
        -0.25319851136126953,
        -0.24319851136126952,
        -0.2331985113612695,
        -0.2231985113612695,
        -0.2131985113612695,
        -0.20319851136126948,
        -0.19319851136126948,
        -0.18319851136126947,
        -0.17319851136126946,
        -0.16319851136126945,
        -0.15319851136126944,
        -0.14319851136126943,
        -0.13319851136126942,
        -0.12319851136126943,
        -0.11319851136126943,
        -0.10319851136126944,
        -0.09319851136126944,
        -0.08319851136126945,
        -0.07319851136126945,
        -0.06319851136126946,
        -0.053198511361269456,
        -0.043198511361269454,
        -0.03319851136126945,
        -0.02319851136126945,
        -0.01319851136126945,
        -0.0031985113612694495,
        0.006801488638730551,
        0.01680148863873055,
        0.026801488638730553,
        0.036801488638730555,
        0.04680148863873056,
        0.05680148863873056,
        0.06680148863873056,
        0.07680148863873056,
        0.08680148863873055,
        0.09680148863873055,
        0.10680148863873054,
        0.11680148863873054,
        0.12680148863873053,
        0.13680148863873054,
        0.14680148863873055,
        0.15680148863873056,
        0.16680148863873057,
        0.17680148863873058,
        0.18680148863873058,
        0.1968014886387306,
        0.2068014886387306,
        0.2168014886387306,
        0.22680148863873062,
        0.23680148863873063,
        0.24680148863873064,
        0.25680148863873065,
        0.26680148863873066,
        0.27680148863873066,
        0.2868014886387307,
        0.2968014886387307,
        0.3068014886387307,
        0.3168014886387307,
        0.3268014886387307,
        0.3368014886387307,
        0.3468014886387307,
        0.35680148863873073,
        0.36680148863873074,
        0.37680148863873075,
        0.38680148863873076,
        0.39680148863873077,
        0.4068014886387308,
        0.4168014886387308,
        0.4268014886387308,
        0.4368014886387308,
        0.4468014886387308,
        0.4568014886387308,
        0.46680148863873083,
        0.47680148863873084,
        0.48680148863873085,
        0.49680148863873086,
        0.5068014886387309,
        0.5168014886387309,
        0.5268014886387309,
        0.5368014886387309,
        0.5468014886387309,
        0.5568014886387309,
        0.5668014886387309,
        0.5768014886387309,
        0.5868014886387309,
        0.596801488638731,
        0.606801488638731,
        0.616801488638731,
        0.626801488638731,
        0.636801488638731,
        0.646801488638731,
        0.656801488638731,
        0.666801488638731,
        0.676801488638731,
        0.686801488638731,
        0.696801488638731,
        0.706801488638731,
        0.716801488638731,
        0.7268014886387311,
        0.7368014886387311,
        0.7468014886387311,
        0.7568014886387311,
        0.7668014886387311,
        0.7768014886387311,
        0.7868014886387311,
        0.7968014886387311,
        0.8068014886387311,
        0.8168014886387311,
        0.8218014886387311,
        0.8268014886387312,
        0.8318014886387312,
        0.8368014886387312
    ],