{
    "label": "E5",
    "frame": "P001",
    "level": 1,
    "L": 32,
    "lat_unit": 0.0658,
    "a_inv": 2.999,
    "m_B": 0.43014338112704237,
    "m_pi": 0.14538179393131043,
    "k2mpi2": 1.9885494791017628,
    "kcot_mpi": 3.562056659994763,
    "k2mpi2s": [
        1.9218374470283215,
        1.9246429420961053,
        1.9274484371638891,
        1.9302539322316727,
        1.9330594272994566,
        1.9358649223672404,
        1.9386704174350242,
        1.9414759125028078,
        1.9442814075705916,
        1.9470869026383755,
        1.9498923977061593,
        1.9526978927739431,
        1.9555033878417267,
        1.9583088829095106,
        1.9611143779772944,
        1.9639198730450782,
        1.9667253681128618,
        1.9695308631806456,
        1.9723363582484295,
        1.9751418533162133,
        1.977947348383997,
        1.9807528434517807,
        1.9835583385195645,
        1.9863638335873484,
        1.9891693286551322,
        1.9919748237229158,
        1.9947803187906996,
        1.9975858138584834,
        2.0003913089262673,
        2.003196803994051,
        2.006002299061835,
        2.0088077941296185,
        2.011613289197402,
        2.014418784265186,
        2.0172242793329698,
        2.020029774400754,
        2.0228352694685374,
        2.025640764536321,
        2.028446259604105,
        2.0312517546718887,
        2.0340572497396723,
        2.0368627448074563,
        2.03966823987524,
        2.042473734943024,
        2.0452792300108076,
        2.048084725078591,
        2.0508902201463752,
        2.053695715214159,
        2.056501210281943,
        2.0593067053497265
    ],
    "kcot_mpis": [
        2.6719635680416975,
        2.7020101132089245,
        2.732573052461564,
        2.7636669651925483,
        2.795306991434373,
        2.827508859390963,
        2.8602889145892174,
        2.8936641508728216,
        2.9276522431971257,
        2.96227158252724,
        2.997541312908206,
        3.033481370874715,
        3.0701125273890533,
        3.10745643250184,
        3.1455356629417777,
        3.1843737728643235,
        3.2239953479763446,
        3.264426063410101,
        3.30569274547889,
        3.3478234378065967,
        3.3908474720843946,
        3.4347955438652114,
        3.479699793878747,
        3.5255938952235986,
        3.5725131471173057,
        3.6204945755763585,
        3.669577041883959,
        3.719801359320761,
        3.771210419095708,
        3.823849326241298,
        3.8777655464474576,
        3.9330090648696,
        3.98963255812395,
        4.047691580690431,
        4.1072447672555015,
        4.16835405258221,
        4.231084910701439,
        4.29550661550524,
        4.361692524970495,
        4.429720391688474,
        4.499672702432228,
        4.571637050193486,
        4.6457065423158515,
        4.721980248921623,
        4.800563696392692,
        4.881569411423539,
        4.96511752168968,
        5.051336420368061,
        5.140363502517413,
        5.232345982752069
    ],
    "k2mpi2_ref": [
        0.7785494791017618,
        0.7885494791017618,
        0.7985494791017618,
        0.8085494791017618,
        0.8185494791017618,
        0.8285494791017618,
        0.8385494791017618,
        0.8485494791017618,
        0.8585494791017618,
        0.8685494791017618,
        0.8785494791017618,
        0.8885494791017619,
        0.8985494791017619,
        0.9085494791017619,
        0.9185494791017619,
        0.9285494791017619,
        0.9385494791017619,
        0.9485494791017619,
        0.9585494791017619,
        0.9685494791017619,
        0.9785494791017619,
        0.9885494791017619,
        0.998549479101762,
        1.008549479101762,
        1.018549479101762,
        1.028549479101762,
        1.038549479101762,
        1.048549479101762,
        1.058549479101762,
        1.068549479101762,
        1.078549479101762,
        1.088549479101762,
        1.098549479101762,
        1.108549479101762,
        1.118549479101762,
        1.128549479101762,
        1.138549479101762,
        1.148549479101762,
        1.158549479101762,
        1.168549479101762,
        1.178549479101762,
        1.1885494791017621,
        1.1985494791017621,
        1.2085494791017621,
        1.2185494791017621,
        1.2285494791017622,
        1.2385494791017622,
        1.2485494791017622,
        1.2585494791017622,
        1.2685494791017622,
        1.2785494791017622,
        1.2885494791017622,
        1.2985494791017622,
        1.3085494791017622,
        1.3185494791017622,
        1.3285494791017622,
        1.3385494791017623,
        1.3485494791017623,
        1.3585494791017623,
        1.3685494791017623,
        1.3785494791017623,
        1.3885494791017623,
        1.3985494791017623,
        1.4085494791017623,
        1.4185494791017623,
        1.4285494791017623,
        1.4385494791017623,
        1.4485494791017623,
        1.4585494791017624,
        1.4685494791017624,
        1.4785494791017624,
        1.4885494791017624,
        1.4985494791017624,
        1.5085494791017624,
        1.5185494791017624,
        1.5285494791017624,
        1.5385494791017624,
        1.5485494791017624,
        1.5585494791017624,
        1.5685494791017625,
        1.5785494791017625,
        1.5885494791017625,
        1.5985494791017625,
        1.6085494791017625,
        1.6185494791017625,
        1.6285494791017625,
        1.6385494791017625,
        1.6485494791017625,
        1.6585494791017625,
        1.6685494791017625,
        1.6785494791017626,
        1.6885494791017626,
        1.6985494791017626,
        1.7085494791017626,
        1.7185494791017626,
        1.7285494791017626,
        1.7385494791017626,
        1.7485494791017626,
        1.7585494791017626,
        1.7685494791017626,
        1.7785494791017626,
        1.7885494791017627,
        1.7985494791017627,
        1.8085494791017627,
        1.8185494791017627,
        1.8285494791017627,
        1.8385494791017627,
        1.8485494791017627,
        1.8585494791017627,
        1.8685494791017627,
        1.8785494791017627,
        1.8885494791017627,
        1.8985494791017627,
        1.9085494791017628,
        1.9185494791017628,
        1.9285494791017628,
        1.9385494791017628,
        1.9485494791017628,
        1.9585494791017628,
        1.9685494791017628,
        1.9785494791017628,
        1.9885494791017628,
        1.9985494791017628,
        2.0085494791017626,
        2.0185494791017624,
        2.028549479101762,
        2.038549479101762,
        2.0485494791017618,
        2.0585494791017616,
        2.0685494791017613,
        2.078549479101761
    ],