{
    "label": "E5",
    "frame": "P000",
    "level": 0,
    "L": 32,
    "lat_unit": 0.0658,
    "a_inv": 2.999,
    "m_B": 0.43014338112704237,
    "m_pi": 0.14538179393131043,
    "k2mpi2": -0.4123087270388156,
    "kcot_mpi": -0.5380436851851659,
    "k2mpi2s": [
        -0.4402419465767681,
        -0.4391392578263038,
        -0.4380365690758396,
        -0.43693388032537533,
        -0.43583119157491107,
        -0.43472850282444686,
        -0.4336258140739826,
        -0.4325231253235184,
        -0.4314204365730541,
        -0.43031774782258986,
        -0.42921505907212565,
        -0.4281123703216614,
        -0.4270096815711971,
        -0.4259069928207329,
        -0.42480430407026865,
        -0.42370161531980444,
        -0.42259892656934017,
        -0.4214962378188759,
        -0.4203935490684117,
        -0.41929086031794743,
        -0.41818817156748317,
        -0.41708548281701896,
        -0.4159827940665547,
        -0.41488010531609043,
        -0.4137774165656262,
        -0.41267472781516196,
        -0.41157203906469775,
        -0.4104693503142335,
        -0.4093666615637692,
        -0.408263972813305,
        -0.40716128406284074,
        -0.4060585953123765,
        -0.40495590656191227,
        -0.403853217811448,
        -0.40275052906098374,
        -0.40164784031051953,
        -0.40054515156005527,
        -0.39944246280959106,
        -0.3983397740591268,
        -0.39723708530866253,
        -0.3961343965581983,
        -0.39503170780773406,
        -0.3939290190572698,
        -0.3928263303068056,
        -0.3917236415563413,
        -0.39062095280587705,
        -0.38951826405541284,
        -0.3884155753049486,
        -0.38731288655448437,
        -0.3862101978040201
    ],
    "kcot_mpis": [
        -0.5713820745252537,
        -0.5701153946729338,
        -0.5688448816146006,
        -0.567570507929341,
        -0.5662922459205466,
        -0.5650100676126437,
        -0.563723944749802,
        -0.5624338487873681,
        -0.5611397508934058,
        -0.5598416219432685,
        -0.558539432514209,
        -0.5572331528836086,
        -0.5559227530234357,
        -0.5546082026005067,
        -0.553289470960378,
        -0.5519665271431646,
        -0.5506393398605278,
        -0.5493078775078577,
        -0.5479721081400792,
        -0.5466319994854688,
        -0.545287518934537,
        -0.5439386335333857,
        -0.5425853099830233,
        -0.5412275146311939,
        -0.5398652134708681,
        -0.5384983721369808,
        -0.5371269558925577,
        -0.535750929634752,
        -0.5343702578832428,
        -0.5329849047792227,
        -0.531594834073622,
        -0.5302000091331707,
        -0.5288003929220968,
        -0.5273959480050256,
        -0.5259866365420541,
        -0.5245724202768751,
        -0.5231532605338582,
        -0.521729118218637,
        -0.5202999538013551,
        -0.5188657273191513,
        -0.5174263983657531,
        -0.5159819260904577,
        -0.5145322691725586,
        -0.5130773858548859,
        -0.5116172338957747,
        -0.5101517705837991,
        -0.5086809527280064,
        -0.5072047366482132,
        -0.5057230781710296,
        -0.5042359326211058
    ],
    "k2mpi2_ref": [
        -0.802308727038816,
        -0.7923087270388159,
        -0.7823087270388159,
        -0.7723087270388159,
        -0.7623087270388159,
        -0.7523087270388159,
        -0.7423087270388159,
        -0.7323087270388159,
        -0.7223087270388159,
        -0.7123087270388159,
        -0.7023087270388159,
        -0.6923087270388159,
        -0.6823087270388158,
        -0.6723087270388158,
        -0.6623087270388158,
        -0.6523087270388158,
        -0.6423087270388158,
        -0.6323087270388158,
        -0.6223087270388158,
        -0.6123087270388158,
        -0.6023087270388158,
        -0.5923087270388158,
        -0.5823087270388158,
        -0.5723087270388157,
        -0.5623087270388157,
        -0.5523087270388157,
        -0.5423087270388157,
        -0.5323087270388157,
        -0.5223087270388157,
        -0.5123087270388157,
        -0.5023087270388157,
        -0.4923087270388157,
        -0.48230872703881567,
        -0.47230872703881566,
        -0.46230872703881565,
        -0.45230872703881564,
        -0.44230872703881563,
        -0.4323087270388156,
        -0.4223087270388156,
        -0.4123087270388156,
        -0.4023087270388156,
        -0.3923087270388156,
        -0.3823087270388156,
        -0.37230872703881557,
        -0.36230872703881556,
        -0.35230872703881555,
        -0.34230872703881554,
        -0.33230872703881553,
        -0.3223087270388155,
        -0.3123087270388155,
        -0.3023087270388155,
        -0.2923087270388155,
        -0.2823087270388155,
        -0.2723087270388155,
        -0.26230872703881547,
        -0.25230872703881546,
        -0.24230872703881545,
        -0.23230872703881544,
        -0.22230872703881543,
        -0.21230872703881543,
        -0.20230872703881542,
        -0.1923087270388154,
        -0.1823087270388154,
        -0.1723087270388154,
        -0.16230872703881538,
        -0.15230872703881537,
        -0.14230872703881536,
        -0.13230872703881535,
        -0.12230872703881536,
        -0.11230872703881536,
        -0.10230872703881537,
        -0.09230872703881537,
        -0.08230872703881538,
        -0.07230872703881538,
        -0.06230872703881538,
        -0.05230872703881538,
        -0.04730872703881538,
        -0.042308727038815386,
        -0.03730872703881539,
        -0.034808727038815386,
        -0.032308727038815384,
        -0.029808727038815385,
        -0.027308727038815386,
        -0.024808727038815388,
        -0.023558727038815386,
        -0.022308727038815385,
        -0.021058727038815384,
        -0.019808727038815383,
        -0.018558727038815382
    ],