{
    "label": "H101",
    "frame": "P000",
    "level": 1,
    "L": 32,
    "lat_unit": 0.0865,
    "a_inv": 2.281,
    "m_B": 0.5085488820692678,
    "m_pi": 0.18281455501972818,
    "k2mpi2": 0.7938228493119409,
    "kcot_mpi": 0.6371289435302967,
    "k2mpi2s": [
        0.7554261770143487,
        0.7569798609846675,
        0.7585335449549864,
        0.7600872289253052,
        0.761640912895624,
        0.7631945968659428,
        0.7647482808362617,
        0.7663019648065805,
        0.7678556487768994,
        0.7694093327472182,
        0.770963016717537,
        0.7725167006878558,
        0.7740703846581747,
        0.7756240686284935,
        0.7771777525988124,
        0.7787314365691312,
        0.78028512053945,
        0.7818388045097688,
        0.7833924884800877,
        0.7849461724504065,
        0.7864998564207254,
        0.7880535403910442,
        0.789607224361363,
        0.7911609083316818,
        0.7927145923020007,
        0.7942682762723196,
        0.7958219602426384,
        0.7973756442129573,
        0.798929328183276,
        0.8004830121535949,
        0.8020366961239137,
        0.8035903800942326,
        0.8051440640645514,
        0.8066977480348703,
        0.808251432005189,
        0.8098051159755079,
        0.8113587999458267,
        0.8129124839161456,
        0.8144661678864644,
        0.8160198518567833,
        0.817573535827102,
        0.8191272197974209,
        0.8206809037677397,
        0.8222345877380586,
        0.8237882717083774,
        0.8253419556786963,
        0.826895639649015,
        0.8284493236193339,
        0.8300030075896527,
        0.8315566915599716
    ],
    "kcot_mpis": [
        0.5033655850728082,
        0.508391218466387,
        0.5134465730761253,
        0.5185320018073332,
        0.5236478630117883,
        0.5287945206248994,
        0.5339723442108214,
        0.5391817091852111,
        0.5444229968347735,
        0.5496965944766093,
        0.5550028955822756,
        0.5603422998886792,
        0.565715213584329,
        0.5711220493252845,
        0.5765632264923041,
        0.5820391712665591,
        0.5875503167821398,
        0.5930971032798922,
        0.5986799782484441,
        0.6042993965814447,
        0.6099558207403492,
        0.6156497209078069,
        0.6213815751545249,
        0.6271518696145008,
        0.6329610986553961,
        0.6388097650489699,
        0.6446983801774226,
        0.6506274642009586,
        0.6565975462498426,
        0.6626091646377322,
        0.6686628670512113,
        0.6747592107758894,
        0.680898762882746,
        0.6870821004763182,
        0.693309810905749,
        0.6995824920005488,
        0.7059007523107524,
        0.712265211341939,
        0.7186764998185602,
        0.7251352599711941,
        0.7316421457089534,
        0.7381978229927159,
        0.7448029700794853,
        0.7514582777988941,
        0.7581644498606941,
        0.7649222031540873,
        0.7717322680847979,
        0.7785953888673363,
        0.7855123238746781,
        0.7924838459746439
    ],
    "k2mpi2_ref": [
        0.11382284931194034,
        0.12382284931194033,
        0.13382284931194033,
        0.14382284931194034,
        0.15382284931194035,
        0.16382284931194036,
        0.17382284931194036,
        0.18382284931194037,
        0.19382284931194038,
        0.2038228493119404,
        0.2138228493119404,
        0.2238228493119404,
        0.23382284931194042,
        0.24382284931194043,
        0.25382284931194043,
        0.26382284931194044,
        0.27382284931194045,
        0.28382284931194046,
        0.29382284931194047,
        0.3038228493119405,
        0.3138228493119405,
        0.3238228493119405,
        0.3338228493119405,
        0.3438228493119405,
        0.3538228493119405,
        0.36382284931194053,
        0.37382284931194054,
        0.38382284931194055,
        0.39382284931194056,
        0.40382284931194057,
        0.4138228493119406,
        0.4238228493119406,
        0.4338228493119406,
        0.4438228493119406,
        0.4538228493119406,
        0.4638228493119406,
        0.47382284931194063,
        0.48382284931194064,
        0.49382284931194065,
        0.5038228493119407,
        0.5138228493119407,
        0.5238228493119407,
        0.5338228493119407,
        0.5438228493119407,
        0.5538228493119407,
        0.5638228493119407,
        0.5738228493119407,
        0.5838228493119407,
        0.5938228493119407,
        0.6038228493119407,
        0.6138228493119408,
        0.6238228493119408,
        0.6338228493119408,
        0.6438228493119408,
        0.6538228493119408,
        0.6638228493119408,
        0.6738228493119408,
        0.6838228493119408,
        0.6938228493119408,
        0.7038228493119408,
        0.7138228493119408,
        0.7238228493119409,
        0.7338228493119409,
        0.7438228493119409,
        0.7538228493119409,
        0.7638228493119409,
        0.7738228493119409,
        0.7838228493119409,
        0.7938228493119409,
        0.8038228493119409,
        0.8138228493119409,
        0.8238228493119409,
        0.833822849311941,
        0.843822849311941,
        0.853822849311941,
        0.863822849311941,
        0.873822849311941,
        0.883822849311941,
        0.893822849311941,
        0.903822849311941,
        0.913822849311941,
        0.923822849311941,
        0.933822849311941,
        0.943822849311941,
        0.9538228493119411,
        0.9638228493119411,
        0.9738228493119411,
        0.9838228493119411,
        0.9938228493119411,
        1.003822849311941,
        1.013822849311941,
        1.023822849311941,
        1.033822849311941,
        1.043822849311941,
        1.053822849311941,
        1.063822849311941,
        1.068822849311941,
        1.0738228493119408,
        1.0788228493119407,
        1.0838228493119406,
        1.0888228493119405,
        1.0938228493119404,
        1.0963228493119404,
        1.0988228493119403,
        1.1013228493119402,
        1.1038228493119402,
        1.1063228493119401,
        1.10882284931194,
        1.11007284931194,
        1.11132284931194,
        1.11257284931194,
        1.11382284931194,
        1.11507284931194,
        1.11632284931194,
        1.11757284931194,
        1.1188228493119399,
        1.1200728493119398,
        1.1213228493119398,
        1.1225728493119398,
        1.1231978493119399,
        1.12382284931194,
        1.12444784931194,
        1.1250728493119402,
        1.1256978493119403,
        1.1263228493119404,
        1.1269478493119405,
        1.1275728493119406,
        1.1281978493119407,
        1.1288228493119408,
        1.1294478493119409,
        1.130072849311941
    ],