{
    "label": "H101",
    "frame": "P000",
    "level": 0,
    "L": 32,
    "lat_unit": 0.0865,
    "a_inv": 2.281,
    "m_B": 0.5085488820692678,
    "m_pi": 0.18281455501972818,
    "k2mpi2": -0.39905526032321825,
    "kcot_mpi": -0.5960772519925975,
    "k2mpi2s": [
        -0.4505975084176859,
        -0.4484918448806143,
        -0.44638618134354263,
        -0.44428051780647093,
        -0.4421748542693993,
        -0.44006919073232764,
        -0.437963527195256,
        -0.43585786365818435,
        -0.4337522001211127,
        -0.43164653658404106,
        -0.42954087304696936,
        -0.4274352095098977,
        -0.4253295459728261,
        -0.42322388243575443,
        -0.4211182188986828,
        -0.4190125553616111,
        -0.41690689182453944,
        -0.4148012282874678,
        -0.41269556475039615,
        -0.4105899012133245,
        -0.40848423767625286,
        -0.4063785741391812,
        -0.4042729106021095,
        -0.40216724706503787,
        -0.4000615835279662,
        -0.3979559199908946,
        -0.39585025645382294,
        -0.3937445929167513,
        -0.3916389293796796,
        -0.38953326584260795,
        -0.3874276023055363,
        -0.38532193876846466,
        -0.383216275231393,
        -0.38111061169432137,
        -0.3790049481572497,
        -0.376899284620178,
        -0.3747936210831064,
        -0.37268795754603473,
        -0.3705822940089631,
        -0.3684766304718914,
        -0.36637096693481974,
        -0.3642653033977481,
        -0.36215963986067645,
        -0.3600539763236048,
        -0.35794831278653316,
        -0.3558426492494615,
        -0.3537369857123899,
        -0.3516313221753182,
        -0.34952565863824653,
        -0.3474199951011749
    ],
    "kcot_mpis": [
        -0.6439335161269552,
        -0.6420761504614232,
        -0.6402112250592601,
        -0.6383386479928129,
        -0.6364583256272233,
        -0.6345701626067604,
        -0.6326740617986633,
        -0.6307699242575577,
        -0.6288576491794439,
        -0.6269371338578572,
        -0.6250082736351893,
        -0.6230709618592203,
        -0.6211250898295546,
        -0.619170546750616,
        -0.6172072196769169,
        -0.6152349934619408,
        -0.613253750700748,
        -0.611263371674724,
        -0.6092637342925046,
        -0.607254714027439,
        -0.6052361838605035,
        -0.6032080142108257,
        -0.6011700728674708,
        -0.5991222249328979,
        -0.5970643327396442,
        -0.5949962557826061,
        -0.5929178506457419,
        -0.5908289709222879,
        -0.5887294671331705,
        -0.5866191866508169,
        -0.584497973607149,
        -0.5823656688094233,
        -0.5802221096480421,
        -0.5780671300019281,
        -0.5759005601444857,
        -0.573722226639617,
        -0.571531952241484,
        -0.5693295557837998,
        -0.5671148520722483,
        -0.5648876517680617,
        -0.5626477612702768,
        -0.5603949825927973,
        -0.5581291132383533,
        -0.5558499460609373,
        -0.5535572691445626,
        -0.5512508656454381,
        -0.5489305136569316,
        -0.546595986053992,
        -0.5442470503380216,
        -0.5418834684762807
    ],
    "k2mpi2_ref": [
        -0.8090552603232186,
        -0.7990552603232186,
        -0.7890552603232186,
        -0.7790552603232186,
        -0.7690552603232186,
        -0.7590552603232186,
        -0.7490552603232186,
        -0.7390552603232186,
        -0.7290552603232185,
        -0.7190552603232185,
        -0.7090552603232185,
        -0.6990552603232185,
        -0.6890552603232185,
        -0.6790552603232185,
        -0.6690552603232185,
        -0.6590552603232185,
        -0.6490552603232185,
        -0.6390552603232185,
        -0.6290552603232185,
        -0.6190552603232184,
        -0.6090552603232184,
        -0.5990552603232184,
        -0.5890552603232184,
        -0.5790552603232184,
        -0.5690552603232184,
        -0.5590552603232184,
        -0.5490552603232184,
        -0.5390552603232184,
        -0.5290552603232184,
        -0.5190552603232184,
        -0.5090552603232184,
        -0.49905526032321834,
        -0.48905526032321833,
        -0.4790552603232183,
        -0.4690552603232183,
        -0.4590552603232183,
        -0.4490552603232183,
        -0.4390552603232183,
        -0.4290552603232183,
        -0.41905526032321827,
        -0.40905526032321826,
        -0.39905526032321825,
        -0.38905526032321824,
        -0.37905526032321823,
        -0.3690552603232182,
        -0.3590552603232182,
        -0.3490552603232182,
        -0.3390552603232182,
        -0.3290552603232182,
        -0.3190552603232182,
        -0.3090552603232182,
        -0.29905526032321816,
        -0.28905526032321815,
        -0.27905526032321815,
        -0.26905526032321814,
        -0.25905526032321813,
        -0.24905526032321812,
        -0.2390552603232181,
        -0.2290552603232181,
        -0.2190552603232181,
        -0.20905526032321808,
        -0.19905526032321808,
        -0.18905526032321807,
        -0.17905526032321806,
        -0.16905526032321805,
        -0.15905526032321804,
        -0.14905526032321803,
        -0.13905526032321802,
        -0.129055260323218,
        -0.11905526032321802,
        -0.10905526032321802,
        -0.09905526032321803,
        -0.08905526032321803,
        -0.07905526032321804,
        -0.06905526032321804,
        -0.05905526032321804,
        -0.04905526032321804,
        -0.03905526032321804,
        -0.03405526032321804,
        -0.02905526032321804,
        -0.024055260323218038,
        -0.02155526032321804,
        -0.01905526032321804,
        -0.01655526032321804,
        -0.015305260323218042,
        -0.014055260323218043,
        -0.012805260323218043,
        -0.012180260323218043,
        -0.011555260323218042
    ],