{
    "label": "H101",
    "frame": "P111",
    "level": 1,
    "L": 32,
    "lat_unit": 0.0865,
    "a_inv": 2.281,
    "m_B": 0.5085488820692678,
    "m_pi": 0.18281455501972818,
    "k2mpi2": 0.7138624936116437,
    "kcot_mpi": 3.3467801861485342,
    "k2mpi2s": [
        0.6853520973801097,
        0.6865084481953042,
        0.6876647990104988,
        0.6888211498256933,
        0.6899775006408878,
        0.6911338514560823,
        0.6922902022712769,
        0.6934465530864714,
        0.6946029039016659,
        0.6957592547168605,
        0.696915605532055,
        0.6980719563472495,
        0.699228307162444,
        0.7003846579776386,
        0.7015410087928331,
        0.7026973596080276,
        0.7038537104232222,
        0.7050100612384167,
        0.7061664120536112,
        0.7073227628688057,
        0.7084791136840003,
        0.7096354644991948,
        0.7107918153143893,
        0.7119481661295839,
        0.7131045169447784,
        0.7142608677599729,
        0.7154172185751674,
        0.716573569390362,
        0.7177299202055565,
        0.718886271020751,
        0.7200426218359456,
        0.7211989726511401,
        0.7223553234663346,
        0.7235116742815291,
        0.7246680250967237,
        0.7258243759119182,
        0.7269807267271127,
        0.7281370775423073,
        0.7292934283575018,
        0.7304497791726963,
        0.7316061299878908,
        0.7327624808030854,
        0.7339188316182799,
        0.7350751824334744,
        0.736231533248669,
        0.7373878840638635,
        0.738544234879058,
        0.7397005856942525,
        0.7408569365094471,
        0.7420132873246416
    ],
    "kcot_mpis": [
        2.615553907779348,
        2.6400015920462883,
        2.664813446638216,
        2.689997890154001,
        2.7155636031522103,
        2.7415195380428314,
        2.767874930004305,
        2.7946393081932297,
        2.8218225075697214,
        2.8494346811928644,
        2.877486313259644,
        2.9059882326810786,
        2.934951627373399,
        2.9643880592572636,
        2.994309480027577,
        3.0247282477099016,
        3.0556571440782614,
        3.0871093929828652,
        3.119098679621595,
        3.1516391708277194,
        3.184745536481752,
        3.218432971999023,
        3.252717222101495,
        3.2876146058559055,
        3.323142043112508,
        3.3593170824005503,
        3.396157930408596,
        3.433683483141697,
        3.471913358822646,
        3.510867932763789,
        3.550568374319608,
        3.591036685573048,
        3.6322957433855443,
        3.674369342635428,
        3.717282243070787,
        3.7610602186475814,
        3.8057301100021896,
        3.8513198801983815,
        3.8978586740405117,
        3.9453768811464998,
        3.993906203147234,
        4.0434797252426735,
        4.0941319925365285,
        4.145899091438866,
        4.19881873661737,
        4.252930363864114,
        4.308275229430127,
        4.364896516277645,
        4.422839447900245,
        4.482151410287699
    ],
    "k2mpi2_ref": [
        -0.8061375063883573,
        -0.7961375063883573,
        -0.7861375063883573,
        -0.7761375063883573,
        -0.7661375063883573,
        -0.7561375063883573,
        -0.7461375063883573,
        -0.7361375063883573,
        -0.7261375063883573,
        -0.7161375063883573,
        -0.7061375063883573,
        -0.6961375063883573,
        -0.6861375063883572,
        -0.6761375063883572,
        -0.6661375063883572,
        -0.6561375063883572,
        -0.6461375063883572,
        -0.6361375063883572,
        -0.6261375063883572,
        -0.6161375063883572,
        -0.6061375063883572,
        -0.5961375063883572,
        -0.5861375063883572,
        -0.5761375063883571,
        -0.5661375063883571,
        -0.5561375063883571,
        -0.5461375063883571,
        -0.5361375063883571,
        -0.5261375063883571,
        -0.5161375063883571,
        -0.5061375063883571,
        -0.49613750638835713,
        -0.4861375063883571,
        -0.4761375063883571,
        -0.4661375063883571,
        -0.4561375063883571,
        -0.4461375063883571,
        -0.4361375063883571,
        -0.42613750638835707,
        -0.41613750638835706,
        -0.40613750638835705,
        -0.39613750638835704,
        -0.38613750638835703,
        -0.376137506388357,
        -0.366137506388357,
        -0.356137506388357,
        -0.346137506388357,
        -0.336137506388357,
        -0.326137506388357,
        -0.31613750638835697,
        -0.30613750638835696,
        -0.29613750638835695,
        -0.28613750638835694,
        -0.27613750638835693,
        -0.2661375063883569,
        -0.2561375063883569,
        -0.2461375063883569,
        -0.2361375063883569,
        -0.2261375063883569,
        -0.21613750638835688,
        -0.20613750638835687,
        -0.19613750638835686,
        -0.18613750638835685,
        -0.17613750638835685,
        -0.16613750638835684,
        -0.15613750638835683,
        -0.14613750638835682,
        -0.1361375063883568,
        -0.1261375063883568,
        -0.1161375063883568,
        -0.10613750638835681,
        -0.09613750638835682,
        -0.08613750638835682,
        -0.07613750638835683,
        -0.06613750638835683,
        -0.05613750638835683,
        -0.04613750638835683,
        -0.036137506388356826,
        -0.026137506388356824,
        -0.016137506388356822,
        -0.0061375063883568216,
        0.0038624936116431786,
        0.013862493611643179,
        0.02386249361164318,
        0.03386249361164318,
        0.04386249361164318,
        0.053862493611643185,
        0.06386249361164319,
        0.07386249361164318,
        0.08386249361164318,
        0.09386249361164317,
        0.10386249361164317,
        0.11386249361164316,
        0.12386249361164316,
        0.13386249361164315,
        0.14386249361164316,
        0.15386249361164317,
        0.16386249361164318,
        0.1738624936116432,
        0.1838624936116432,
        0.1938624936116432,
        0.20386249361164321,
        0.21386249361164322,
        0.22386249361164323,
        0.23386249361164324,
        0.24386249361164325,
        0.25386249361164326,
        0.26386249361164327,
        0.2738624936116433,
        0.2838624936116433,
        0.2938624936116433,
        0.3038624936116433,
        0.3138624936116433,
        0.3238624936116433,
        0.33386249361164333,
        0.34386249361164334,
        0.35386249361164335,
        0.36386249361164336,
        0.37386249361164337,
        0.3838624936116434,
        0.3938624936116434,
        0.4038624936116434,
        0.4138624936116434,
        0.4238624936116434,
        0.4338624936116434,
        0.4438624936116434,
        0.45386249361164344,
        0.46386249361164344,
        0.47386249361164345,
        0.48386249361164346,
        0.49386249361164347,
        0.5038624936116435,
        0.5138624936116435,
        0.5238624936116435,
        0.5338624936116435,
        0.5438624936116435,
        0.5538624936116435,
        0.5638624936116435,
        0.5738624936116435,
        0.5838624936116436,
        0.5938624936116436,
        0.6038624936116436,
        0.6138624936116436,
        0.6238624936116436,
        0.6338624936116436,
        0.6438624936116436,
        0.6538624936116436,
        0.6638624936116436,
        0.6738624936116436,
        0.6838624936116436,
        0.6938624936116436,
        0.7038624936116437,
        0.7138624936116437,
        0.7238624936116437,
        0.7338624936116437,
        0.7438624936116437,
        0.7488624936116437,
        0.7538624936116437
    ],