{
    "label": "H101",
    "frame": "P001",
    "level": 0,
    "L": 32,
    "lat_unit": 0.0865,
    "a_inv": 2.281,
    "m_B": 0.5085488820692678,
    "m_pi": 0.18281455501972818,
    "k2mpi2": -0.23631468147562526,
    "kcot_mpi": -0.4758943675638934,
    "k2mpi2s": [
        -0.30371853437814583,
        -0.30102724656362295,
        -0.29833595874910007,
        -0.29564467093457714,
        -0.29295338312005426,
        -0.2902620953055314,
        -0.2875708074910085,
        -0.28487951967648556,
        -0.2821882318619627,
        -0.2794969440474398,
        -0.2768056562329169,
        -0.274114368418394,
        -0.2714230806038711,
        -0.2687317927893482,
        -0.26604050497482534,
        -0.2633492171603024,
        -0.2606579293457795,
        -0.25796664153125665,
        -0.25527535371673377,
        -0.25258406590221083,
        -0.24989277808768795,
        -0.24720149027316507,
        -0.24451020245864216,
        -0.24181891464411928,
        -0.23912762682959637,
        -0.2364363390150735,
        -0.2337450512005506,
        -0.2310537633860277,
        -0.2283624755715048,
        -0.22567118775698192,
        -0.22297989994245904,
        -0.22028861212793613,
        -0.21759732431341322,
        -0.21490603649889034,
        -0.21221474868436746,
        -0.20952346086984455,
        -0.20683217305532164,
        -0.20414088524079876,
        -0.20144959742627588,
        -0.19875830961175298,
        -0.19606702179723007,
        -0.1933757339827072,
        -0.1906844461681843,
        -0.1879931583536614,
        -0.1853018705391385,
        -0.1826105827246156,
        -0.17991929491009273,
        -0.17722800709556982,
        -0.17453671928104694,
        -0.17184543146652403
    ],
    "kcot_mpis": [
        -0.5427768745569177,
        -0.5402573672355286,
        -0.5377264752971395,
        -0.5351840613289728,
        -0.5326299854353019,
        -0.5300641051801407,
        -0.5274862755264818,
        -0.5248963487771037,
        -0.5222941745085388,
        -0.5196795995086552,
        -0.5170524677082764,
        -0.5144126201131641,
        -0.5117598947327165,
        -0.5090941265083135,
        -0.5064151472358246,
        -0.5037227854905646,
        -0.5010168665482976,
        -0.49829721230000074,
        -0.4955636411703618,
        -0.492815968029846,
        -0.4900540041064683,
        -0.4872775568888254,
        -0.4844864300382344,
        -0.4816804232834657,
        -0.4788593323236128,
        -0.47602294872279144,
        -0.4731710598031239,
        -0.4703034485291596,
        -0.46741989340075163,
        -0.46452016833059107,
        -0.4616040425217368,
        -0.45867128034230326,
        -0.4557216411952552,
        -0.4527548793864427,
        -0.44977074397797345,
        -0.4467689786579271,
        -0.4437493215811094,
        -0.44071150521929087,
        -0.4376552562049506,
        -0.43458029516528945,
        -0.4314863365552397,
        -0.42837308848020567,
        -0.4252402525172459,
        -0.4220875235277106,
        -0.4189145894613307,
        -0.4157211311609824,
        -0.412506822147742,
        -0.40927132841265135,
        -0.40601430819156137,
        -0.4027354117344974
    ],
    "k2mpi2_ref": [
        -0.8063146814756257,
        -0.7963146814756257,
        -0.7863146814756257,
        -0.7763146814756257,
        -0.7663146814756256,
        -0.7563146814756256,
        -0.7463146814756256,
        -0.7363146814756256,
        -0.7263146814756256,
        -0.7163146814756256,
        -0.7063146814756256,
        -0.6963146814756256,
        -0.6863146814756256,
        -0.6763146814756256,
        -0.6663146814756256,
        -0.6563146814756255,
        -0.6463146814756255,
        -0.6363146814756255,
        -0.6263146814756255,
        -0.6163146814756255,
        -0.6063146814756255,
        -0.5963146814756255,
        -0.5863146814756255,
        -0.5763146814756255,
        -0.5663146814756255,
        -0.5563146814756255,
        -0.5463146814756255,
        -0.5363146814756254,
        -0.5263146814756254,
        -0.5163146814756254,
        -0.5063146814756254,
        -0.49631468147562546,
        -0.48631468147562545,
        -0.47631468147562545,
        -0.46631468147562544,
        -0.4563146814756254,
        -0.4463146814756254,
        -0.4363146814756254,
        -0.4263146814756254,
        -0.4163146814756254,
        -0.4063146814756254,
        -0.3963146814756254,
        -0.38631468147562537,
        -0.37631468147562536,
        -0.36631468147562535,
        -0.35631468147562534,
        -0.34631468147562533,
        -0.3363146814756253,
        -0.3263146814756253,
        -0.3163146814756253,
        -0.3063146814756253,
        -0.2963146814756253,
        -0.2863146814756253,
        -0.27631468147562527,
        -0.26631468147562526,
        -0.25631468147562525,
        -0.24631468147562527,
        -0.23631468147562526,
        -0.22631468147562525,
        -0.21631468147562524,
        -0.20631468147562523,
        -0.19631468147562522,
        -0.18631468147562522,
        -0.1763146814756252,
        -0.1663146814756252,
        -0.1563146814756252,
        -0.14631468147562518,
        -0.13631468147562517,
        -0.12631468147562516,
        -0.11631468147562517,
        -0.10631468147562517,
        -0.09631468147562518,
        -0.08631468147562518,
        -0.07631468147562519,
        -0.06631468147562519,
        -0.05631468147562519,
        -0.04631468147562519,
        -0.036314681475625187,
        -0.026314681475625185,
        -0.016314681475625183,
        -0.006314681475625182,
        0.003685318524374818,
        0.013685318524374818,
        0.023685318524374818,
        0.03368531852437482,
        0.04368531852437482,
        0.053685318524374824,
        0.06368531852437483,
        0.07368531852437482,
        0.08368531852437482,
        0.09368531852437481,
        0.1036853185243748,
        0.1136853185243748,
        0.1236853185243748,
        0.1336853185243748,
        0.1436853185243748,
        0.1536853185243748,
        0.16368531852437482,
        0.17368531852437483,
        0.18368531852437484,
        0.19368531852437484,
        0.20368531852437485,
        0.21368531852437486,
        0.22368531852437487,
        0.22868531852437488,
        0.23368531852437488,
        0.23868531852437488,
        0.2436853185243749,
        0.2461853185243749,
        0.2486853185243749,
        0.25118531852437487,
        0.25368531852437487,
        0.25493531852437484,
        0.2561853185243748,
        0.2574353185243748,
        0.25868531852437476,
        0.25993531852437474,
        0.2611853185243747,
        0.2618103185243747,
        0.2624353185243747,
        0.26306031852437467,
        0.26368531852437466,
        0.26431031852437464,
        0.26493531852437463,
        0.2655603185243746,
        0.2661853185243746,
        0.2664978185243746,
        0.2668103185243746,
        0.2671228185243746,
        0.2674353185243746,
        0.26774781852437457,
        0.26806031852437456,
        0.26837281852437456,
        0.26868531852437455,
        0.26899781852437454,
        0.26931031852437454,
        0.26962281852437453,
        0.26977906852437455,
        0.2699353185243746,
        0.2700915685243746,
        0.27024781852437463,
        0.27040406852437465,
        0.2705603185243747,
        0.2707165685243747,
        0.2708728185243747
    ],