{
    "label": "H101",
    "frame": "P001",
    "level": 1,
    "L": 32,
    "lat_unit": 0.0865,
    "a_inv": 2.281,
    "m_B": 0.5085488820692678,
    "m_pi": 0.18281455501972818,
    "k2mpi2": 1.1012083116424898,
    "kcot_mpi": 1.0934877382562131,
    "k2mpi2s": [
        1.062253579066486,
        1.0638831702845695,
        1.0655127615026532,
        1.0671423527207367,
        1.0687719439388204,
        1.0704015351569038,
        1.0720311263749875,
        1.073660717593071,
        1.0752903088111547,
        1.0769199000292382,
        1.078549491247322,
        1.0801790824654054,
        1.081808673683489,
        1.0834382649015726,
        1.0850678561196563,
        1.0866974473377398,
        1.0883270385558235,
        1.089956629773907,
        1.0915862209919907,
        1.0932158122100741,
        1.0948454034281578,
        1.0964749946462413,
        1.098104585864325,
        1.0997341770824085,
        1.1013637683004922,
        1.1029933595185757,
        1.1046229507366594,
        1.1062525419547429,
        1.1078821331728266,
        1.10951172439091,
        1.1111413156089938,
        1.1127709068270772,
        1.114400498045161,
        1.1160300892632444,
        1.1176596804813281,
        1.1192892716994116,
        1.1209188629174953,
        1.1225484541355788,
        1.1241780453536625,
        1.125807636571746,
        1.1274372277898297,
        1.1290668190079132,
        1.1306964102259969,
        1.1323260014440804,
        1.133955592662164,
        1.1355851838802475,
        1.1372147750983312,
        1.1388443663164147,
        1.1404739575344984,
        1.142103548752582
    ],
    "kcot_mpis": [
        0.8908664364667299,
        0.8986166350446899,
        0.9064237739544048,
        0.9142886536210353,
        0.9222120890405983,
        0.9301949101125021,
        0.938237961998953,
        0.9463421054815837,
        0.9545082173293217,
        0.9627371906957184,
        0.9710299354946698,
        0.9793873788220117,
        0.9878104653674721,
        0.9963001578404366,
        1.0048574373960744,
        1.0134833041387705,
        1.0221787775400952,
        1.0309448969199184,
        1.039782722052844,
        1.048693333446321,
        1.057677833128077,
        1.0667373448797712,
        1.0758730155353038,
        1.0850860142334289,
        1.0943775342893376,
        1.1037487931938283,
        1.113201033347072,
        1.1227355227314675,
        1.1323535556030517,
        1.1420564530191237,
        1.1518455638947198,
        1.1617222654075527,
        1.171687963918412,
        1.1817440957328653,
        1.1918921279111692,
        1.2021335591030025,
        1.212469920415074,
        1.22290277632288,
        1.2334337255788206,
        1.2440644021664895,
        1.254796476301045,
        1.2656316554499953,
        1.2765716853729416,
        1.2876183512458665,
        1.2987734787660608,
        1.310038935310188,
        1.3214166312075706,
        1.3329085209216136,
        1.3445166043845604,
        1.3562429283335184
    ],
    "k2mpi2_ref": [
        0.4512083116424892,
        0.4612083116424892,
        0.4712083116424892,
        0.48120831164248923,
        0.49120831164248924,
        0.5012083116424892,
        0.5112083116424893,
        0.5212083116424893,
        0.5312083116424893,
        0.5412083116424893,
        0.5512083116424893,
        0.5612083116424893,
        0.5712083116424893,
        0.5812083116424893,
        0.5912083116424893,
        0.6012083116424893,
        0.6112083116424893,
        0.6212083116424894,
        0.6312083116424894,
        0.6412083116424894,
        0.6512083116424894,
        0.6612083116424894,
        0.6712083116424894,
        0.6812083116424894,
        0.6912083116424894,
        0.7012083116424894,
        0.7112083116424894,
        0.7212083116424894,
        0.7312083116424895,
        0.7412083116424895,
        0.7512083116424895,
        0.7612083116424895,
        0.7712083116424895,
        0.7812083116424895,
        0.7912083116424895,
        0.8012083116424895,
        0.8112083116424895,
        0.8212083116424895,
        0.8312083116424895,
        0.8412083116424895,
        0.8512083116424896,
        0.8612083116424896,
        0.8712083116424896,
        0.8812083116424896,
        0.8912083116424896,
        0.9012083116424896,
        0.9112083116424896,
        0.9212083116424896,
        0.9312083116424896,
        0.9412083116424896,
        0.9512083116424896,
        0.9612083116424897,
        0.9712083116424897,
        0.9812083116424897,
        0.9912083116424897,
        1.0012083116424897,
        1.0112083116424897,
        1.0212083116424897,
        1.0312083116424897,
        1.0412083116424897,
        1.0512083116424897,
        1.0612083116424897,
        1.0712083116424898,
        1.0812083116424898,
        1.0912083116424898,
        1.1012083116424898,
        1.1112083116424898,
        1.1212083116424898,
        1.1312083116424898,
        1.1412083116424898,
        1.1512083116424898,
        1.1612083116424898,
        1.1712083116424898,
        1.1812083116424898,
        1.1912083116424899,
        1.2012083116424899,
        1.2112083116424899,
        1.2212083116424899,
        1.23120831164249,
        1.24120831164249,
        1.25120831164249,
        1.26120831164249,
        1.27120831164249,
        1.28120831164249,
        1.29120831164249,
        1.30120831164249,
        1.31120831164249,
        1.32120831164249,
        1.3262083116424899
    ],