{
    "label": "H101",
    "frame": "P002",
    "level": 0,
    "L": 32,
    "lat_unit": 0.0865,
    "a_inv": 2.281,
    "m_B": 0.5085488820692678,
    "m_pi": 0.18281455501972818,
    "k2mpi2": -0.3024318254356658,
    "kcot_mpi": -0.49398875722011765,
    "k2mpi2s": [
        -0.3278851162925222,
        -0.32685843789892227,
        -0.32583175950532234,
        -0.3248050811117224,
        -0.32377840271812247,
        -0.3227517243245226,
        -0.32172504593092266,
        -0.3206983675373227,
        -0.3196716891437228,
        -0.31864501075012286,
        -0.3176183323565229,
        -0.316591653962923,
        -0.31556497556932306,
        -0.3145382971757231,
        -0.3135116187821232,
        -0.3124849403885233,
        -0.3114582619949234,
        -0.31043158360132345,
        -0.3094049052077235,
        -0.3083782268141236,
        -0.30735154842052365,
        -0.3063248700269237,
        -0.3052981916333238,
        -0.30427151323972385,
        -0.3032448348461239,
        -0.30221815645252403,
        -0.3011914780589241,
        -0.30016479966532417,
        -0.29913812127172423,
        -0.2981114428781243,
        -0.29708476448452437,
        -0.29605808609092443,
        -0.2950314076973245,
        -0.29400472930372457,
        -0.29297805091012463,
        -0.2919513725165247,
        -0.2909246941229248,
        -0.2898980157293249,
        -0.28887133733572495,
        -0.287844658942125,
        -0.2868179805485251,
        -0.28579130215492515,
        -0.2847646237613252,
        -0.2837379453677253,
        -0.2827112669741254,
        -0.2816845885805255,
        -0.28065791018692554,
        -0.2796312317933256,
        -0.2786045533997257,
        -0.27757787500612574
    ],
    "kcot_mpis": [
        -0.5249793288643163,
        -0.5237796224699588,
        -0.5225759647741233,
        -0.5213683215539515,
        -0.520156658157775,
        -0.5189409395005722,
        -0.5177211300564171,
        -0.5164971938531628,
        -0.5152690944613437,
        -0.5140367949906999,
        -0.5128002580821912,
        -0.5115594458994787,
        -0.5103143201155113,
        -0.5090648419208681,
        -0.5078109719977913,
        -0.5065526705215543,
        -0.5052898971500307,
        -0.5040226110146135,
        -0.5027507707127002,
        -0.5014743342974779,
        -0.5001932592708952,
        -0.49890750257104544,
        -0.4976170205662782,
        -0.4963217690433337,
        -0.49502170319870836,
        -0.49371677762842703,
        -0.49240694631663035,
        -0.49109216262703276,
        -0.48977237929138984,
        -0.48844754839823223,
        -0.48711762138246917,
        -0.48578254901347395,
        -0.484442281384908,
        -0.48309676790041445,
        -0.48174595726418556,
        -0.480389797468528,
        -0.47902823577525133,
        -0.47766121871538914,
        -0.476288692063741,
        -0.47491060083145387,
        -0.47352688925295977,
        -0.4721375007676572,
        -0.47074237801047775,
        -0.4693414627940024,
        -0.4679346960805014,
        -0.46652201804240656,
        -0.4651033678932985,
        -0.4636786840235995,
        -0.46224790391287973,
        -0.4608109641230997
    ],
    "k2mpi2_ref": [
        -0.8024318254356663,
        -0.7924318254356663,
        -0.7824318254356663,
        -0.7724318254356662,
        -0.7624318254356662,
        -0.7524318254356662,
        -0.7424318254356662,
        -0.7324318254356662,
        -0.7224318254356662,
        -0.7124318254356662,
        -0.7024318254356662,
        -0.6924318254356662,
        -0.6824318254356662,
        -0.6724318254356662,
        -0.6624318254356661,
        -0.6524318254356661,
        -0.6424318254356661,
        -0.6324318254356661,
        -0.6224318254356661,
        -0.6124318254356661,
        -0.6024318254356661,
        -0.5924318254356661,
        -0.5824318254356661,
        -0.5724318254356661,
        -0.562431825435666,
        -0.552431825435666,
        -0.542431825435666,
        -0.532431825435666,
        -0.522431825435666,
        -0.512431825435666,
        -0.502431825435666,
        -0.492431825435666,
        -0.482431825435666,
        -0.472431825435666,
        -0.46243182543566597,
        -0.45243182543566596,
        -0.44243182543566595,
        -0.43243182543566594,
        -0.42243182543566593,
        -0.4124318254356659,
        -0.4024318254356659,
        -0.3924318254356659,
        -0.3824318254356659,
        -0.3724318254356659,
        -0.3624318254356659,
        -0.35243182543566587,
        -0.34243182543566586,
        -0.33243182543566585,
        -0.32243182543566584,
        -0.31243182543566583,
        -0.3024318254356658,
        -0.2924318254356658,
        -0.2824318254356658,
        -0.2724318254356658,
        -0.2624318254356658,
        -0.2524318254356658,
        -0.24243182543566577,
        -0.23243182543566576,
        -0.22243182543566575,
        -0.21243182543566574,
        -0.20243182543566574,
        -0.19243182543566573,
        -0.18243182543566572,
        -0.1724318254356657,
        -0.1624318254356657,
        -0.1524318254356657,
        -0.14243182543566568,
        -0.13243182543566567,
        -0.12243182543566568,
        -0.11243182543566568,
        -0.10243182543566569,
        -0.0924318254356657,
        -0.0824318254356657,
        -0.0724318254356657,
        -0.0624318254356657,
        -0.0524318254356657,
        -0.0424318254356657,
        -0.032431825435665695,
        -0.027431825435665694,
        -0.022431825435665693,
        -0.019931825435665695,
        -0.017431825435665696,
        -0.016181825435665695,
        -0.014931825435665695,
        -0.013681825435665696,
        -0.012431825435665697,
        -0.011806825435665696,
        -0.011181825435665696,
        -0.010556825435665695,
        -0.009931825435665695,
        -0.009306825435665694,
        -0.008681825435665693,
        -0.008369325435665693,
        -0.008056825435665693,
        -0.007744325435665693,
        -0.007431825435665692,
        -0.007119325435665692,
        -0.006806825435665692,
        -0.0064943254356656915,
        -0.006181825435665691,
        -0.006025575435665691,
        -0.005869325435665691,
        -0.005713075435665691,
        -0.005556825435665691,
        -0.0054005754356656905,
        -0.00524432543566569,
        -0.00508807543566569,
        -0.00493182543566569,
        -0.00477557543566569,
        -0.00461932543566569,
        -0.00446307543566569,
        -0.0043068254356656895,
        -0.0042287004356656895,
        -0.004150575435665689,
        -0.004072450435665689,
        -0.003994325435665689,
        -0.003916200435665689,
        -0.003838075435665689,
        -0.003759950435665689,
        -0.003681825435665689,
        -0.003603700435665689,
        -0.003525575435665689
    ],