{
    "label": "H101",
    "frame": "P011",
    "level": 0,
    "L": 32,
    "lat_unit": 0.0865,
    "a_inv": 2.281,
    "m_B": 0.5085488820692678,
    "m_pi": 0.18281455501972818,
    "k2mpi2": -0.0020549610266537848,
    "kcot_mpi": -0.22980414960017925,
    "k2mpi2s": [
        -0.040240172897570294,
        -0.03871271207784459,
        -0.037185251258118876,
        -0.03565779043839317,
        -0.03413032961866746,
        -0.03260286879894175,
        -0.031075407979216044,
        -0.029547947159490336,
        -0.028020486339764627,
        -0.026493025520038918,
        -0.02496556470031321,
        -0.0234381038805875,
        -0.021910643060861795,
        -0.020383182241136086,
        -0.018855721421410378,
        -0.01732826060168467,
        -0.01580079978195896,
        -0.014273338962233251,
        -0.012745878142507543,
        -0.011218417322781834,
        -0.009690956503056125,
        -0.00816349568333042,
        -0.006636034863604708,
        -0.005108574043879002,
        -0.003581113224153297,
        -0.0020536524044275847,
        -0.0005261915847018794,
        0.0010012692350238328,
        0.002528730054749538,
        0.00405619087447525,
        0.005583651694200956,
        0.007111112513926668,
        0.008638573333652373,
        0.010166034153378078,
        0.01169349497310379,
        0.013220955792829496,
        0.014748416612555208,
        0.016275877432280914,
        0.017803338252006626,
        0.01933079907173233,
        0.020858259891458043,
        0.02238572071118374,
        0.023913181530909454,
        0.025440642350635166,
        0.02696810317036088,
        0.028495563990086577,
        0.03002302480981229,
        0.031550485629538,
        0.0330779464492637,
        0.03460540726898941
    ],
    "kcot_mpis": [
        -0.2817050046393461,
        -0.279712866738829,
        -0.2777141253089921,
        -0.27570873189919476,
        -0.27369663755093093,
        -0.27167779279672866,
        -0.26965214764771417,
        -0.26761965159137635,
        -0.26558025358056225,
        -0.26353390202983296,
        -0.2614805448061115,
        -0.2594201292200115,
        -0.2573526020233308,
        -0.2552779093949515,
        -0.2531959969387759,
        -0.2511068096716608,
        -0.24901029201774486,
        -0.24690638780048754,
        -0.24479504023204762,
        -0.24267619190780937,
        -0.2405497847952107,
        -0.23841576022760852,
        -0.2362740588928931,
        -0.23412462082643204,
        -0.23196738540080344,
        -0.22980229131692392,
        -0.22762927659530652,
        -0.2254482785647306,
        -0.22325923385399674,
        -0.22106207838117883,
        -0.21885674734390045,
        -0.21664317520855392,
        -0.21442129570005466,
        -0.21219104179306567,
        -0.20995234569724397,
        -0.20770513884903521,
        -0.2054493519003293,
        -0.20318491470628253,
        -0.2009117563131194,
        -0.19862980494805813,
        -0.196338988007006,
        -0.19403923203989043,
        -0.1917304627420023,
        -0.1894126049368228,
        -0.18708558256924077,
        -0.18474931868505046,
        -0.18240373542342816,
        -0.1800487540001986,
        -0.17768429469554436,
        -0.17531027684126307
    ],
    "k2mpi2_ref": [
        -0.8020549610266543,
        -0.7920549610266543,
        -0.7820549610266543,
        -0.7720549610266543,
        -0.7620549610266543,
        -0.7520549610266543,
        -0.7420549610266542,
        -0.7320549610266542,
        -0.7220549610266542,
        -0.7120549610266542,
        -0.7020549610266542,
        -0.6920549610266542,
        -0.6820549610266542,
        -0.6720549610266542,
        -0.6620549610266542,
        -0.6520549610266542,
        -0.6420549610266542,
        -0.6320549610266541,
        -0.6220549610266541,
        -0.6120549610266541,
        -0.6020549610266541,
        -0.5920549610266541,
        -0.5820549610266541,
        -0.5720549610266541,
        -0.5620549610266541,
        -0.5520549610266541,
        -0.5420549610266541,
        -0.5320549610266541,
        -0.522054961026654,
        -0.512054961026654,
        -0.502054961026654,
        -0.4920549610266541,
        -0.48205496102665407,
        -0.47205496102665406,
        -0.46205496102665405,
        -0.45205496102665405,
        -0.44205496102665404,
        -0.432054961026654,
        -0.422054961026654,
        -0.412054961026654,
        -0.402054961026654,
        -0.392054961026654,
        -0.382054961026654,
        -0.372054961026654,
        -0.36205496102665397,
        -0.35205496102665396,
        -0.34205496102665395,
        -0.33205496102665394,
        -0.32205496102665393,
        -0.3120549610266539,
        -0.3020549610266539,
        -0.2920549610266539,
        -0.2820549610266539,
        -0.2720549610266539,
        -0.2620549610266539,
        -0.25205496102665387,
        -0.24205496102665386,
        -0.23205496102665385,
        -0.22205496102665384,
        -0.21205496102665383,
        -0.20205496102665382,
        -0.19205496102665381,
        -0.1820549610266538,
        -0.1720549610266538,
        -0.1620549610266538,
        -0.15205496102665378,
        -0.14205496102665377,
        -0.13205496102665376,
        -0.12205496102665377,
        -0.11205496102665377,
        -0.10205496102665378,
        -0.09205496102665378,
        -0.08205496102665379,
        -0.07205496102665379,
        -0.06205496102665379,
        -0.05205496102665379,
        -0.042054961026653785,
        -0.03205496102665378,
        -0.022054961026653785,
        -0.012054961026653785,
        -0.0020549610266537848,
        0.007945038973346216,
        0.017945038973346216,
        0.027945038973346215,
        0.037945038973346217,
        0.04794503897334622,
        0.05794503897334622,
        0.06794503897334622,
        0.07794503897334622,
        0.08794503897334621,
        0.09794503897334621,
        0.1079450389733462,
        0.1179450389733462,
        0.1279450389733462,
        0.1379450389733462,
        0.1479450389733462,
        0.15794503897334622,
        0.16794503897334623,
        0.17794503897334624,
        0.18794503897334625,
        0.19794503897334625,
        0.20794503897334626,
        0.21794503897334627,
        0.22794503897334628,
        0.2379450389733463,
        0.2479450389733463,
        0.2579450389733463,
        0.2679450389733463,
        0.2779450389733463,
        0.28794503897334633,
        0.29794503897334634,
        0.30794503897334635,
        0.31794503897334636,
        0.32794503897334637,
        0.3379450389733464,
        0.3479450389733464,
        0.3579450389733464,
        0.3679450389733464,
        0.3779450389733464,
        0.3879450389733464,
        0.39794503897334643,
        0.40794503897334644,
        0.41794503897334645,
        0.42794503897334646,
        0.43794503897334647,
        0.4479450389733465,
        0.4579450389733465,
        0.4679450389733465,
        0.4729450389733465,
        0.4779450389733465,
        0.4829450389733465,
        0.4879450389733465,
        0.4904450389733465,
        0.4929450389733465,
        0.4954450389733465,
        0.4979450389733465,
        0.5004450389733465,
        0.5029450389733464,
        0.5054450389733464,
        0.5066950389733463,
        0.5079450389733463,
        0.5091950389733463,
        0.5104450389733463,
        0.5116950389733462,
        0.5129450389733462,
        0.5141950389733462,
        0.5148200389733462,
        0.5154450389733461,
        0.5160700389733461,
        0.5166950389733461,
        0.5173200389733461,
        0.5179450389733461,
        0.5185700389733461,
        0.5191950389733461,
        0.519820038973346,
        0.520445038973346,
        0.521070038973346,
        0.521695038973346,
        0.5220075389733461,
        0.5223200389733461,
        0.5226325389733462,
        0.5229450389733462,
