{
    "label": "H101",
    "frame": "P111",
    "level": 0,
    "L": 32,
    "lat_unit": 0.0865,
    "a_inv": 2.281,
    "m_B": 0.5085488820692678,
    "m_pi": 0.18281455501972818,
    "k2mpi2": 0.17485457799966586,
    "kcot_mpi": -0.061435238391933086,
    "k2mpi2s": [
        0.12140373713338738,
        0.1236130233943326,
        0.1258223096552778,
        0.128031595916223,
        0.13024088217716823,
        0.13245016843811344,
        0.13465945469905866,
        0.13686874096000387,
        0.13907802722094909,
        0.1412873134818943,
        0.14349659974283951,
        0.14570588600378473,
        0.14791517226472994,
        0.15012445852567513,
        0.15233374478662035,
        0.15454303104756556,
        0.15675231730851077,
        0.158961603569456,
        0.1611708898304012,
        0.16338017609134642,
        0.16558946235229163,
        0.16779874861323685,
        0.17000803487418206,
        0.17221732113512728,
        0.17442660739607246,
        0.1766358936570177,
        0.1788451799179629,
        0.18105446617890814,
        0.18326375243985332,
        0.18547303870079854,
        0.18768232496174375,
        0.18989161122268897,
        0.19210089748363418,
        0.1943101837445794,
        0.1965194700055246,
        0.19872875626646982,
        0.20093804252741504,
        0.20314732878836023,
        0.20535661504930547,
        0.20756590131025066,
        0.2097751875711959,
        0.21198447383214108,
        0.2141937600930863,
        0.21640304635403151,
        0.21861233261497673,
        0.22082161887592194,
        0.22303090513686716,
        0.22524019139781237,
        0.22744947765875756,
        0.2296587639197028
    ],
    "kcot_mpis": [
        -0.14079831891342148,
        -0.13768664811694617,
        -0.13456139166965425,
        -0.13142242867664344,
        -0.12826963675088524,
        -0.12510289198561395,
        -0.12192206893454405,
        -0.1187270405839215,
        -0.11551767833394617,
        -0.1122938519650558,
        -0.10905542962223724,
        -0.1058022777769389,
        -0.10253426121376259,
        -0.09925124299292472,
        -0.09595308442780719,
        -0.09263964505473164,
        -0.08931078260570932,
        -0.08596635297764499,
        -0.08260621020434088,
        -0.07923020642358791,
        -0.0758381918484027,
        -0.07243001473435336,
        -0.06900552134733418,
        -0.06556455593310258,
        -0.06210696067098678,
        -0.05863257566589885,
        -0.05514123888678222,
        -0.051632786144484015,
        -0.048107051051797786,
        -0.0445638649885082,
        -0.04100305706113903,
        -0.03742445406520475,
        -0.03382788044674906,
        -0.030213158260901072,
        -0.0265801071309492,
        -0.022928544207150636,
        -0.01925828412359068,
        -0.015569138953619912,
        -0.011860918166789169,
        -0.008133428583175301,
        -0.004386474324808805,
        -0.000619856770907698,
        0.0031666254921071295,
        0.0069731767192940846,
        0.010800004059646281,
        0.014647317604415108,
        0.018515330442878043,
        0.022404258714733973,
        0.026314321665623815,
        0.030245741703703786
    ],
    "k2mpi2_ref": [
        -0.8051454220003347,
        -0.7951454220003347,
        -0.7851454220003347,
        -0.7751454220003346,
        -0.7651454220003346,
        -0.7551454220003346,
        -0.7451454220003346,
        -0.7351454220003346,
        -0.7251454220003346,
        -0.7151454220003346,
        -0.7051454220003346,
        -0.6951454220003346,
        -0.6851454220003346,
        -0.6751454220003346,
        -0.6651454220003346,
        -0.6551454220003345,
        -0.6451454220003345,
        -0.6351454220003345,
        -0.6251454220003345,
        -0.6151454220003345,
        -0.6051454220003345,
        -0.5951454220003345,
        -0.5851454220003345,
        -0.5751454220003345,
        -0.5651454220003345,
        -0.5551454220003345,
        -0.5451454220003344,
        -0.5351454220003344,
        -0.5251454220003344,
        -0.5151454220003344,
        -0.5051454220003344,
        -0.49514542200033446,
        -0.48514542200033445,
        -0.47514542200033444,
        -0.46514542200033443,
        -0.4551454220003344,
        -0.4451454220003344,
        -0.4351454220003344,
        -0.4251454220003344,
        -0.4151454220003344,
        -0.4051454220003344,
        -0.39514542200033437,
        -0.38514542200033436,
        -0.37514542200033435,
        -0.36514542200033434,
        -0.35514542200033433,
        -0.3451454220003343,
        -0.3351454220003343,
        -0.3251454220003343,
        -0.3151454220003343,
        -0.3051454220003343,
        -0.2951454220003343,
        -0.28514542200033427,
        -0.27514542200033426,
        -0.26514542200033425,
        -0.25514542200033424,
        -0.24514542200033423,
        -0.23514542200033423,
        -0.22514542200033422,
        -0.2151454220003342,
        -0.2051454220003342,
        -0.1951454220003342,
        -0.18514542200033418,
        -0.17514542200033417,
        -0.16514542200033416,
        -0.15514542200033415,
        -0.14514542200033415,
        -0.13514542200033414,
        -0.12514542200033413,
        -0.11514542200033413,
        -0.10514542200033414,
        -0.09514542200033414,
        -0.08514542200033415,
        -0.07514542200033415,
        -0.06514542200033416,
        -0.055145422000334156,
        -0.045145422000334154,
        -0.03514542200033415,
        -0.02514542200033415,
        -0.015145422000334148,
        -0.005145422000334148,
        0.004854577999665852,
        0.014854577999665853,
        0.024854577999665853,
        0.034854577999665855,
        0.04485457799966586,
        0.05485457799966586,
        0.06485457799966586,
        0.07485457799966586,
        0.08485457799966585,
        0.09485457799966585,
        0.10485457799966584,
        0.11485457799966584,
        0.12485457799966583,
        0.13485457799966583,
        0.14485457799966583,
        0.15485457799966584,
        0.16485457799966585,
        0.17485457799966586,
        0.18485457799966587,
        0.19485457799966588,
        0.2048545779996659,
        0.2148545779996659,
        0.2248545779996659,
        0.23485457799966591,
        0.24485457799966592,
        0.25485457799966593,
        0.26485457799966594,
        0.27485457799966595,
        0.28485457799966596,
        0.29485457799966597,
        0.304854577999666,
        0.314854577999666,
        0.324854577999666,
        0.334854577999666,
        0.344854577999666,
        0.354854577999666,
        0.36485457799966603,
        0.37485457799966604,
        0.38485457799966605,
        0.39485457799966606,
        0.40485457799966607,
        0.4148545779996661,
        0.4248545779996661,
        0.4348545779996661,
        0.4448545779996661,
        0.4548545779996661,
        0.4648545779996661,
        0.4748545779996661,
        0.48485457799966614,
        0.49485457799966615,
        0.5048545779996662,
        0.5148545779996662,
        0.5248545779996662,
        0.5348545779996662,
        0.5448545779996662,
        0.5548545779996662,
        0.5648545779996662,
        0.5748545779996662,
        0.5848545779996662,
        0.5948545779996662,
        0.6048545779996662,
        0.6148545779996663,
        0.6248545779996663,
        0.6348545779996663,
        0.6448545779996663,
        0.6548545779996663,
        0.6648545779996663,
        0.6748545779996663,
        0.6848545779996663,
        0.6948545779996663,
        0.7048545779996663,
        0.7148545779996663,
        0.7248545779996663,
        0.7348545779996664,
        0.7448545779996664,
        0.7498545779996664
    ],