{
    "label": "H101",
    "frame": "P011",
    "level": 0,
    "L": 32,
    "lat_unit": 0.0865,
    "a_inv": 2.281,
    "m_B": 0.5085488820692678,
    "m_pi": 0.18281455501972818,
    "k2mpi2": -0.0020549610266537848,
    "kcot_mpi": -0.25927224085695305,
    "k2mpi2s": [
        -0.040240172897570294,
        -0.03871271207784459,
        -0.037185251258118876,
        -0.03565779043839317,
        -0.03413032961866746,
        -0.03260286879894175,
        -0.031075407979216044,
        -0.029547947159490336,
        -0.028020486339764627,
        -0.026493025520038918,
        -0.02496556470031321,
        -0.0234381038805875,
        -0.021910643060861795,
        -0.020383182241136086,
        -0.018855721421410378,
        -0.01732826060168467,
        -0.01580079978195896,
        -0.014273338962233251,
        -0.012745878142507543,
        -0.011218417322781834,
        -0.009690956503056125,
        -0.00816349568333042,
        -0.006636034863604708,
        -0.005108574043879002,
        -0.003581113224153297,
        -0.0020536524044275847,
        -0.0005261915847018794,
        0.0010012692350238328,
        0.002528730054749538,
        0.00405619087447525,
        0.005583651694200956,
        0.007111112513926668,
        0.008638573333652373,
        0.010166034153378078,
        0.01169349497310379,
        0.013220955792829496,
        0.014748416612555208,
        0.016275877432280914,
        0.017803338252006626,
        0.01933079907173233,
        0.020858259891458043,
        0.02238572071118374,
        0.023913181530909454,
        0.025440642350635166,
        0.02696810317036088,
        0.028495563990086577,
        0.03002302480981229,
        0.031550485629538,
        0.0330779464492637,
        0.03460540726898941
    ],
    "kcot_mpis": [
        -0.30750873349881763,
        -0.3056498430087761,
        -0.3037853728691814,
        -0.3019152851953781,
        -0.3000395417316069,
        -0.2981581038520167,
        -0.2962709325503114,
        -0.29437798843989593,
        -0.29247923174490964,
        -0.2905746222989903,
        -0.28866411953820004,
        -0.2867476824948354,
        -0.2848252697971095,
        -0.28289683965780343,
        -0.2809623498744954,
        -0.2790217578201478,
        -0.2770750204399892,
        -0.27512209424618445,
        -0.2731629353100642,
        -0.2711974992591452,
        -0.2692257412690484,
        -0.26724761605995556,
        -0.26526307788834325,
        -0.26327208054279566,
        -0.2612745773366504,
        -0.259270521102592,
        -0.2572598641865078,
        -0.25524255843981053,
        -0.2532185552142253,
        -0.25118780535440643,
        -0.24915025919164677,
        -0.2471058665365715,
        -0.24505457667226652,
        -0.24299633834931264,
        -0.24093109977448612,
        -0.23885880860648978,
        -0.23677941194818553,
        -0.23469285633856193,
        -0.2325990877442926,
        -0.23049805155376868,
        -0.22838969256895494,
        -0.22627395499486627,
        -0.22415078243525288,
        -0.22202011787974374,
        -0.21988190370158642,
        -0.2177360816416301,
        -0.21558259280551825,
        -0.2134213776517002,
        -0.2112523759838514,
        -0.20907552694325535
    ],
    "k2mpi2_ref": [
        -0.8020549610266543,
        -0.7920549610266543,
        -0.7820549610266543,
        -0.7720549610266543,
        -0.7620549610266543,
        -0.7520549610266543,
        -0.7420549610266542,
        -0.7320549610266542,
        -0.7220549610266542,
        -0.7120549610266542,
        -0.7020549610266542,
        -0.6920549610266542,
        -0.6820549610266542,
        -0.6720549610266542,
        -0.6620549610266542,
        -0.6520549610266542,
        -0.6420549610266542,
        -0.6320549610266541,
        -0.6220549610266541,
        -0.6120549610266541,
        -0.6020549610266541,
        -0.5920549610266541,
        -0.5820549610266541,
        -0.5720549610266541,
        -0.5620549610266541,
        -0.5520549610266541,
        -0.5420549610266541,
        -0.5320549610266541,
        -0.522054961026654,
        -0.512054961026654,
        -0.502054961026654,
        -0.4920549610266541,
        -0.48205496102665407,
        -0.47205496102665406,
        -0.46205496102665405,
        -0.45205496102665405,
        -0.44205496102665404,
        -0.432054961026654,
        -0.422054961026654,
        -0.412054961026654,
        -0.402054961026654,
        -0.392054961026654,
        -0.382054961026654,
        -0.372054961026654,
        -0.36205496102665397,
        -0.35205496102665396,
        -0.34205496102665395,
        -0.33205496102665394,
        -0.32205496102665393,
        -0.3120549610266539,
        -0.3020549610266539,
        -0.2920549610266539,
        -0.2820549610266539,
        -0.2720549610266539,
        -0.2620549610266539,
        -0.25205496102665387,
        -0.24205496102665386,
        -0.23205496102665385,
        -0.22205496102665384,
        -0.21205496102665383,
        -0.20205496102665382,
        -0.19205496102665381,
        -0.1820549610266538,
        -0.1720549610266538,
        -0.1620549610266538,
        -0.15205496102665378,
        -0.14205496102665377,
        -0.13205496102665376,
        -0.12205496102665377,
        -0.11205496102665377,
        -0.10205496102665378,
        -0.09205496102665378,
        -0.08205496102665379,
        -0.07205496102665379,
        -0.06205496102665379,
        -0.05205496102665379,
        -0.042054961026653785,
        -0.03205496102665378,
        -0.022054961026653785,
        -0.012054961026653785,
        -0.0020549610266537848,
        0.007945038973346216,
        0.017945038973346216,
        0.027945038973346215,
        0.037945038973346217,
        0.04794503897334622,
        0.05794503897334622,
        0.06794503897334622,
        0.07794503897334622,
        0.08794503897334621,
        0.09794503897334621,
        0.1079450389733462,
        0.1179450389733462,
        0.1279450389733462,
        0.1379450389733462,
        0.1479450389733462,
        0.15794503897334622,
        0.16794503897334623,
        0.17794503897334624,
        0.18794503897334625,
        0.19794503897334625,
        0.20794503897334626,
        0.21794503897334627,
        0.22794503897334628,
        0.2379450389733463,
        0.2479450389733463,
        0.2579450389733463,
        0.2679450389733463,
        0.2779450389733463,
        0.28794503897334633,
        0.29794503897334634,
        0.30794503897334635,
        0.31794503897334636,
        0.32794503897334637,
        0.3379450389733464,
        0.3479450389733464,
        0.3579450389733464,
        0.3679450389733464,
        0.3779450389733464,
        0.3879450389733464,
        0.39794503897334643,
        0.40794503897334644,
        0.41794503897334645,
        0.42794503897334646,
        0.43794503897334647,
        0.4479450389733465,
        0.4579450389733465,
        0.4679450389733465,
        0.4779450389733465,
        0.4879450389733465,
        0.4979450389733465,
        0.5079450389733465,
        0.5129450389733465,
        0.5179450389733465,
        0.5229450389733465,
        0.5279450389733465,
        0.5304450389733465
    ],