{
    "label": "H101",
    "frame": "P011",
    "level": 1,
    "L": 32,
    "lat_unit": 0.0865,
    "a_inv": 2.281,
    "m_B": 0.5085488820692678,
    "m_pi": 0.18281455501972818,
    "k2mpi2": 0.4737313543076348,
    "kcot_mpi": 2.0059958593713967,
    "k2mpi2s": [
        0.44841937660030357,
        0.44945626236702274,
        0.4504931481337419,
        0.45153003390046104,
        0.4525669196671802,
        0.4536038054338994,
        0.45464069120061856,
        0.45567757696733774,
        0.4567144627340569,
        0.45775134850077603,
        0.4587882342674952,
        0.4598251200342144,
        0.46086200580093356,
        0.46189889156765274,
        0.46293577733437186,
        0.46397266310109103,
        0.4650095488678102,
        0.4660464346345294,
        0.46708332040124856,
        0.4681202061679677,
        0.46915709193468685,
        0.47019397770140603,
        0.4712308634681252,
        0.4722677492348444,
        0.47330463500156356,
        0.4743415207682827,
        0.47537840653500185,
        0.476415292301721,
        0.4774521780684402,
        0.4784890638351594,
        0.47952594960187855,
        0.4805628353685977,
        0.48159972113531685,
        0.482636606902036,
        0.4836734926687552,
        0.4847103784354744,
        0.4857472642021935,
        0.48678414996891267,
        0.48782103573563185,
        0.488857921502351,
        0.4898948072690702,
        0.4909316930357893,
        0.4919685788025085,
        0.49300546456922767,
        0.49404235033594684,
        0.495079236102666,
        0.49611612186938514,
        0.4971530076361043,
        0.4981898934028235,
        0.49922677916954267
    ],
    "kcot_mpis": [
        1.520750701878024,
        1.5369905274859375,
        1.5534840715957672,
        1.5702376183067137,
        1.5872576614942084,
        1.604550913644706,
        1.6221243151394207,
        1.6399850440072694,
        1.6581405261878033,
        1.6765984463336887,
        1.6953667591510677,
        1.714453701427781,
        1.733867804590271,
        1.7536179080319652,
        1.7737131731305351,
        1.7941630980444705,
        1.8149775333386258,
        1.8361666984806875,
        1.8577411992751922,
        1.8797120463006447,
        1.9020906744056703,
        1.9248889633460733,
        1.9481192596401318,
        1.9717943997235612,
        1.9959277344898108,
        2.02053315533712,
        2.0456251217968133,
        2.0712186908836308,
        2.0973295482865746,
        2.1239740415000092,
        2.1511692151663104,
        2.178932848577394,
        2.2072834957217657,
        2.236240527943843,
        2.265824179457273,
        2.2960555959261852,
        2.3269568863918977,
        2.3585511787508393,
        2.3908626791580674,
        2.423916735579997,
        2.457739905950337,
        2.492360031239679,
        2.5278063138781754,
        2.564109402020271,
        2.6013014801370637,
        2.6394163665063886,
        2.6784896182233298,
        2.7185586444191516,
        2.7596628284354354,
        2.801843659808179
    ],
    "k2mpi2_ref": [
        -0.806268645692366,
        -0.796268645692366,
        -0.786268645692366,
        -0.776268645692366,
        -0.766268645692366,
        -0.756268645692366,
        -0.746268645692366,
        -0.7362686456923659,
        -0.7262686456923659,
        -0.7162686456923659,
        -0.7062686456923659,
        -0.6962686456923659,
        -0.6862686456923659,
        -0.6762686456923659,
        -0.6662686456923659,
        -0.6562686456923659,
        -0.6462686456923659,
        -0.6362686456923659,
        -0.6262686456923658,
        -0.6162686456923658,
        -0.6062686456923658,
        -0.5962686456923658,
        -0.5862686456923658,
        -0.5762686456923658,
        -0.5662686456923658,
        -0.5562686456923658,
        -0.5462686456923658,
        -0.5362686456923658,
        -0.5262686456923658,
        -0.5162686456923657,
        -0.5062686456923657,
        -0.4962686456923658,
        -0.4862686456923658,
        -0.47626864569236577,
        -0.46626864569236576,
        -0.45626864569236575,
        -0.44626864569236574,
        -0.43626864569236573,
        -0.4262686456923657,
        -0.4162686456923657,
        -0.4062686456923657,
        -0.3962686456923657,
        -0.3862686456923657,
        -0.3762686456923657,
        -0.36626864569236567,
        -0.35626864569236566,
        -0.34626864569236565,
        -0.33626864569236564,
        -0.32626864569236563,
        -0.3162686456923656,
        -0.3062686456923656,
        -0.2962686456923656,
        -0.2862686456923656,
        -0.2762686456923656,
        -0.2662686456923656,
        -0.25626864569236557,
        -0.24626864569236556,
        -0.23626864569236555,
        -0.22626864569236554,
        -0.21626864569236554,
        -0.20626864569236553,
        -0.19626864569236552,
        -0.1862686456923655,
        -0.1762686456923655,
        -0.1662686456923655,
        -0.15626864569236548,
        -0.14626864569236547,
        -0.13626864569236546,
        -0.12626864569236546,
        -0.11626864569236546,
        -0.10626864569236547,
        -0.09626864569236547,
        -0.08626864569236548,
        -0.07626864569236548,
        -0.06626864569236549,
        -0.05626864569236548,
        -0.04626864569236548,
        -0.03626864569236548,
        -0.026268645692365478,
        -0.016268645692365476,
        -0.0062686456923654755,
        0.0037313543076345247,
        0.013731354307634525,
        0.023731354307634525,
        0.03373135430763453,
        0.04373135430763453,
        0.05373135430763453,
        0.06373135430763453,
        0.07373135430763453,
        0.08373135430763452,
        0.09373135430763452,
        0.10373135430763451,
        0.11373135430763451,
        0.1237313543076345,
        0.1337313543076345,
        0.1437313543076345,
        0.15373135430763452,
        0.16373135430763452,
        0.17373135430763453,
        0.18373135430763454,
        0.19373135430763455,
        0.20373135430763456,
        0.21373135430763457,
        0.22373135430763458,
        0.2337313543076346,
        0.2437313543076346,
        0.2537313543076346,
        0.2637313543076346,
        0.2737313543076346,
        0.28373135430763463,
        0.29373135430763464,
        0.30373135430763465,
        0.31373135430763466,
        0.32373135430763467,
        0.3337313543076347,
        0.3437313543076347,
        0.3537313543076347,
        0.3637313543076347,
        0.3737313543076347,
        0.3837313543076347,
        0.39373135430763473,
        0.40373135430763474,
        0.41373135430763475,
        0.42373135430763476,
        0.43373135430763476,
        0.4437313543076348,
        0.4537313543076348,
        0.4637313543076348,
        0.4737313543076348,
        0.4837313543076348,
        0.4937313543076348,
        0.5037313543076348,
        0.5087313543076348,
        0.5137313543076348,
        0.5187313543076348,
        0.5237313543076348,
        0.5287313543076348,
        0.5312313543076348
    ],