{
    "label": "H101",
    "frame": "P001",
    "level": 1,
    "L": 32,
    "lat_unit": 0.0865,
    "a_inv": 2.281,
    "m_B": 0.5085488820692678,
    "m_pi": 0.18281455501972818,
    "k2mpi2": 1.1012083116424898,
    "kcot_mpi": 1.0492886024601464,
    "k2mpi2s": [
        1.062253579066486,
        1.0638831702845695,
        1.0655127615026532,
        1.0671423527207367,
        1.0687719439388204,
        1.0704015351569038,
        1.0720311263749875,
        1.073660717593071,
        1.0752903088111547,
        1.0769199000292382,
        1.078549491247322,
        1.0801790824654054,
        1.081808673683489,
        1.0834382649015726,
        1.0850678561196563,
        1.0866974473377398,
        1.0883270385558235,
        1.089956629773907,
        1.0915862209919907,
        1.0932158122100741,
        1.0948454034281578,
        1.0964749946462413,
        1.098104585864325,
        1.0997341770824085,
        1.1013637683004922,
        1.1029933595185757,
        1.1046229507366594,
        1.1062525419547429,
        1.1078821331728266,
        1.10951172439091,
        1.1111413156089938,
        1.1127709068270772,
        1.114400498045161,
        1.1160300892632444,
        1.1176596804813281,
        1.1192892716994116,
        1.1209188629174953,
        1.1225484541355788,
        1.1241780453536625,
        1.125807636571746,
        1.1274372277898297,
        1.1290668190079132,
        1.1306964102259969,
        1.1323260014440804,
        1.133955592662164,
        1.1355851838802475,
        1.1372147750983312,
        1.1388443663164147,
        1.1404739575344984,
        1.142103548752582
    ],
    "kcot_mpis": [
        0.8565534838818901,
        0.8639533717763515,
        0.8714054348641244,
        0.8789103823439591,
        0.886468935839325,
        0.8940818296692813,
        0.9017498111444358,
        0.9094736408578347,
        0.9172540929849533,
        0.9250919556108368,
        0.9329880310333311,
        0.9409431361092602,
        0.9489581025891353,
        0.9570337774621823,
        0.9651710232996344,
        0.9733707186719762,
        0.9816337584777204,
        0.9899610543330667,
        0.9983535350797236,
        1.0068121469701892,
        1.0153378543467129,
        1.023931639789971,
        1.032594505215957,
        1.0413274711961196,
        1.0501315785293797,
        1.0590078882094092,
        1.0679574820133095,
        1.07698146304254,
        1.0860809562806868,
        1.0952571089645806,
        1.1045110915228462,
        1.1138440977985846,
        1.1232573458260842,
        1.1327520784246305,
        1.142329563837517,
        1.1519910963885118,
        1.1617379971659796,
        1.1715716147410673,
        1.1814933258774734,
        1.1915045362779861,
        1.2016066813689588,
        1.2118012270968448,
        1.2220896707341697,
        1.2324735417614097,
        1.242954402718576,
        1.2535338500997486,
        1.264213515352794,
        1.274995065774698,
        1.285880205548848,
        1.2968706767710538
    ],
    "k2mpi2_ref": [
        0.4512083116424892,
        0.4612083116424892,
        0.4712083116424892,
        0.48120831164248923,
        0.49120831164248924,
        0.5012083116424892,
        0.5112083116424893,
        0.5212083116424893,
        0.5312083116424893,
        0.5412083116424893,
        0.5512083116424893,
        0.5612083116424893,
        0.5712083116424893,
        0.5812083116424893,
        0.5912083116424893,
        0.6012083116424893,
        0.6112083116424893,
        0.6212083116424894,
        0.6312083116424894,
        0.6412083116424894,
        0.6512083116424894,
        0.6612083116424894,
        0.6712083116424894,
        0.6812083116424894,
        0.6912083116424894,
        0.7012083116424894,
        0.7112083116424894,
        0.7212083116424894,
        0.7312083116424895,
        0.7412083116424895,
        0.7512083116424895,
        0.7612083116424895,
        0.7712083116424895,
        0.7812083116424895,
        0.7912083116424895,
        0.8012083116424895,
        0.8112083116424895,
        0.8212083116424895,
        0.8312083116424895,
        0.8412083116424895,
        0.8512083116424896,
        0.8612083116424896,
        0.8712083116424896,
        0.8812083116424896,
        0.8912083116424896,
        0.9012083116424896,
        0.9112083116424896,
        0.9212083116424896,
        0.9312083116424896,
        0.9412083116424896,
        0.9512083116424896,
        0.9612083116424897,
        0.9712083116424897,
        0.9812083116424897,
        0.9912083116424897,
        1.0012083116424897,
        1.0112083116424897,
        1.0212083116424897,
        1.0312083116424897,
        1.0412083116424897,
        1.0512083116424897,
        1.0612083116424897,
        1.0712083116424898,
        1.0812083116424898,
        1.0912083116424898,
        1.1012083116424898,
        1.1112083116424898,
        1.1212083116424898,
        1.1312083116424898,
        1.1412083116424898,
        1.1512083116424898,
        1.1612083116424898,
        1.1712083116424898,
        1.1812083116424898,
        1.1912083116424899,
        1.2012083116424899,
        1.2112083116424899,
        1.2212083116424899,
        1.23120831164249,
        1.24120831164249,
        1.25120831164249,
        1.26120831164249,
        1.27120831164249,
        1.28120831164249,
        1.29120831164249,
        1.30120831164249,
        1.31120831164249,
        1.32120831164249,
        1.33120831164249,
        1.3362083116424899,
        1.3412083116424898,
        1.3462083116424897,
        1.3512083116424896,
        1.3562083116424895,
        1.3612083116424893,
        1.3637083116424893,
        1.3662083116424892,
        1.3687083116424892,
        1.3712083116424891,
        1.373708311642489,
        1.376208311642489,
        1.378708311642489,
        1.381208311642489,
        1.3837083116424889,
        1.3849583116424888,
        1.3862083116424888,
        1.3874583116424888,
        1.3887083116424888,
        1.3899583116424887,
        1.3912083116424887,
        1.3924583116424887,
        1.3937083116424887,
        1.3949583116424886,
        1.3962083116424886,
        1.3974583116424886,
        1.3980833116424887,
        1.3987083116424888,
        1.3993333116424889,
        1.399958311642489,
        1.400583311642489,
        1.4012083116424892,
        1.4018333116424893,
        1.4024583116424894
    ],