{
    "label": "H200",
    "frame": "P000",
    "level": 1,
    "L": 32,
    "lat_unit": 0.0642,
    "a_inv": 3.074,
    "m_B": 0.3871177618737801,
    "m_pi": 0.13630448926480157,
    "k2mpi2": 1.790256022734132,
    "kcot_mpi": 2.884228647489706,
    "k2mpi2s": [
        1.6725197233422986,
        1.677320579229522,
        1.6821214351167455,
        1.686922291003969,
        1.6917231468911924,
        1.6965240027784159,
        1.7013248586656393,
        1.7061257145528628,
        1.7109265704400862,
        1.7157274263273097,
        1.7205282822145331,
        1.7253291381017566,
        1.73012999398898,
        1.7349308498762035,
        1.739731705763427,
        1.7445325616506504,
        1.7493334175378739,
        1.7541342734250973,
        1.7589351293123208,
        1.7637359851995442,
        1.7685368410867677,
        1.7733376969739911,
        1.7781385528612146,
        1.782939408748438,
        1.7877402646356615,
        1.792541120522885,
        1.7973419764101084,
        1.8021428322973319,
        1.8069436881845553,
        1.8117445440717788,
        1.8165453999590022,
        1.8213462558462257,
        1.8261471117334491,
        1.8309479676206726,
        1.835748823507896,
        1.8405496793951195,
        1.845350535282343,
        1.8501513911695664,
        1.8549522470567898,
        1.8597531029440133,
        1.8645539588312368,
        1.8693548147184602,
        1.8741556706056837,
        1.8789565264929071,
        1.8837573823801306,
        1.888558238267354,
        1.8933590941545775,
        1.898159950041801,
        1.9029608059290244,
        1.9077616618162478
    ],
    "kcot_mpis": [
        1.8689843622130344,
        1.8995147412194924,
        1.93071605323945,
        1.9626130385644807,
        1.9952316761939934,
        2.02859926016965,
        2.062744484442185,
        2.0976975339774526,
        2.1334901830094957,
        2.1701559012007805,
        2.207729968411033,
        2.246249598911837,
        2.2857540759896264,
        2.3262848979776467,
        2.367885936722374,
        2.410603609988565,
        2.45448706900727,
        2.49958840292335,
        2.5459628618086625,
        2.5936691003888304,
        2.642769444569893,
        2.693330183479264,
        2.74542188984649,
        2.7991197718330345,
        2.854504060351303,
        2.9116604356617986,
        2.970680498358788,
        3.0316622899340513,
        3.0947108693709673,
        3.159938952731599,
        3.2274676240145137,
        3.297427126716062,
        3.3699577469672235,
        3.4452108008808566,
        3.523349740712466,
        3.604551396806192,
        3.6890073753766894,
        3.7769256351570615,
        3.8685322704269605,
        3.9640735324561707,
        4.063818127568874,
        4.168059836948923,
        4.277120511894454,
        4.391353509039693,
        4.511147642694878,
        4.63693174746515,
        4.769179963921875,
        4.908417885085108,
        5.055229730944185,
        5.210266758323661
    ],
    "k2mpi2_ref": [
        0.3202560227341307,
        0.3302560227341307,
        0.3402560227341307,
        0.3502560227341307,
        0.3602560227341307,
        0.3702560227341307,
        0.3802560227341307,
        0.39025602273413074,
        0.40025602273413075,
        0.41025602273413075,
        0.42025602273413076,
        0.43025602273413077,
        0.4402560227341308,
        0.4502560227341308,
        0.4602560227341308,
        0.4702560227341308,
        0.4802560227341308,
        0.4902560227341308,
        0.5002560227341308,
        0.5102560227341308,
        0.5202560227341309,
        0.5302560227341309,
        0.5402560227341309,
        0.5502560227341309,
        0.5602560227341309,
        0.5702560227341309,
        0.5802560227341309,
        0.5902560227341309,
        0.6002560227341309,
        0.6102560227341309,
        0.6202560227341309,
        0.630256022734131,
        0.640256022734131,
        0.650256022734131,
        0.660256022734131,
        0.670256022734131,
        0.680256022734131,
        0.690256022734131,
        0.700256022734131,
        0.710256022734131,
        0.720256022734131,
        0.730256022734131,
        0.740256022734131,
        0.7502560227341311,
        0.7602560227341311,
        0.7702560227341311,
        0.7802560227341311,
        0.7902560227341311,
        0.8002560227341311,
        0.8102560227341311,
        0.8202560227341311,
        0.8302560227341311,
        0.8402560227341311,
        0.8502560227341311,
        0.8602560227341312,
        0.8702560227341312,
        0.8802560227341312,
        0.8902560227341312,
        0.9002560227341312,
        0.9102560227341312,
        0.9202560227341312,
        0.9302560227341312,
        0.9402560227341312,
        0.9502560227341312,
        0.9602560227341312,
        0.9702560227341313,
        0.9802560227341313,
        0.9902560227341313,
        1.0002560227341313,
        1.0102560227341313,
        1.0202560227341313,
        1.0302560227341313,
        1.0402560227341313,
        1.0502560227341313,
        1.0602560227341313,
        1.0702560227341313,
        1.0802560227341313,
        1.0902560227341314,
        1.1002560227341314,
        1.1102560227341314,
        1.1202560227341314,
        1.1302560227341314,
        1.1402560227341314,
        1.1502560227341314,
        1.1602560227341314,
        1.1702560227341314,
        1.1802560227341314,
        1.1902560227341314,
        1.2002560227341315,
        1.2102560227341315,
        1.2202560227341315,
        1.2302560227341315,
        1.2402560227341315,
        1.2502560227341315,
        1.2602560227341315,
        1.2702560227341315,
        1.2802560227341315,
        1.2902560227341315,
        1.3002560227341315,
        1.3102560227341316,
        1.3202560227341316,
        1.3302560227341316,
        1.3402560227341316,
        1.3502560227341316,
        1.3602560227341316,
        1.3702560227341316,
        1.3802560227341316,
        1.3902560227341316,
        1.4002560227341316,
        1.4102560227341316,
        1.4202560227341317,
        1.4302560227341317,
        1.4402560227341317,
        1.4502560227341317,
        1.4602560227341317,
        1.4702560227341317,
        1.4802560227341317,
        1.4902560227341317,
        1.5002560227341317,
        1.5102560227341317,
        1.5202560227341317,
        1.5302560227341317,
        1.5402560227341318,
        1.5502560227341318,
        1.5602560227341318,
        1.5702560227341318,
        1.5802560227341318,
        1.5902560227341318,
        1.6002560227341318,
        1.6102560227341318,
        1.6202560227341318,
        1.6302560227341318,
        1.6402560227341318,
        1.6502560227341319,
        1.6602560227341319,
        1.6702560227341319,
        1.6802560227341319,
        1.690256022734132,
        1.700256022734132,
        1.710256022734132,
        1.720256022734132,
        1.730256022734132,
        1.740256022734132,
        1.750256022734132,
        1.760256022734132,
        1.770256022734132,
        1.780256022734132,
        1.790256022734132,
        1.800256022734132,
        1.810256022734132,
        1.820256022734132,
        1.830256022734132,
        1.840256022734132,
        1.850256022734132,
        1.860256022734132,
        1.870256022734132,
        1.880256022734132,
        1.890256022734132,
        1.900256022734132
    ],