{
    "label": "H200",
    "frame": "P011",
    "level": 0,
    "L": 32,
    "lat_unit": 0.0642,
    "a_inv": 3.074,
    "m_B": 0.3871177618737801,
    "m_pi": 0.13630448926480157,
    "k2mpi2": 0.31486267494652853,
    "kcot_mpi": 0.04172110216495777,
    "k2mpi2s": [
        0.26754387986843775,
        0.2695612676439927,
        0.2715786554195476,
        0.2735960431951026,
        0.27561343097065755,
        0.2776308187462125,
        0.2796482065217674,
        0.28166559429732235,
        0.28368298207287734,
        0.2857003698484323,
        0.2877177576239872,
        0.28973514539954215,
        0.2917525331750971,
        0.2937699209506521,
        0.295787308726207,
        0.29780469650176195,
        0.2998220842773169,
        0.30183947205287187,
        0.3038568598284268,
        0.30587424760398174,
        0.3078916353795367,
        0.3099090231550916,
        0.31192641093064655,
        0.31394379870620154,
        0.3159611864817565,
        0.3179785742573114,
        0.31999596203286634,
        0.32201334980842133,
        0.32403073758397627,
        0.3260481253595312,
        0.32806551313508614,
        0.3300829009106411,
        0.332100288686196,
        0.334117676461751,
        0.33613506423730594,
        0.33815245201286087,
        0.3401698397884158,
        0.3421872275639708,
        0.34420461533952573,
        0.34622200311508067,
        0.3482393908906356,
        0.35025677866619054,
        0.3522741664417455,
        0.35429155421730046,
        0.3563089419928554,
        0.35832632976841033,
        0.36034371754396527,
        0.36236110531952026,
        0.3643784930950752,
        0.36639588087063013
    ],
    "kcot_mpis": [
        -0.03032887589869715,
        -0.02738802285299331,
        -0.024436136513925354,
        -0.021473133842067484,
        -0.018498930929676194,
        -0.015513442985698008,
        -0.012516584331524853,
        -0.009508268381997878,
        -0.006488407634430265,
        -0.003456913660244795,
        -0.00041369708795457156,
        0.002641332406118038,
        0.005708266112270187,
        0.00878719630061756,
        0.011878216234212534,
        0.014981420179695844,
        0.01809690343157229,
        0.021224762307293813,
        0.024365094179291596,
        0.02751799748037586,
        0.030683571721967794,
        0.03386191750541656,
        0.037053136541069,
        0.040257331661281884,
        0.043474606826191524,
        0.046705067188928764,
        0.0499488190155999,
        0.053205969797087985,
        0.05647662821993514,
        0.05976090418747473,
        0.06305890884394287,
        0.0663707545884116,
        0.06969655509248017,
        0.07303642531967972,
        0.07639048154367607,
        0.07975884136707065,
        0.08314162373943414,
        0.08653894898214227,
        0.08995093879854528,
        0.09337771630337004,
        0.09681940603432607,
        0.1002761339863576,
        0.10374802761921446,
        0.10723521588607887,
        0.11073782925444906,
        0.11425599972767182,
        0.11778986086945843,
        0.12133954782549965,
        0.12490519734749553,
        0.12848694781858389
    ],
    "k2mpi2_ref": [
        -0.7951373250534721,
        -0.7851373250534721,
        -0.7751373250534721,
        -0.7651373250534721,
        -0.7551373250534721,
        -0.7451373250534721,
        -0.7351373250534721,
        -0.7251373250534721,
        -0.715137325053472,
        -0.705137325053472,
        -0.695137325053472,
        -0.685137325053472,
        -0.675137325053472,
        -0.665137325053472,
        -0.655137325053472,
        -0.645137325053472,
        -0.635137325053472,
        -0.625137325053472,
        -0.615137325053472,
        -0.605137325053472,
        -0.5951373250534719,
        -0.5851373250534719,
        -0.5751373250534719,
        -0.5651373250534719,
        -0.5551373250534719,
        -0.5451373250534719,
        -0.5351373250534719,
        -0.5251373250534719,
        -0.5151373250534719,
        -0.5051373250534719,
        -0.4951373250534719,
        -0.4851373250534719,
        -0.4751373250534719,
        -0.4651373250534719,
        -0.4551373250534719,
        -0.44513732505347187,
        -0.43513732505347186,
        -0.42513732505347185,
        -0.41513732505347184,
        -0.40513732505347183,
        -0.3951373250534718,
        -0.3851373250534718,
        -0.3751373250534718,
        -0.3651373250534718,
        -0.3551373250534718,
        -0.3451373250534718,
        -0.33513732505347177,
        -0.32513732505347176,
        -0.31513732505347175,
        -0.30513732505347174,
        -0.29513732505347173,
        -0.2851373250534717,
        -0.2751373250534717,
        -0.2651373250534717,
        -0.2551373250534717,
        -0.2451373250534717,
        -0.23513732505347168,
        -0.22513732505347167,
        -0.21513732505347166,
        -0.20513732505347165,
        -0.19513732505347164,
        -0.18513732505347164,
        -0.17513732505347163,
        -0.16513732505347162,
        -0.1551373250534716,
        -0.1451373250534716,
        -0.1351373250534716,
        -0.12513732505347158,
        -0.11513732505347159,
        -0.10513732505347159,
        -0.0951373250534716,
        -0.0851373250534716,
        -0.07513732505347161,
        -0.06513732505347161,
        -0.05513732505347161,
        -0.04513732505347161,
        -0.035137325053471606,
        -0.025137325053471604,
        -0.015137325053471602,
        -0.005137325053471602,
        0.004862674946528398,
        0.014862674946528398,
        0.0248626749465284,
        0.0348626749465284,
        0.0448626749465284,
        0.054862674946528404,
        0.0648626749465284,
        0.0748626749465284,
        0.0848626749465284,
        0.09486267494652839,
        0.10486267494652839,
        0.11486267494652838,
        0.12486267494652838,
        0.13486267494652837,
        0.14486267494652838,
        0.1548626749465284,
        0.1648626749465284,
        0.1748626749465284,
        0.18486267494652842,
        0.19486267494652842,
        0.20486267494652843,
        0.21486267494652844,
        0.22486267494652845,
        0.23486267494652846,
        0.24486267494652847,
        0.2548626749465285,
        0.2648626749465285,
        0.2748626749465285,
        0.2848626749465285,
        0.2948626749465285,
        0.3048626749465285,
        0.31486267494652853,
        0.32486267494652854,
        0.33486267494652855,
        0.34486267494652856,
        0.35486267494652857,
        0.3648626749465286,
        0.3748626749465286,
        0.3848626749465286,
        0.3948626749465286,
        0.4048626749465286,
        0.4148626749465286,
        0.42486267494652863,
        0.43486267494652864,
        0.44486267494652865,
        0.45486267494652866,
        0.46486267494652866,
        0.4748626749465287,
        0.4848626749465287,
        0.4948626749465287,
        0.5048626749465287,
        0.5148626749465287,
        0.5248626749465287,
        0.5348626749465287,
        0.5448626749465287,
        0.5548626749465287,
        0.5648626749465288,
        0.5748626749465288,
        0.5848626749465288,
        0.5948626749465288,
        0.6048626749465288,
        0.6148626749465288,
        0.6248626749465288,
        0.6348626749465288,
        0.6448626749465288,
        0.6548626749465288,
        0.6648626749465288,
        0.6748626749465289,
        0.6848626749465289,
        0.6948626749465289,
        0.7048626749465289,
        0.7148626749465289,
        0.7248626749465289,
        0.7348626749465289,
        0.7448626749465289,
        0.7548626749465289,
        0.7648626749465289,
        0.7748626749465289,
        0.784862674946529,
        0.794862674946529,
        0.804862674946529,
        0.814862674946529,
        0.824862674946529,
        0.834862674946529,
        0.844862674946529,
        0.854862674946529,
