{
    "label": "H200",
    "frame": "P002",
    "level": 0,
    "L": 32,
    "lat_unit": 0.0642,
    "a_inv": 3.074,
    "m_B": 0.3871177618737801,
    "m_pi": 0.13630448926480157,
    "k2mpi2": -0.490171815613618,
    "kcot_mpi": -0.6144806255364241,
    "k2mpi2s": [
        -0.5526697083603477,
        -0.5499933717063703,
        -0.547317035052393,
        -0.5446406983984157,
        -0.5419643617444384,
        -0.539288025090461,
        -0.5366116884364837,
        -0.5339353517825064,
        -0.531259015128529,
        -0.5285826784745516,
        -0.5259063418205744,
        -0.523230005166597,
        -0.5205536685126197,
        -0.5178773318586424,
        -0.515200995204665,
        -0.5125246585506877,
        -0.5098483218967104,
        -0.507171985242733,
        -0.5044956485887557,
        -0.5018193119347784,
        -0.49914297528080104,
        -0.4964666386268237,
        -0.4937903019728464,
        -0.49111396531886903,
        -0.4884376286648917,
        -0.4857612920109144,
        -0.4830849553569371,
        -0.4804086187029597,
        -0.4777322820489824,
        -0.47505594539500506,
        -0.47237960874102775,
        -0.4697032720870504,
        -0.46702693543307305,
        -0.46435059877909574,
        -0.4616742621251184,
        -0.45899792547114104,
        -0.4563215888171637,
        -0.4536452521631864,
        -0.4509689155092091,
        -0.44829257885523177,
        -0.4456162422012544,
        -0.4429399055472771,
        -0.44026356889329976,
        -0.4375872322393224,
        -0.43491089558534507,
        -0.43223455893136775,
        -0.42955822227739043,
        -0.4268818856234131,
        -0.42420554896943574,
        -0.4215292123154584
    ],
    "kcot_mpis": [
        -0.6756481499948701,
        -0.6731882244834179,
        -0.6707154119088165,
        -0.6682295375948653,
        -0.6657304234665712,
        -0.6632178879651099,
        -0.6606917459641025,
        -0.6581518086738389,
        -0.6555978835562983,
        -0.6530297742268575,
        -0.6504472803580896,
        -0.6478501975779214,
        -0.6452383173664603,
        -0.6426114269504498,
        -0.6399693091893285,
        -0.6373117424694242,
        -0.6346385005736123,
        -0.6319493525741477,
        -0.6292440627007287,
        -0.6265223902067886,
        -0.6237840892524137,
        -0.6210289087513389,
        -0.6182565922327209,
        -0.6154668777085051,
        -0.6126594974901273,
        -0.6098341780738397,
        -0.6069906399491201,
        -0.6041285974419361,
        -0.6012477585425546,
        -0.5983478247258577,
        -0.5954284907727206,
        -0.5924894445671128,
        -0.5895303669137235,
        -0.586550931322284,
        -0.5835508038044761,
        -0.5805296426515238,
        -0.5774870982090426,
        -0.5744228126444222,
        -0.5713364197013093,
        -0.5682275444516639,
        -0.5650958030356161,
        -0.5619408023884814,
        -0.5587621399670197,
        -0.5555594034542007,
        -0.5523321704641462,
        -0.5490800082238674,
        -0.5458024732598059,
        -0.5424991110534929,
        -0.5391694556986298,
        -0.5358130295398531
    ],
    "k2mpi2_ref": [
        -0.8001718156136183,
        -0.7901718156136183,
        -0.7801718156136183,
        -0.7701718156136182,
        -0.7601718156136182,
        -0.7501718156136182,
        -0.7401718156136182,
        -0.7301718156136182,
        -0.7201718156136182,
        -0.7101718156136182,
        -0.7001718156136182,
        -0.6901718156136182,
        -0.6801718156136182,
        -0.6701718156136182,
        -0.6601718156136182,
        -0.6501718156136181,
        -0.6401718156136181,
        -0.6301718156136181,
        -0.6201718156136181,
        -0.6101718156136181,
        -0.6001718156136181,
        -0.5901718156136181,
        -0.5801718156136181,
        -0.5701718156136181,
        -0.5601718156136181,
        -0.550171815613618,
        -0.540171815613618,
        -0.530171815613618,
        -0.520171815613618,
        -0.510171815613618,
        -0.500171815613618,
        -0.490171815613618,
        -0.480171815613618,
        -0.470171815613618,
        -0.460171815613618,
        -0.45017181561361796,
        -0.44017181561361796,
        -0.43017181561361795,
        -0.42017181561361794,
        -0.41017181561361793,
        -0.4001718156136179,
        -0.3901718156136179,
        -0.3801718156136179,
        -0.3701718156136179,
        -0.3601718156136179,
        -0.3501718156136179,
        -0.34017181561361787,
        -0.33017181561361786,
        -0.32017181561361785,
        -0.31017181561361784,
        -0.30017181561361783,
        -0.2901718156136178,
        -0.2801718156136178,
        -0.2701718156136178,
        -0.2601718156136178,
        -0.2501718156136178,
        -0.24017181561361778,
        -0.23017181561361777,
        -0.22017181561361776,
        -0.21017181561361775,
        -0.20017181561361774,
        -0.19017181561361773,
        -0.18017181561361773,
        -0.17017181561361772,
        -0.1601718156136177,
        -0.1501718156136177,
        -0.1401718156136177,
        -0.13017181561361768,
        -0.12017181561361769,
        -0.11017181561361769,
        -0.1001718156136177,
        -0.0901718156136177,
        -0.0801718156136177,
        -0.07017181561361771,
        -0.06017181561361771,
        -0.05017181561361771,
        -0.04517181561361771,
        -0.04017181561361771,
        -0.035171815613617714,
        -0.03267181561361771,
        -0.030171815613617713,
        -0.027671815613617715,
        -0.025171815613617716,
        -0.023921815613617715
    ],