{
    "label": "H200",
    "frame": "P001",
    "level": 0,
    "L": 32,
    "lat_unit": 0.0642,
    "a_inv": 3.074,
    "m_B": 0.3871177618737801,
    "m_pi": 0.13630448926480157,
    "k2mpi2": -0.10302409199056795,
    "kcot_mpi": -0.33197625083622695,
    "k2mpi2s": [
        -0.15927711223402122,
        -0.15695070685843404,
        -0.15462430148284687,
        -0.15229789610725966,
        -0.14997149073167249,
        -0.1476450853560853,
        -0.14531867998049813,
        -0.14299227460491096,
        -0.14066586922932375,
        -0.13833946385373658,
        -0.1360130584781494,
        -0.13368665310256223,
        -0.13136024772697502,
        -0.12903384235138785,
        -0.12670743697580067,
        -0.12438103160021349,
        -0.12205462622462632,
        -0.11972822084903913,
        -0.11740181547345194,
        -0.11507541009786476,
        -0.11274900472227758,
        -0.11042259934669041,
        -0.10809619397110322,
        -0.10576978859551603,
        -0.10344338321992885,
        -0.10111697784434168,
        -0.0987905724687545,
        -0.09646416709316731,
        -0.09413776171758013,
        -0.09181135634199294,
        -0.08948495096640577,
        -0.08715854559081858,
        -0.0848321402152314,
        -0.08250573483964423,
        -0.08017932946405704,
        -0.07785292408846986,
        -0.07552651871288267,
        -0.0732001133372955,
        -0.07087370796170832,
        -0.06854730258612113,
        -0.06622089721053395,
        -0.06389449183494676,
        -0.061568086459359586,
        -0.05924168108377241,
        -0.05691527570818522,
        -0.054588870332598044,
        -0.052262464957010854,
        -0.04993605958142368,
        -0.04760965420583649,
        -0.04528324883024931
    ],
    "kcot_mpis": [
        -0.39878601191706353,
        -0.39616375216413235,
        -0.39353022147067884,
        -0.3908853105107137,
        -0.38822890846173913,
        -0.38556090297350515,
        -0.38288118014265193,
        -0.38018962448931953,
        -0.377486118922184,
        -0.37477054471856097,
        -0.3720427814878603,
        -0.36930270714628355,
        -0.3665501978853312,
        -0.36378512814233016,
        -0.36100737056686166,
        -0.35821679598764794,
        -0.3554132733845998,
        -0.3525966698493546,
        -0.3497668505546675,
        -0.346923678718164,
        -0.3440670155661163,
        -0.3411967202966106,
        -0.33831265004140604,
        -0.3354146598316056,
        -0.3325026025516704,
        -0.32957632890591193,
        -0.3266356873736648,
        -0.3236805241666127,
        -0.32071068318889584,
        -0.3177260059930709,
        -0.3147263317305073,
        -0.3117114971118444,
        -0.30868133635667655,
        -0.3056356811451294,
        -0.30257436056865533,
        -0.29949720108309136,
        -0.29640402645224195,
        -0.293294657698262,
        -0.29016891304668524,
        -0.28702660787016177,
        -0.2838675546352102,
        -0.2806915628407979,
        -0.2774984389594721,
        -0.27428798637907437,
        -0.2710600053372349,
        -0.2678142928607919,
        -0.2645506426973054,
        -0.2612688452497597,
        -0.25796868750984586,
        -0.25464995298341575
    ],
    "k2mpi2_ref": [
        -0.8030240919905685,
        -0.7930240919905684,
        -0.7830240919905684,
        -0.7730240919905684,
        -0.7630240919905684,
        -0.7530240919905684,
        -0.7430240919905684,
        -0.7330240919905684,
        -0.7230240919905684,
        -0.7130240919905684,
        -0.7030240919905684,
        -0.6930240919905684,
        -0.6830240919905683,
        -0.6730240919905683,
        -0.6630240919905683,
        -0.6530240919905683,
        -0.6430240919905683,
        -0.6330240919905683,
        -0.6230240919905683,
        -0.6130240919905683,
        -0.6030240919905683,
        -0.5930240919905683,
        -0.5830240919905683,
        -0.5730240919905683,
        -0.5630240919905682,
        -0.5530240919905682,
        -0.5430240919905682,
        -0.5330240919905682,
        -0.5230240919905682,
        -0.5130240919905682,
        -0.5030240919905682,
        -0.49302409199056824,
        -0.4830240919905682,
        -0.4730240919905682,
        -0.4630240919905682,
        -0.4530240919905682,
        -0.4430240919905682,
        -0.4330240919905682,
        -0.4230240919905682,
        -0.41302409199056817,
        -0.40302409199056816,
        -0.39302409199056815,
        -0.38302409199056814,
        -0.37302409199056813,
        -0.3630240919905681,
        -0.3530240919905681,
        -0.3430240919905681,
        -0.3330240919905681,
        -0.3230240919905681,
        -0.3130240919905681,
        -0.30302409199056807,
        -0.29302409199056806,
        -0.28302409199056805,
        -0.27302409199056804,
        -0.26302409199056803,
        -0.253024091990568,
        -0.24302409199056804,
        -0.23302409199056803,
        -0.22302409199056802,
        -0.21302409199056802,
        -0.203024091990568,
        -0.193024091990568,
        -0.183024091990568,
        -0.17302409199056798,
        -0.16302409199056797,
        -0.15302409199056796,
        -0.14302409199056795,
        -0.13302409199056794,
        -0.12302409199056794,
        -0.11302409199056794,
        -0.10302409199056795,
        -0.09302409199056795,
        -0.08302409199056796,
        -0.07302409199056796,
        -0.06302409199056797,
        -0.05302409199056796,
        -0.04302409199056796,
        -0.03302409199056796,
        -0.023024091990567958,
        -0.013024091990567957,
        -0.003024091990567957,
        0.006975908009432043,
        0.016975908009432043,
        0.026975908009432045,
        0.03697590800943205,
        0.04697590800943205,
        0.05697590800943205,
        0.06697590800943205,
        0.07697590800943205,
        0.08697590800943204,
        0.09697590800943204,
        0.10697590800943203,
        0.11697590800943203,
        0.12697590800943204,
        0.13697590800943205,
        0.14697590800943205,
        0.15697590800943206,
        0.16697590800943207,
        0.17697590800943208,
        0.1869759080094321,
        0.1969759080094321,
        0.2069759080094321,
        0.21697590800943212,
        0.22697590800943213,
        0.23697590800943213,
        0.24697590800943214,
        0.25697590800943215,
        0.26697590800943216,
        0.27697590800943217,
        0.2869759080094322,
        0.2969759080094322,
        0.3069759080094322,
        0.3169759080094322,
        0.3269759080094322,
        0.3369759080094322,
        0.34697590800943223,
        0.35697590800943224,
        0.36697590800943225,
        0.37697590800943226,
        0.38697590800943227,
        0.3969759080094323,
        0.4069759080094323,
        0.4169759080094323,
        0.4269759080094323,
        0.4369759080094323,
        0.4419759080094323,
        0.4469759080094323,
        0.4519759080094323,
        0.45697590800943233,
        0.46197590800943233,
        0.46447590800943234
    ],