{
    "label": "H200",
    "frame": "P011",
    "level": 0,
    "L": 32,
    "lat_unit": 0.0642,
    "a_inv": 3.074,
    "m_B": 0.3871177618737801,
    "m_pi": 0.13630448926480157,
    "k2mpi2": 0.31486267494652853,
    "kcot_mpi": 0.18648635154439747,
    "k2mpi2s": [
        0.26754387986843775,
        0.2695612676439927,
        0.2715786554195476,
        0.2735960431951026,
        0.27561343097065755,
        0.2776308187462125,
        0.2796482065217674,
        0.28166559429732235,
        0.28368298207287734,
        0.2857003698484323,
        0.2877177576239872,
        0.28973514539954215,
        0.2917525331750971,
        0.2937699209506521,
        0.295787308726207,
        0.29780469650176195,
        0.2998220842773169,
        0.30183947205287187,
        0.3038568598284268,
        0.30587424760398174,
        0.3078916353795367,
        0.3099090231550916,
        0.31192641093064655,
        0.31394379870620154,
        0.3159611864817565,
        0.3179785742573114,
        0.31999596203286634,
        0.32201334980842133,
        0.32403073758397627,
        0.3260481253595312,
        0.32806551313508614,
        0.3300829009106411,
        0.332100288686196,
        0.334117676461751,
        0.33613506423730594,
        0.33815245201286087,
        0.3401698397884158,
        0.3421872275639708,
        0.34420461533952573,
        0.34622200311508067,
        0.3482393908906356,
        0.35025677866619054,
        0.3522741664417455,
        0.35429155421730046,
        0.3563089419928554,
        0.35832632976841033,
        0.36034371754396527,
        0.36236110531952026,
        0.3643784930950752,
        0.36639588087063013
    ],
    "kcot_mpis": [
        0.09612834133846573,
        0.09977612818877794,
        0.10344097204143923,
        0.10712302493236141,
        0.11082244075817652,
        0.1145393753119968,
        0.11827398629825508,
        0.12202643337646682,
        0.1257968781876596,
        0.12958548438131065,
        0.1333924176519374,
        0.1372178457677335,
        0.14106193860487365,
        0.14492486818108646,
        0.1488068086893225,
        0.15270793652845707,
        0.1566284303553788,
        0.16056847108954153,
        0.16452824198018065,
        0.16850792862808114,
        0.17250771902913511,
        0.17652780360913697,
        0.1805683752674922,
        0.18462962941528535,
        0.18871176401612974,
        0.19281497962979083,
        0.19693947945422693,
        0.2010854693693829,
        0.20525315798283764,
        0.20944275667146117,
        0.2136544796329764,
        0.21788854393047682,
        0.22214516954016167,
        0.22642457940194652,
        0.23072699946934383,
        0.2350526587607037,
        0.23940178941064866,
        0.24377462672759234,
        0.24817140924099484,
        0.2525923787662221,
        0.25703778044172004,
        0.26150786282382305,
        0.26600287790847454,
        0.2705230812106193,
        0.27506873182230807,
        0.2796400924748568,
        0.28423742960487475,
        0.28886101341839143,
        0.2935111179583557,
        0.29818802117457993
    ],
    "k2mpi2_ref": [
        -0.8051373250534721,
        -0.7951373250534721,
        -0.7851373250534721,
        -0.7751373250534721,
        -0.7651373250534721,
        -0.7551373250534721,
        -0.7451373250534721,
        -0.7351373250534721,
        -0.7251373250534721,
        -0.715137325053472,
        -0.705137325053472,
        -0.695137325053472,
        -0.685137325053472,
        -0.675137325053472,
        -0.665137325053472,
        -0.655137325053472,
        -0.645137325053472,
        -0.635137325053472,
        -0.625137325053472,
        -0.615137325053472,
        -0.605137325053472,
        -0.5951373250534719,
        -0.5851373250534719,
        -0.5751373250534719,
        -0.5651373250534719,
        -0.5551373250534719,
        -0.5451373250534719,
        -0.5351373250534719,
        -0.5251373250534719,
        -0.5151373250534719,
        -0.5051373250534719,
        -0.4951373250534719,
        -0.4851373250534719,
        -0.4751373250534719,
        -0.4651373250534719,
        -0.4551373250534719,
        -0.44513732505347187,
        -0.43513732505347186,
        -0.42513732505347185,
        -0.41513732505347184,
        -0.40513732505347183,
        -0.3951373250534718,
        -0.3851373250534718,
        -0.3751373250534718,
        -0.3651373250534718,
        -0.3551373250534718,
        -0.3451373250534718,
        -0.33513732505347177,
        -0.32513732505347176,
        -0.31513732505347175,
        -0.30513732505347174,
        -0.29513732505347173,
        -0.2851373250534717,
        -0.2751373250534717,
        -0.2651373250534717,
        -0.2551373250534717,
        -0.2451373250534717,
        -0.23513732505347168,
        -0.22513732505347167,
        -0.21513732505347166,
        -0.20513732505347165,
        -0.19513732505347164,
        -0.18513732505347164,
        -0.17513732505347163,
        -0.16513732505347162,
        -0.1551373250534716,
        -0.1451373250534716,
        -0.1351373250534716,
        -0.12513732505347158,
        -0.11513732505347159,
        -0.10513732505347159,
        -0.0951373250534716,
        -0.0851373250534716,
        -0.07513732505347161,
        -0.06513732505347161,
        -0.05513732505347161,
        -0.04513732505347161,
        -0.035137325053471606,
        -0.025137325053471604,
        -0.015137325053471602,
        -0.005137325053471602,
        0.004862674946528398,
        0.014862674946528398,
        0.0248626749465284,
        0.0348626749465284,
        0.0448626749465284,
        0.054862674946528404,
        0.0648626749465284,
        0.0748626749465284,
        0.0848626749465284,
        0.09486267494652839,
        0.10486267494652839,
        0.11486267494652838,
        0.12486267494652838,
        0.13486267494652837,
        0.14486267494652838,
        0.1548626749465284,
        0.1648626749465284,
        0.1748626749465284,
        0.18486267494652842,
        0.19486267494652842,
        0.20486267494652843,
        0.21486267494652844,
        0.22486267494652845,
        0.23486267494652846,
        0.24486267494652847,
        0.2548626749465285,
        0.2648626749465285,
        0.2748626749465285,
        0.2848626749465285,
        0.2948626749465285,
        0.3048626749465285,
        0.31486267494652853,
        0.32486267494652854,
        0.33486267494652855,
        0.34486267494652856,
        0.35486267494652857,
        0.3648626749465286,
        0.3748626749465286,
        0.3848626749465286,
        0.3948626749465286,
        0.4048626749465286,
        0.4148626749465286,
        0.42486267494652863,
        0.43486267494652864,
        0.44486267494652865,
        0.45486267494652866,
        0.46486267494652866,
        0.4748626749465287,
        0.4848626749465287,
        0.4948626749465287,
        0.5048626749465287,
        0.5148626749465287,
        0.5248626749465287,
        0.5348626749465287,
        0.5448626749465287,
        0.5548626749465287,
        0.5648626749465288,
        0.5748626749465288,
        0.5848626749465288,
        0.5948626749465288,
        0.6048626749465288,
        0.6148626749465288,
        0.6248626749465288,
        0.6348626749465288,
        0.6448626749465288,
        0.6548626749465288,
        0.6648626749465288,
        0.6748626749465289,
        0.6848626749465289,
        0.6948626749465289,
        0.7048626749465289,
        0.7148626749465289,
        0.7248626749465289,
        0.7348626749465289,
        0.7448626749465289,
        0.7548626749465289,
        0.7648626749465289,
        0.7748626749465289,
        0.784862674946529,
        0.794862674946529,
        0.804862674946529,
        0.814862674946529,
        0.824862674946529,
        0.829862674946529,
        0.834862674946529,
        0.839862674946529,
