{
    "label": "H200",
    "frame": "P011",
    "level": 1,
    "L": 32,
    "lat_unit": 0.0642,
    "a_inv": 3.074,
    "m_B": 0.3871177618737801,
    "m_pi": 0.13630448926480157,
    "k2mpi2": 0.75421871323201,
    "kcot_mpi": 1.5116385817180071,
    "k2mpi2s": [
        0.691945079820926,
        0.6944718387490564,
        0.6969985976771866,
        0.699525356605317,
        0.7020521155334473,
        0.7045788744615776,
        0.707105633389708,
        0.7096323923178383,
        0.7121591512459686,
        0.7146859101740989,
        0.7172126691022292,
        0.7197394280303596,
        0.7222661869584899,
        0.7247929458866202,
        0.7273197048147505,
        0.7298464637428809,
        0.7323732226710111,
        0.7348999815991415,
        0.7374267405272719,
        0.7399534994554021,
        0.7424802583835325,
        0.7450070173116627,
        0.7475337762397931,
        0.7500605351679235,
        0.7525872940960537,
        0.7551140530241841,
        0.7576408119523144,
        0.7601675708804447,
        0.7626943298085751,
        0.7652210887367054,
        0.7677478476648357,
        0.770274606592966,
        0.7728013655210964,
        0.7753281244492267,
        0.777854883377357,
        0.7803816423054873,
        0.7829084012336176,
        0.785435160161748,
        0.7879619190898783,
        0.7904886780180086,
        0.793015436946139,
        0.7955421958742692,
        0.7980689548023996,
        0.80059571373053,
        0.8031224726586602,
        0.8056492315867906,
        0.8081759905149208,
        0.8107027494430512,
        0.8132295083711816,
        0.8157562672993118
    ],
    "kcot_mpis": [
        1.1099828598689074,
        1.1236799614266166,
        1.1375602953530728,
        1.1516279365955755,
        1.1658870827277312,
        1.1803420586051012,
        1.1949973212306073,
        1.20985746484619,
        1.2249272262581365,
        1.2402114904142958,
        1.2557152962522666,
        1.2714438428115742,
        1.2874024956535768,
        1.3035967935862391,
        1.3200324557184826,
        1.3367153888608037,
        1.3536516952976068,
        1.3708476809459056,
        1.3883098639219307,
        1.4060449835554647,
        1.4240600098548197,
        1.4423621534730726,
        1.460958876183183,
        1.4798579019220035,
        1.4990672284035031,
        1.5185951393690809,
        1.5384502174963606,
        1.558641358010885,
        1.5791777830537348,
        1.6000690568484384,
        1.6213251017061323,
        1.6429562149865842,
        1.6649730869342885,
        1.687386819661018,
        1.7102089471574462,
        1.7334514565113406,
        1.7571268103859417,
        1.7812479708590243,
        1.805828424682123,
        1.830882210129347,
        1.8564239454793883,
        1.8824688592957128,
        1.909032822620061,
        1.9361323832265893,
        1.9637848020906685,
        1.99200809224242,
        2.0208210601887977,
        2.0502433501002217,
        2.080295490990188,
        2.110998947114151
    ],
    "k2mpi2_ref": [
        -0.7957812867679911,
        -0.7857812867679911,
        -0.7757812867679911,
        -0.7657812867679911,
        -0.7557812867679911,
        -0.745781286767991,
        -0.735781286767991,
        -0.725781286767991,
        -0.715781286767991,
        -0.705781286767991,
        -0.695781286767991,
        -0.685781286767991,
        -0.675781286767991,
        -0.665781286767991,
        -0.655781286767991,
        -0.645781286767991,
        -0.635781286767991,
        -0.6257812867679909,
        -0.6157812867679909,
        -0.6057812867679909,
        -0.5957812867679909,
        -0.5857812867679909,
        -0.5757812867679909,
        -0.5657812867679909,
        -0.5557812867679909,
        -0.5457812867679909,
        -0.5357812867679909,
        -0.5257812867679909,
        -0.5157812867679908,
        -0.5057812867679908,
        -0.4957812867679909,
        -0.48578128676799087,
        -0.47578128676799086,
        -0.46578128676799085,
        -0.45578128676799085,
        -0.44578128676799084,
        -0.4357812867679908,
        -0.4257812867679908,
        -0.4157812867679908,
        -0.4057812867679908,
        -0.3957812867679908,
        -0.3857812867679908,
        -0.3757812867679908,
        -0.36578128676799077,
        -0.35578128676799076,
        -0.34578128676799075,
        -0.33578128676799074,
        -0.32578128676799073,
        -0.3157812867679907,
        -0.3057812867679907,
        -0.2957812867679907,
        -0.2857812867679907,
        -0.2757812867679907,
        -0.2657812867679907,
        -0.25578128676799067,
        -0.24578128676799066,
        -0.23578128676799065,
        -0.22578128676799064,
        -0.21578128676799063,
        -0.20578128676799062,
        -0.19578128676799061,
        -0.1857812867679906,
        -0.1757812867679906,
        -0.1657812867679906,
        -0.15578128676799058,
        -0.14578128676799057,
        -0.13578128676799056,
        -0.12578128676799055,
        -0.11578128676799056,
        -0.10578128676799056,
        -0.09578128676799057,
        -0.08578128676799057,
        -0.07578128676799058,
        -0.06578128676799058,
        -0.05578128676799058,
        -0.04578128676799058,
        -0.035781286767990576,
        -0.025781286767990574,
        -0.015781286767990572,
        -0.005781286767990572,
        0.004218713232009428,
        0.014218713232009428,
        0.02421871323200943,
        0.03421871323200943,
        0.04421871323200943,
        0.054218713232009434,
        0.06421871323200944,
        0.07421871323200943,
        0.08421871323200943,
        0.09421871323200942,
        0.10421871323200942,
        0.11421871323200941,
        0.1242187132320094,
        0.1342187132320094,
        0.1442187132320094,
        0.15421871323200942,
        0.16421871323200943,
        0.17421871323200944,
        0.18421871323200945,
        0.19421871323200945,
        0.20421871323200946,
        0.21421871323200947,
        0.22421871323200948,
        0.2342187132320095,
        0.2442187132320095,
        0.2542187132320095,
        0.2642187132320095,
        0.2742187132320095,
        0.28421871323200953,
        0.29421871323200954,
        0.30421871323200955,
        0.31421871323200956,
        0.32421871323200957,
        0.3342187132320096,
        0.3442187132320096,
        0.3542187132320096,
        0.3642187132320096,
        0.3742187132320096,
        0.3842187132320096,
        0.39421871323200963,
        0.40421871323200964,
        0.41421871323200965,
        0.42421871323200966,
        0.43421871323200967,
        0.4442187132320097,
        0.4542187132320097,
        0.4642187132320097,
        0.4742187132320097,
        0.4842187132320097,
        0.4942187132320097,
        0.5042187132320097,
        0.5142187132320097,
        0.5242187132320097,
        0.5342187132320098,
        0.5442187132320098,
        0.5542187132320098,
        0.5642187132320098,
        0.5742187132320098,
        0.5842187132320098,
        0.5942187132320098,
        0.6042187132320098,
        0.6142187132320098,
        0.6242187132320098,
        0.6342187132320098,
        0.6442187132320099,
        0.6542187132320099,
        0.6642187132320099,
        0.6742187132320099,
        0.6842187132320099,
        0.6942187132320099,
        0.7042187132320099,
        0.7142187132320099,
        0.7242187132320099,
        0.7342187132320099,
        0.7442187132320099,
        0.75421871323201,
        0.76421871323201,
        0.77421871323201,
        0.78421871323201,
        0.79421871323201,
        0.80421871323201,
        0.81421871323201,
        0.82421871323201,
        0.83421871323201,
        0.84421871323201,
        0.85421871323201,
        0.86421871323201,
        0.8742187132320101,
        0.8842187132320101,
        0.8942187132320101,
        0.9042187132320101,
