{
    "label": "H200",
    "frame": "P000",
    "level": 0,
    "L": 32,
    "lat_unit": 0.0642,
    "a_inv": 3.074,
    "m_B": 0.3871177618737801,
    "m_pi": 0.13630448926480157,
    "k2mpi2": -0.5216329458289455,
    "kcot_mpi": -0.631266540475009,
    "k2mpi2s": [
        -0.59060393791742,
        -0.587729682839591,
        -0.584855427761762,
        -0.5819811726839329,
        -0.5791069176061039,
        -0.5762326625282749,
        -0.5733584074504459,
        -0.5704841523726168,
        -0.5676098972947878,
        -0.5647356422169587,
        -0.5618613871391297,
        -0.5589871320613007,
        -0.5561128769834717,
        -0.5532386219056427,
        -0.5503643668278136,
        -0.5474901117499845,
        -0.5446158566721555,
        -0.5417416015943265,
        -0.5388673465164975,
        -0.5359930914386685,
        -0.5331188363608395,
        -0.5302445812830103,
        -0.5273703262051813,
        -0.5244960711273523,
        -0.5216218160495233,
        -0.5187475609716943,
        -0.5158733058938652,
        -0.5129990508160361,
        -0.5101247957382071,
        -0.5072505406603781,
        -0.5043762855825491,
        -0.5015020305047201,
        -0.498627775426891,
        -0.495753520349062,
        -0.49287926527123294,
        -0.4900050101934039,
        -0.4871307551155749,
        -0.48425650003774584,
        -0.4813822449599168,
        -0.47850798988208776,
        -0.47563373480425875,
        -0.47275947972642973,
        -0.4698852246486007,
        -0.46701096957077165,
        -0.46413671449294264,
        -0.46126245941511357,
        -0.45838820433728455,
        -0.45551394925945554,
        -0.45263969418162653,
        -0.44976543910379746
    ],
    "kcot_mpis": [
        -0.6970729687986975,
        -0.6945045889559274,
        -0.6919225946359709,
        -0.6893267999612788,
        -0.6867170154173752,
        -0.6840930477604071,
        -0.6814546999235164,
        -0.6788017709256291,
        -0.6761340557654724,
        -0.6734513453255151,
        -0.6707534262634167,
        -0.6680400809045935,
        -0.6653110871319228,
        -0.6625662182693542,
        -0.6598052429615212,
        -0.6570279250544616,
        -0.6542340234676444,
        -0.6514232920630876,
        -0.6485954795115373,
        -0.645750329153851,
        -0.6428875788567038,
        -0.6400069608646076,
        -0.6371082016481037,
        -0.6341910217443308,
        -0.6312551355955289,
        -0.6283002513787656,
        -0.6253260708335021,
        -0.6223322890797589,
        -0.6193185944330791,
        -0.6162846682116371,
        -0.6132301845382262,
        -0.6101548101332204,
        -0.6070582041011096,
        -0.6039400177119196,
        -0.6007998941719633,
        -0.5976374683870781,
        -0.59445236671861,
        -0.5912442067324022,
        -0.588012596933416,
        -0.5847571364940557,
        -0.5814774149749855,
        -0.5781730120334215,
        -0.5748434971156623,
        -0.5714884291490854,
        -0.5681073562155781,
        -0.5646998152098229,
        -0.5612653314969679,
        -0.557803418539229,
        -0.5543135775259311,
        -0.5507952969811807
    ],
    "k2mpi2_ref": [
        -0.8016329458289457,
        -0.7916329458289457,
        -0.7816329458289457,
        -0.7716329458289457,
        -0.7616329458289457,
        -0.7516329458289457,
        -0.7416329458289457,
        -0.7316329458289457,
        -0.7216329458289457,
        -0.7116329458289457,
        -0.7016329458289456,
        -0.6916329458289456,
        -0.6816329458289456,
        -0.6716329458289456,
        -0.6616329458289456,
        -0.6516329458289456,
        -0.6416329458289456,
        -0.6316329458289456,
        -0.6216329458289456,
        -0.6116329458289456,
        -0.6016329458289456,
        -0.5916329458289455,
        -0.5816329458289455,
        -0.5716329458289455,
        -0.5616329458289455,
        -0.5516329458289455,
        -0.5416329458289455,
        -0.5316329458289455,
        -0.5216329458289455,
        -0.5116329458289455,
        -0.5016329458289455,
        -0.49163294582894546,
        -0.48163294582894545,
        -0.47163294582894544,
        -0.46163294582894543,
        -0.4516329458289454,
        -0.4416329458289454,
        -0.4316329458289454,
        -0.4216329458289454,
        -0.4116329458289454,
        -0.4016329458289454,
        -0.39163294582894537,
        -0.38163294582894536,
        -0.37163294582894535,
        -0.36163294582894534,
        -0.35163294582894533,
        -0.3416329458289453,
        -0.3316329458289453,
        -0.3216329458289453,
        -0.3116329458289453,
        -0.3016329458289453,
        -0.2916329458289453,
        -0.28163294582894527,
        -0.27163294582894526,
        -0.26163294582894525,
        -0.25163294582894524,
        -0.24163294582894523,
        -0.23163294582894522,
        -0.22163294582894522,
        -0.2116329458289452,
        -0.2016329458289452,
        -0.1916329458289452,
        -0.18163294582894518,
        -0.17163294582894517,
        -0.16163294582894516,
        -0.15163294582894515,
        -0.14163294582894514,
        -0.13163294582894514,
        -0.12163294582894514,
        -0.11163294582894515,
        -0.10163294582894515,
        -0.09163294582894516,
        -0.08163294582894516,
        -0.07163294582894517,
        -0.061632945828945164,
        -0.05163294582894516,
        -0.046632945828945165,
        -0.04163294582894517,
        -0.03663294582894517,
        -0.03413294582894517,
        -0.031632945828945165,
        -0.029132945828945166,
        -0.026632945828945168
    ],