{
    "label": "H200",
    "frame": "P111",
    "level": 1,
    "L": 32,
    "lat_unit": 0.0642,
    "a_inv": 3.074,
    "m_B": 0.3871177618737801,
    "m_pi": 0.13630448926480157,
    "k2mpi2": 1.1120531476263302,
    "kcot_mpi": 2.3155668647472774,
    "k2mpi2s": [
        1.0159334074863877,
        1.0197861094544898,
        1.0236388114225916,
        1.0274915133906937,
        1.0313442153587955,
        1.0351969173268976,
        1.0390496192949994,
        1.0429023212631015,
        1.0467550232312033,
        1.0506077251993053,
        1.0544604271674072,
        1.0583131291355092,
        1.062165831103611,
        1.0660185330717131,
        1.069871235039815,
        1.073723937007917,
        1.0775766389760189,
        1.081429340944121,
        1.085282042912223,
        1.0891347448803248,
        1.0929874468484269,
        1.0968401488165287,
        1.1006928507846307,
        1.1045455527527326,
        1.1083982547208346,
        1.1122509566889365,
        1.1161036586570385,
        1.1199563606251404,
        1.1238090625932424,
        1.1276617645613443,
        1.1315144665294463,
        1.1353671684975484,
        1.1392198704656502,
        1.143072572433752,
        1.146925274401854,
        1.1507779763699562,
        1.154630678338058,
        1.15848338030616,
        1.1623360822742619,
        1.166188784242364,
        1.1700414862104658,
        1.1738941881785678,
        1.1777468901466697,
        1.1815995921147717,
        1.1854522940828736,
        1.1893049960509756,
        1.1931576980190775,
        1.1970103999871795,
        1.2008631019552816,
        1.2047158039233834
    ],
    "kcot_mpis": [
        1.6491301430729466,
        1.6708372458251677,
        1.6928822725830954,
        1.7152737509697782,
        1.7380204990535122,
        1.7611316378427773,
        1.7846166044171718,
        1.8084851657242982,
        1.8327474331353073,
        1.8574138777636475,
        1.8824953466138208,
        1.9080030796035805,
        1.933948727522501,
        1.9603443709875714,
        1.9872025404448852,
        2.0145362373248163,
        2.042358956368386,
        2.070684709264394,
        2.099528049647481,
        2.1289040995536337,
        2.158828577460602,
        2.1893178279774737,
        2.220388853364579,
        2.2520593469197743,
        2.2843477284844402,
        2.317273182110977,
        2.350855696125003,
        2.3851161057254187,
        2.420076138320516,
        2.4557584618111887,
        2.492186736041716,
        2.5293856676766096,
        2.567381068728008,
        2.6061999191037573,
        2.6458704334120244,
        2.6864221324089512,
        2.727885919505113,
        2.770294162647898,
        2.813680782146883,
        2.8580813448734093,
        2.90353316540851,
        2.950075414729941,
        2.997749237134761,
        3.0465978760877896,
        3.09666680983633,
        3.14800389768544,
        3.200659537887442,
        3.254686838299512,
        3.310141800962592,
        3.3670835219978152
    ],
    "k2mpi2_ref": [
        -0.7779468523736711,
        -0.7679468523736711,
        -0.7579468523736711,
        -0.7479468523736711,
        -0.7379468523736711,
        -0.7279468523736711,
        -0.7179468523736711,
        -0.707946852373671,
        -0.697946852373671,
        -0.687946852373671,
        -0.677946852373671,
        -0.667946852373671,
        -0.657946852373671,
        -0.647946852373671,
        -0.637946852373671,
        -0.627946852373671,
        -0.617946852373671,
        -0.607946852373671,
        -0.597946852373671,
        -0.587946852373671,
        -0.5779468523736709,
        -0.5679468523736709,
        -0.5579468523736709,
        -0.5479468523736709,
        -0.5379468523736709,
        -0.5279468523736709,
        -0.5179468523736709,
        -0.5079468523736709,
        -0.4979468523736709,
        -0.4879468523736709,
        -0.4779468523736709,
        -0.4679468523736709,
        -0.4579468523736709,
        -0.4479468523736709,
        -0.43794685237367087,
        -0.42794685237367086,
        -0.41794685237367085,
        -0.40794685237367084,
        -0.39794685237367083,
        -0.3879468523736708,
        -0.3779468523736708,
        -0.3679468523736708,
        -0.3579468523736708,
        -0.3479468523736708,
        -0.3379468523736708,
        -0.32794685237367077,
        -0.31794685237367076,
        -0.30794685237367075,
        -0.29794685237367075,
        -0.28794685237367074,
        -0.2779468523736707,
        -0.2679468523736707,
        -0.2579468523736707,
        -0.2479468523736707,
        -0.2379468523736707,
        -0.22794685237367068,
        -0.21794685237367067,
        -0.20794685237367067,
        -0.19794685237367066,
        -0.18794685237367065,
        -0.17794685237367064,
        -0.16794685237367063,
        -0.15794685237367062,
        -0.1479468523736706,
        -0.1379468523736706,
        -0.1279468523736706,
        -0.1179468523736706,
        -0.1079468523736706,
        -0.09794685237367061,
        -0.08794685237367061,
        -0.07794685237367062,
        -0.06794685237367062,
        -0.05794685237367063,
        -0.04794685237367063,
        -0.037946852373670625,
        -0.027946852373670623,
        -0.01794685237367062,
        -0.007946852373670621,
        0.002053147626329379,
        0.01205314762632938,
        0.02205314762632938,
        0.03205314762632938,
        0.04205314762632938,
        0.052053147626329385,
        0.06205314762632939,
        0.07205314762632939,
        0.08205314762632938,
        0.09205314762632938,
        0.10205314762632937,
        0.11205314762632937,
        0.12205314762632936,
        0.13205314762632936,
        0.14205314762632937,
        0.15205314762632938,
        0.16205314762632939,
        0.1720531476263294,
        0.1820531476263294,
        0.1920531476263294,
        0.20205314762632942,
        0.21205314762632943,
        0.22205314762632944,
        0.23205314762632945,
        0.24205314762632946,
        0.25205314762632947,
        0.2620531476263295,
        0.2720531476263295,
        0.2820531476263295,
        0.2920531476263295,
        0.3020531476263295,
        0.3120531476263295,
        0.32205314762632953,
        0.33205314762632954,
        0.34205314762632955,
        0.35205314762632955,
        0.36205314762632956,
        0.3720531476263296,
        0.3820531476263296,
        0.3920531476263296,
        0.4020531476263296,
        0.4120531476263296,
        0.4220531476263296,
        0.4320531476263296,
        0.44205314762632963,
        0.45205314762632964,
        0.46205314762632965,
        0.47205314762632966,
        0.48205314762632967,
        0.4920531476263297,
        0.5020531476263297,
        0.5120531476263297,
        0.5220531476263297,
        0.5320531476263297,
        0.5420531476263297,
        0.5520531476263297,
        0.5620531476263297,
        0.5720531476263297,
        0.5820531476263298,
        0.5920531476263298,
        0.6020531476263298,
        0.6120531476263298,
        0.6220531476263298,
        0.6320531476263298,
        0.6420531476263298,
        0.6520531476263298,
        0.6620531476263298,
        0.6720531476263298,
        0.6820531476263298,
        0.6920531476263299,
        0.7020531476263299,
        0.7120531476263299,
        0.7220531476263299,
        0.7320531476263299,
        0.7420531476263299,
        0.7520531476263299,
        0.7620531476263299,
        0.7720531476263299,
        0.7820531476263299,
        0.79205314762633,
        0.80205314762633,
        0.81205314762633,
        0.82205314762633,
        0.83205314762633,
        0.84205314762633,
        0.85205314762633,
        0.86205314762633,
        0.87205314762633,
        0.88205314762633,
        0.89205314762633,
        0.90205314762633,
        0.91205314762633,
        0.9220531476263301,
