{
    "label": "H200",
    "frame": "P001",
    "level": 1,
    "L": 32,
    "lat_unit": 0.0642,
    "a_inv": 3.074,
    "m_B": 0.3871177618737801,
    "m_pi": 0.13630448926480157,
    "k2mpi2": 2.2488305466411513,
    "kcot_mpi": 3.301387948482071,
    "k2mpi2s": [
        2.1388034911700338,
        2.143376016867471,
        2.1479485425649085,
        2.1525210682623457,
        2.157093593959783,
        2.1616661196572204,
        2.1662386453546576,
        2.1708111710520948,
        2.175383696749532,
        2.1799562224469695,
        2.1845287481444067,
        2.189101273841844,
        2.1936737995392814,
        2.1982463252367186,
        2.2028188509341557,
        2.2073913766315933,
        2.2119639023290305,
        2.2165364280264677,
        2.2211089537239053,
        2.2256814794213424,
        2.2302540051187796,
        2.2348265308162167,
        2.2393990565136543,
        2.2439715822110915,
        2.2485441079085287,
        2.2531166336059663,
        2.2576891593034034,
        2.2622616850008406,
        2.266834210698278,
        2.2714067363957153,
        2.2759792620931525,
        2.28055178779059,
        2.2851243134880272,
        2.2896968391854644,
        2.2942693648829016,
        2.298841890580339,
        2.3034144162777763,
        2.3079869419752135,
        2.312559467672651,
        2.3171319933700882,
        2.3217045190675254,
        2.326277044764963,
        2.3308495704624,
        2.3354220961598373,
        2.339994621857275,
        2.344567147554712,
        2.3491396732521492,
        2.3537121989495864,
        2.358284724647024,
        2.362857250344461
    ],
    "kcot_mpis": [
        2.2794859204256506,
        2.3122234986557815,
        2.345603508367749,
        2.3796470281712097,
        2.4143760687422056,
        2.4498136249664317,
        2.485983731845699,
        2.5229115240121485,
        2.560623299500582,
        2.5991465880258438,
        2.638510224057621,
        2.678744425202974,
        2.719880876312371,
        2.761952819771713,
        2.804995152513364,
        2.8490445304977547,
        2.8941394810565,
        2.9403205240429595,
        2.987630302499693,
        3.036113723747632,
        3.085818111884594,
        3.136793372678653,
        3.1890921724183485,
        3.2427701314670796,
        3.2978860346178642,
        3.3545020595629143,
        3.41268402546036,
        3.472501663737533,
        3.5340289132630494,
        3.5973442429255265,
        3.66253100404444,
        3.7296778164049633,
        3.798878991473527,
        3.870234996989735,
        3.9438529679236085,
        4.019847269122661,
        4.098340115941789,
        4.179462259877344,
        4.263353747425127,
        4.350164761244918,
        4.440056554449861,
        4.533202490110686,
        4.629789200191496,
        4.730017880115672,
        4.834105737964631,
        4.9422876202105925,
        5.0548178396253265,
        5.171972235328982,
        5.294050500106749,
        5.4213788163191285
    ],
    "k2mpi2_ref": [
        0.8988305466411555,
        0.9088305466411555,
        0.9188305466411555,
        0.9288305466411555,
        0.9388305466411555,
        0.9488305466411555,
        0.9588305466411555,
        0.9688305466411555,
        0.9788305466411555,
        0.9888305466411555,
        0.9988305466411556,
        1.0088305466411556,
        1.0188305466411556,
        1.0288305466411556,
        1.0388305466411556,
        1.0488305466411556,
        1.0588305466411556,
        1.0688305466411556,
        1.0788305466411556,
        1.0888305466411556,
        1.0988305466411556,
        1.1088305466411557,
        1.1188305466411557,
        1.1288305466411557,
        1.1388305466411557,
        1.1488305466411557,
        1.1588305466411557,
        1.1688305466411557,
        1.1788305466411557,
        1.1888305466411557,
        1.1988305466411557,
        1.2088305466411557,
        1.2188305466411558,
        1.2288305466411558,
        1.2388305466411558,
        1.2488305466411558,
        1.2588305466411558,
        1.2688305466411558,
        1.2788305466411558,
        1.2888305466411558,
        1.2988305466411558,
        1.3088305466411558,
        1.3188305466411558,
        1.3288305466411559,
        1.3388305466411559,
        1.3488305466411559,
        1.3588305466411559,
        1.3688305466411559,
        1.378830546641156,
        1.388830546641156,
        1.398830546641156,
        1.408830546641156,
        1.418830546641156,
        1.428830546641156,
        1.438830546641156,
        1.448830546641156,
        1.458830546641156,
        1.468830546641156,
        1.478830546641156,
        1.488830546641156,
        1.498830546641156,
        1.508830546641156,
        1.518830546641156,
        1.528830546641156,
        1.538830546641156,
        1.548830546641156,
        1.558830546641156,
        1.568830546641156,
        1.578830546641156,
        1.588830546641156,
        1.598830546641156,
        1.608830546641156,
        1.618830546641156,
        1.6288305466411561,
        1.6388305466411561,
        1.6488305466411561,
        1.6588305466411561,
        1.6688305466411562,
        1.6788305466411562,
        1.6888305466411562,
        1.6988305466411562,
        1.7088305466411562,
        1.7188305466411562,
        1.7288305466411562,
        1.7388305466411562,
        1.7488305466411562,
        1.7588305466411562,
        1.7688305466411562,
        1.7788305466411563,
        1.7888305466411563,
        1.7988305466411563,
        1.8088305466411563,
        1.8188305466411563,
        1.8288305466411563,
        1.8388305466411563,
        1.8488305466411563,
        1.8588305466411563,
        1.8688305466411563,
        1.8788305466411563,
        1.8888305466411563,
        1.8988305466411564,
        1.9088305466411564,
        1.9188305466411564,
        1.9288305466411564,
        1.9388305466411564,
        1.9488305466411564,
        1.9588305466411564,
        1.9688305466411564,
        1.9788305466411564,
        1.9888305466411564,
        1.9988305466411564,
        2.0088305466411565,
        2.0188305466411562,
        2.028830546641156,
        2.038830546641156,
        2.0488305466411556,
        2.0588305466411554,
        2.068830546641155,
        2.078830546641155,
        2.0888305466411548,
        2.0988305466411545,
        2.1088305466411543,
        2.118830546641154,
        2.128830546641154,
        2.1388305466411537,
        2.1488305466411535,
        2.1588305466411533,
        2.168830546641153,
        2.178830546641153,
        2.1888305466411526,
        2.1988305466411524,
        2.208830546641152,
        2.218830546641152,
        2.2288305466411518,
        2.2388305466411516,
        2.2488305466411513,
        2.258830546641151,
        2.268830546641151,
        2.2788305466411507,
        2.2888305466411505,
        2.2988305466411503,
        2.30883054664115,
        2.31883054664115,
        2.3288305466411496,
        2.3388305466411494,
        2.348830546641149,
        2.358830546641149,
        2.368830546641149,
        2.3788305466411486,
        2.3888305466411484,
        2.398830546641148,
        2.408830546641148,
        2.4188305466411477,
        2.4238305466411476,
        2.4288305466411475,
        2.4338305466411474,
        2.4388305466411473,
        2.443830546641147,
        2.448830546641147,
        2.453830546641147,
        2.458830546641147,
        2.461330546641147,
        2.4638305466411468,
        2.4663305466411467,
        2.4688305466411467,
        2.4713305466411466,
        2.4738305466411465,
        2.4763305466411465,
        2.4788305466411464,
        2.4813305466411464,
        2.4838305466411463,
        2.4863305466411463,
        2.4888305466411462,
        2.491330546641146,
        2.493830546641146,
        2.4950805466411463,
        2.4963305466411465
    ],