{
    "label": "H200",
    "frame": "P001",
    "level": 1,
    "L": 32,
    "lat_unit": 0.0642,
    "a_inv": 3.074,
    "m_B": 0.3871177618737801,
    "m_pi": 0.13630448926480157,
    "k2mpi2": 2.2488305466411513,
    "kcot_mpi": 3.723336549021625,
    "k2mpi2s": [
        2.1388034911700338,
        2.143376016867471,
        2.1479485425649085,
        2.1525210682623457,
        2.157093593959783,
        2.1616661196572204,
        2.1662386453546576,
        2.1708111710520948,
        2.175383696749532,
        2.1799562224469695,
        2.1845287481444067,
        2.189101273841844,
        2.1936737995392814,
        2.1982463252367186,
        2.2028188509341557,
        2.2073913766315933,
        2.2119639023290305,
        2.2165364280264677,
        2.2211089537239053,
        2.2256814794213424,
        2.2302540051187796,
        2.2348265308162167,
        2.2393990565136543,
        2.2439715822110915,
        2.2485441079085287,
        2.2531166336059663,
        2.2576891593034034,
        2.2622616850008406,
        2.266834210698278,
        2.2714067363957153,
        2.2759792620931525,
        2.28055178779059,
        2.2851243134880272,
        2.2896968391854644,
        2.2942693648829016,
        2.298841890580339,
        2.3034144162777763,
        2.3079869419752135,
        2.312559467672651,
        2.3171319933700882,
        2.3217045190675254,
        2.326277044764963,
        2.3308495704624,
        2.3354220961598373,
        2.339994621857275,
        2.344567147554712,
        2.3491396732521492,
        2.3537121989495864,
        2.358284724647024,
        2.362857250344461
    ],
    "kcot_mpis": [
        2.4900234454817953,
        2.528035262473902,
        2.5668858493790667,
        2.6066062042203226,
        2.647228890816582,
        2.6887881401463045,
        2.731319959999123,
        2.7748622532280103,
        2.819454945803586,
        2.865140125515717,
        2.911962192297919,
        2.9599680214517443,
        3.009207141051537,
        3.0597319249713437,
        3.1115978031740643,
        3.164863491267961,
        3.219591241153117,
        3.2758471153232955,
        3.3337012873874934,
        3.39322837183263,
        3.4545077864382883,
        3.5176241511120523,
        3.5826677279022068,
        3.6497349066283697,
        3.7189287424783943,
        3.7903595518225326,
        3.8641455739510198,
        3.940413707538602,
        4.019300331745193,
        4.100952224091621,
        4.185527588213731,
        4.273197207861352,
        4.3641457455378685,
        4.458573207561124,
        4.556696601427273,
        4.658751815724393,
        4.764995758717058,
        4.875708798464188,
        4.991197555923626,
        5.111798112496632,
        5.237879706541482,
        5.369849008810557,
        5.5081550866415,
        5.653295191103796,
        5.8058215325083005,
        5.966349248834683,
        6.135565821946117,
        6.314242261014462,
        6.50324645622077,
        6.703559215017057
    ],
    "k2mpi2_ref": [
        0.9088305466411555,
        0.9188305466411555,
        0.9288305466411555,
        0.9388305466411555,
        0.9488305466411555,
        0.9588305466411555,
        0.9688305466411555,
        0.9788305466411555,
        0.9888305466411555,
        0.9988305466411556,
        1.0088305466411556,
        1.0188305466411556,
        1.0288305466411556,
        1.0388305466411556,
        1.0488305466411556,
        1.0588305466411556,
        1.0688305466411556,
        1.0788305466411556,
        1.0888305466411556,
        1.0988305466411556,
        1.1088305466411557,
        1.1188305466411557,
        1.1288305466411557,
        1.1388305466411557,
        1.1488305466411557,
        1.1588305466411557,
        1.1688305466411557,
        1.1788305466411557,
        1.1888305466411557,
        1.1988305466411557,
        1.2088305466411557,
        1.2188305466411558,
        1.2288305466411558,
        1.2388305466411558,
        1.2488305466411558,
        1.2588305466411558,
        1.2688305466411558,
        1.2788305466411558,
        1.2888305466411558,
        1.2988305466411558,
        1.3088305466411558,
        1.3188305466411558,
        1.3288305466411559,
        1.3388305466411559,
        1.3488305466411559,
        1.3588305466411559,
        1.3688305466411559,
        1.378830546641156,
        1.388830546641156,
        1.398830546641156,
        1.408830546641156,
        1.418830546641156,
        1.428830546641156,
        1.438830546641156,
        1.448830546641156,
        1.458830546641156,
        1.468830546641156,
        1.478830546641156,
        1.488830546641156,
        1.498830546641156,
        1.508830546641156,
        1.518830546641156,
        1.528830546641156,
        1.538830546641156,
        1.548830546641156,
        1.558830546641156,
        1.568830546641156,
        1.578830546641156,
        1.588830546641156,
        1.598830546641156,
        1.608830546641156,
        1.618830546641156,
        1.6288305466411561,
        1.6388305466411561,
        1.6488305466411561,
        1.6588305466411561,
        1.6688305466411562,
        1.6788305466411562,
        1.6888305466411562,
        1.6988305466411562,
        1.7088305466411562,
        1.7188305466411562,
        1.7288305466411562,
        1.7388305466411562,
        1.7488305466411562,
        1.7588305466411562,
        1.7688305466411562,
        1.7788305466411563,
        1.7888305466411563,
        1.7988305466411563,
        1.8088305466411563,
        1.8188305466411563,
        1.8288305466411563,
        1.8388305466411563,
        1.8488305466411563,
        1.8588305466411563,
        1.8688305466411563,
        1.8788305466411563,
        1.8888305466411563,
        1.8988305466411564,
        1.9088305466411564,
        1.9188305466411564,
        1.9288305466411564,
        1.9388305466411564,
        1.9488305466411564,
        1.9588305466411564,
        1.9688305466411564,
        1.9788305466411564,
        1.9888305466411564,
        1.9988305466411564,
        2.0088305466411565,
        2.0188305466411562,
        2.028830546641156,
        2.038830546641156,
        2.0488305466411556,
        2.0588305466411554,
        2.068830546641155,
        2.078830546641155,
        2.0888305466411548,
        2.0988305466411545,
        2.1088305466411543,
        2.118830546641154,
        2.128830546641154,
        2.1388305466411537,
        2.1488305466411535,
        2.1588305466411533,
        2.168830546641153,
        2.178830546641153,
        2.1888305466411526,
        2.1988305466411524,
        2.208830546641152,
        2.218830546641152,
        2.2288305466411518,
        2.2388305466411516,
        2.2488305466411513,
        2.258830546641151,
        2.268830546641151,
        2.2788305466411507,
        2.2888305466411505,
        2.2988305466411503,
        2.30883054664115,
        2.31883054664115
    ],