{
    "label": "H200",
    "frame": "P111",
    "level": 0,
    "L": 32,
    "lat_unit": 0.0642,
    "a_inv": 3.074,
    "m_B": 0.3871177618737801,
    "m_pi": 0.13630448926480157,
    "k2mpi2": 0.8122392069242196,
    "kcot_mpi": 0.8317675207112853,
    "k2mpi2s": [
        0.6876401264019042,
        0.6930201651685839,
        0.6984002039352635,
        0.7037802427019432,
        0.7091602814686228,
        0.7145403202353025,
        0.719920359001982,
        0.7253003977686617,
        0.7306804365353413,
        0.736060475302021,
        0.7414405140687006,
        0.7468205528353803,
        0.7522005916020599,
        0.7575806303687396,
        0.7629606691354192,
        0.7683407079020989,
        0.7737207466687785,
        0.7791007854354581,
        0.7844808242021377,
        0.7898608629688174,
        0.7952409017354971,
        0.8006209405021767,
        0.8060009792688564,
        0.811381018035536,
        0.8167610568022157,
        0.8221410955688953,
        0.827521134335575,
        0.8329011731022545,
        0.8382812118689342,
        0.8436612506356138,
        0.8490412894022935,
        0.8544213281689732,
        0.8598013669356528,
        0.8651814057023324,
        0.8705614444690121,
        0.8759414832356918,
        0.8813215220023713,
        0.886701560769051,
        0.8920815995357306,
        0.8974616383024103,
        0.9028416770690899,
        0.9082217158357696,
        0.9136017546024492,
        0.9189817933691289,
        0.9243618321358085,
        0.9297418709024882,
        0.9351219096691679,
        0.9405019484358474,
        0.945881987202527,
        0.9512620259692067
    ],
    "kcot_mpis": [
        0.5187418061511762,
        0.53051332989344,
        0.5424197952534033,
        0.5544639509693042,
        0.5666486219933285,
        0.5789767121566406,
        0.5914512069418078,
        0.6040751763878603,
        0.6168517780993483,
        0.629784260411527,
        0.6428759656532397,
        0.6561303336073667,
        0.6695509050700287,
        0.6831413256059495,
        0.6969053494507355,
        0.7108468436001761,
        0.7249697920835411,
        0.7392783004253356,
        0.7537766003255882,
        0.7684690545449612,
        0.7833601620316765,
        0.7984545632777547,
        0.8137570459370819,
        0.8292725507231805,
        0.8450061775682771,
        0.8609631921049808,
        0.8771490324580599,
        0.8935693163705204,
        0.9102298486944318,
        0.9271366292498748,
        0.9442958610897549,
        0.9617139591917176,
        0.9793975595865029,
        0.9973535289783156,
        1.0155889748651477,
        1.034111256192062,
        1.0529279945830645,
        1.0720470861771414,
        1.0914767141086525,
        1.1112253616783356,
        1.1313018262530024,
        1.1517152339475805,
        1.1724750551373408,
        1.1935911208569119,
        1.2150736401452105,
        1.2369332184047648,
        1.259180876836983,
        1.2818280730333604,
        1.3048867228043075,
        1.3283692233330948
    ],
    "k2mpi2_ref": [
        -0.7777607930757815,
        -0.7677607930757815,
        -0.7577607930757815,
        -0.7477607930757815,
        -0.7377607930757815,
        -0.7277607930757815,
        -0.7177607930757814,
        -0.7077607930757814,
        -0.6977607930757814,
        -0.6877607930757814,
        -0.6777607930757814,
        -0.6677607930757814,
        -0.6577607930757814,
        -0.6477607930757814,
        -0.6377607930757814,
        -0.6277607930757814,
        -0.6177607930757814,
        -0.6077607930757813,
        -0.5977607930757813,
        -0.5877607930757813,
        -0.5777607930757813,
        -0.5677607930757813,
        -0.5577607930757813,
        -0.5477607930757813,
        -0.5377607930757813,
        -0.5277607930757813,
        -0.5177607930757813,
        -0.5077607930757813,
        -0.4977607930757813,
        -0.4877607930757813,
        -0.4777607930757813,
        -0.4677607930757813,
        -0.45776079307578127,
        -0.44776079307578126,
        -0.43776079307578125,
        -0.42776079307578124,
        -0.41776079307578123,
        -0.4077607930757812,
        -0.3977607930757812,
        -0.3877607930757812,
        -0.3777607930757812,
        -0.3677607930757812,
        -0.3577607930757812,
        -0.34776079307578117,
        -0.33776079307578116,
        -0.32776079307578115,
        -0.31776079307578114,
        -0.30776079307578114,
        -0.2977607930757811,
        -0.2877607930757811,
        -0.2777607930757811,
        -0.2677607930757811,
        -0.2577607930757811,
        -0.24776079307578108,
        -0.23776079307578107,
        -0.22776079307578107,
        -0.21776079307578106,
        -0.20776079307578105,
        -0.19776079307578104,
        -0.18776079307578103,
        -0.17776079307578102,
        -0.167760793075781,
        -0.157760793075781,
        -0.147760793075781,
        -0.13776079307578099,
        -0.12776079307578098,
        -0.11776079307578098,
        -0.10776079307578099,
        -0.09776079307578099,
        -0.087760793075781,
        -0.077760793075781,
        -0.067760793075781,
        -0.05776079307578101,
        -0.04776079307578101,
        -0.03776079307578101,
        -0.027760793075781005,
        -0.017760793075781003,
        -0.007760793075781003,
        0.002239206924218997,
        0.012239206924218997,
        0.022239206924218997,
        0.032239206924219,
        0.042239206924219,
        0.052239206924219,
        0.062239206924219005,
        0.07223920692421901,
        0.082239206924219,
        0.092239206924219,
        0.10223920692421899,
        0.11223920692421899,
        0.12223920692421898,
        0.13223920692421898,
        0.14223920692421899,
        0.152239206924219,
        0.162239206924219,
        0.172239206924219,
        0.18223920692421902,
        0.19223920692421903,
        0.20223920692421904,
        0.21223920692421905,
        0.22223920692421906,
        0.23223920692421907,
        0.24223920692421907,
        0.2522392069242191,
        0.2622392069242191,
        0.2722392069242191,
        0.2822392069242191,
        0.2922392069242191,
        0.30223920692421913,
        0.31223920692421914,
        0.32223920692421915,
        0.33223920692421915,
        0.34223920692421916,
        0.3522392069242192,
        0.3622392069242192,
        0.3722392069242192,
        0.3822392069242192,
        0.3922392069242192,
        0.4022392069242192,
        0.4122392069242192,
        0.42223920692421923,
        0.43223920692421924,
        0.44223920692421925,
        0.45223920692421926,
        0.46223920692421927,
        0.4722392069242193,
        0.4822392069242193,
        0.4922392069242193,
        0.5022392069242193,
        0.5122392069242193,
        0.5222392069242193,
        0.5322392069242193,
        0.5422392069242193,
        0.5522392069242194,
        0.5622392069242194,
        0.5722392069242194,
        0.5822392069242194,
        0.5922392069242194,
        0.6022392069242194,
        0.6122392069242194,
        0.6222392069242194,
        0.6322392069242194,
        0.6422392069242194,
        0.6522392069242194,
        0.6622392069242194,
        0.6722392069242195,
        0.6822392069242195,
        0.6922392069242195,
        0.7022392069242195,
        0.7122392069242195,
        0.7222392069242195,
        0.7322392069242195,
        0.7422392069242195,
        0.7522392069242195,
        0.7622392069242195,
        0.7722392069242195,
        0.7822392069242196,
        0.7922392069242196,
        0.8022392069242196,
        0.8122392069242196,
        0.8222392069242196,
        0.8322392069242196,
        0.8422392069242196,
        0.8522392069242196,
        0.8622392069242196,
        0.8722392069242196,
        0.8822392069242196,
        0.8922392069242197,
        0.9022392069242197,
        0.9122392069242197,
