{
    "label": "N202",
    "frame": "P001",
    "level": 1,
    "L": 48,
    "lat_unit": 0.0642,
    "a_inv": 3.074,
    "m_B": 0.38061158100195186,
    "m_pi": 0.1340273259596617,
    "k2mpi2": 0.8729090169782312,
    "kcot_mpi": 0.7715839846347614,
    "k2mpi2s": [
        0.8426245205828955,
        0.8439442245785542,
        0.8452639285742131,
        0.8465836325698718,
        0.8479033365655305,
        0.8492230405611894,
        0.8505427445568481,
        0.8518624485525069,
        0.8531821525481657,
        0.8545018565438244,
        0.8558215605394832,
        0.857141264535142,
        0.8584609685308007,
        0.8597806725264595,
        0.8611003765221182,
        0.8624200805177771,
        0.8637397845134358,
        0.8650594885090945,
        0.8663791925047534,
        0.8676988965004121,
        0.8690186004960708,
        0.8703383044917297,
        0.8716580084873884,
        0.8729777124830471,
        0.874297416478706,
        0.8756171204743647,
        0.8769368244700235,
        0.8782565284656823,
        0.879576232461341,
        0.8808959364569998,
        0.8822156404526585,
        0.8835353444483173,
        0.8848550484439761,
        0.8861747524396348,
        0.8874944564352936,
        0.8888141604309524,
        0.8901338644266111,
        0.89145356842227,
        0.8927732724179287,
        0.8940929764135874,
        0.8954126804092463,
        0.896732384404905,
        0.8980520884005637,
        0.8993717923962226,
        0.9006914963918813,
        0.90201120038754,
        0.9033309043831989,
        0.9046506083788576,
        0.9059703123745164,
        0.9072900163701751
    ],
    "kcot_mpis": [
        0.6311461293253363,
        0.6368573553455552,
        0.6426026200003804,
        0.6483823460271986,
        0.6541969626392331,
        0.6600469056712558,
        0.6659326177221483,
        0.6718545482770022,
        0.6778131538731172,
        0.683808898216904,
        0.6898422523434641,
        0.6959136948436359,
        0.7020237118444763,
        0.7081727973440668,
        0.7143614533261323,
        0.7205901898425403,
        0.7268595253297081,
        0.7331699866816878,
        0.7395221094656544,
        0.7459164381050547,
        0.7523535261069406,
        0.7588339361695676,
        0.7653582404802145,
        0.7719270208561823,
        0.778540869006923,
        0.7852003867069797,
        0.7919061860454137,
        0.7986588896483945,
        0.8054591309138951,
        0.8123075542495977,
        0.8192048153281531,
        0.8261515813420054,
        0.8331485312557629,
        0.8401963560821154,
        0.8472957591422818,
        0.8544474564161589,
        0.8616521767055872,
        0.8689106620550922,
        0.8762236680020912,
        0.883591963907467,
        0.8910163332724641,
        0.8984975740823989,
        0.9060364991494249,
        0.9136339364414164,
        0.921290729492048,
        0.9290077377492965,
        0.936785836927544,
        0.944625919478652,
        0.9525288949357594,
        0.960495690362286
    ],
    "k2mpi2_ref": [
        0.36290901697823075,
        0.37290901697823076,
        0.38290901697823077,
        0.3929090169782308,
        0.4029090169782308,
        0.4129090169782308,
        0.4229090169782308,
        0.4329090169782308,
        0.4429090169782308,
        0.4529090169782308,
        0.46290901697823084,
        0.47290901697823085,
        0.48290901697823085,
        0.49290901697823086,
        0.5029090169782309,
        0.5129090169782309,
        0.5229090169782309,
        0.5329090169782309,
        0.5429090169782309,
        0.5529090169782309,
        0.5629090169782309,
        0.5729090169782309,
        0.5829090169782309,
        0.592909016978231,
        0.602909016978231,
        0.612909016978231,
        0.622909016978231,
        0.632909016978231,
        0.642909016978231,
        0.652909016978231,
        0.662909016978231,
        0.672909016978231,
        0.682909016978231,
        0.692909016978231,
        0.702909016978231,
        0.7129090169782311,
        0.7229090169782311,
        0.7329090169782311,
        0.7429090169782311,
        0.7529090169782311,
        0.7629090169782311,
        0.7729090169782311,
        0.7829090169782311,
        0.7929090169782311,
        0.8029090169782311,
        0.8129090169782311,
        0.8229090169782312,
        0.8329090169782312,
        0.8429090169782312,
        0.8529090169782312,
        0.8629090169782312,
        0.8729090169782312,
        0.8829090169782312,
        0.8929090169782312,
        0.9029090169782312,
        0.9129090169782312,
        0.9229090169782312,
        0.9329090169782313,
        0.9429090169782313,
        0.9529090169782313,
        0.9629090169782313,
        0.9729090169782313,
        0.9829090169782313,
        0.9929090169782313,
        1.0029090169782313,
        1.0129090169782313,
        1.0229090169782313,
        1.0329090169782313,
        1.0429090169782314,
        1.0529090169782314,
        1.0629090169782314,
        1.0729090169782314,
        1.0829090169782314,
        1.0929090169782314,
        1.0979090169782313,
        1.1029090169782312,
        1.107909016978231
    ],
    "kcot_mpi_ref": [
        -0.9295463980955322,
        -0.8625218621668826,
        -0.8030286077840927,
        -0.7495646183543146,
        -0.7009915419152607,
        -0.6564303531700415,
        -0.6151909500128725,
        -0.5767234672524234,
        -0.5405838709097848,
        -0.5064091707534785,
        -0.47389925049153425,
        -0.44280333887038087,
        -0.4129097917807771,
        -0.38403827352230874,
        -0.35603370111479754,
        -0.3287615008653819,
        -0.30210385304228216,
        -0.2759566884552783,
        -0.250227262627565,
        -0.22483217744637304,
        -0.1996957520361388,
        -0.17474866791716526,
        -0.14992683065171203,
        -0.12517040296168452,
        -0.10042297388080938,
        -0.07563083572688854,
        -0.05074234616949049,
        -0.02570735680791473,
        -0.0004766928933682167,
        0.024998328841815274,
        0.05076635539364951,
        0.07687643576246828,
        0.10337845116622793,
        0.13032354571357027,
        0.15776456569121572,
        0.1857565156244378,
        0.21435703962151717,
        0.24362693693024107,
        0.27363072161849783,
        0.3044372373753598,
        0.33612033989366163,
        0.3687596616031397,
        0.40244147543134745,
        0.4372596781592154,
        0.4733169174384115,
        0.5107258918085898,
        0.5496108592522396,
        0.5901093982500205,
        0.6323744751121692,
        0.676576884963733,
        0.7229081504781097,
        0.7715839846347614,
        0.82284845258401,
        0.8769790056009797,
        0.9342926108360421,
        0.9951532682761773,
        1.0599812983679402,
        1.129264909945256,
        1.2035747331332087,
        1.2835822474568925,
        1.370083385767401,
        1.4640291003843018,
        1.566565421242633,
        1.6790866477139255,
        1.8033070112244767,
        1.9413587881460894,
        2.095929060783765,
        2.2704542418097367,
        2.469403172241999,
        2.6987000667394243,
        2.9663758361331327,
        3.283607336562533,
        3.666446997888025,
        4.138852033221236,
        4.419586195629248,
        4.738334864166544,
        5.103748048468749
    ],
    "xlim": [
        -0.8,
        2.5
    ],
    "ylim": [
        -0.9,
        4.9
    ]
}