{
    "label": "N202",
    "frame": "P011",
    "level": 0,
    "L": 48,
    "lat_unit": 0.0642,
    "a_inv": 3.074,
    "m_B": 0.38061158100195186,
    "m_pi": 0.1340273259596617,
    "k2mpi2": 0.026317165317771465,
    "kcot_mpi": -0.1930285351833947,
    "k2mpi2s": [
        -0.007116725253140611,
        -0.005713555171153727,
        -0.004310385089166843,
        -0.002907215007179959,
        -0.0015040449251930753,
        -0.00010087484320619143,
        0.0013022952387806925,
        0.0027054653207675755,
        0.00410863540275446,
        0.005511805484741345,
        0.006914975566728228,
        0.008318145648715112,
        0.009721315730701997,
        0.011124485812688881,
        0.012527655894675763,
        0.013930825976662647,
        0.015333996058649532,
        0.016737166140636417,
        0.0181403362226233,
        0.019543506304610183,
        0.020946676386597068,
        0.022349846468583952,
        0.023753016550570834,
        0.02515618663255772,
        0.026559356714544603,
        0.027962526796531488,
        0.029365696878518373,
        0.030768866960505258,
        0.032172037042492135,
        0.03357520712447902,
        0.034978377206465905,
        0.03638154728845279,
        0.037784717370439674,
        0.03918788745242656,
        0.040591057534413444,
        0.04199422761640033,
        0.04339739769838721,
        0.04480056778037409,
        0.046203737862360976,
        0.04760690794434786,
        0.049010078026334745,
        0.05041324810832163,
        0.051816418190308515,
        0.0532195882722954,
        0.05462275835428228,
        0.05602592843626916,
        0.05742909851825605,
        0.05883226860024293,
        0.06023543868222982,
        0.061638608764216694
    ],
    "kcot_mpis": [
        -0.24295283948106677,
        -0.2409457403414153,
        -0.23893137034029385,
        -0.23690967102479263,
        -0.23488058327346467,
        -0.23284404728450717,
        -0.23080000256823988,
        -0.22874838793092314,
        -0.22668914147689134,
        -0.22462220058519744,
        -0.22254750190381992,
        -0.22046498134023704,
        -0.2183745740507151,
        -0.21627621442439682,
        -0.21416983607671713,
        -0.21205537183447354,
        -0.2099327537289371,
        -0.2078019129753201,
        -0.20566277996957533,
        -0.20351528426789237,
        -0.2013593545806628,
        -0.1991949187548595,
        -0.19702190376344295,
        -0.1948402356899637,
        -0.19264983971466998,
        -0.19045064010350835,
        -0.18824256019009772,
        -0.18602552236328623,
        -0.183799448053773,
        -0.18156425771456153,
        -0.1793198708081549,
        -0.17706620579293544,
        -0.17480318010297255,
        -0.1725307101353091,
        -0.1702487112316821,
        -0.167957097660832,
        -0.16565578260388863,
        -0.1633446781330991,
        -0.16102369519801413,
        -0.15869274360353894,
        -0.1563517319945588,
        -0.15400056783424265,
        -0.15163915738278788,
        -0.14926740568754243,
        -0.1468852165487519,
        -0.14449249251107416,
        -0.14208913483345495,
        -0.13967504347597204,
        -0.13725011707007473,
        -0.1348142529042345
    ],
    "k2mpi2_ref": [
        -0.8036828346822291,
        -0.7936828346822291,
        -0.7836828346822291,
        -0.7736828346822291,
        -0.7636828346822291,
        -0.7536828346822291,
        -0.7436828346822291,
        -0.7336828346822291,
        -0.723682834682229,
        -0.713682834682229,
        -0.703682834682229,
        -0.693682834682229,
        -0.683682834682229,
        -0.673682834682229,
        -0.663682834682229,
        -0.653682834682229,
        -0.643682834682229,
        -0.633682834682229,
        -0.623682834682229,
        -0.613682834682229,
        -0.6036828346822289,
        -0.5936828346822289,
        -0.5836828346822289,
        -0.5736828346822289,
        -0.5636828346822289,
        -0.5536828346822289,
        -0.5436828346822289,
        -0.5336828346822289,
        -0.5236828346822289,
        -0.5136828346822289,
        -0.5036828346822289,
        -0.49368283468222884,
        -0.48368283468222883,
        -0.4736828346822288,
        -0.4636828346822288,
        -0.4536828346822288,
        -0.4436828346822288,
        -0.4336828346822288,
        -0.4236828346822288,
        -0.4136828346822288,
        -0.40368283468222876,
        -0.39368283468222875,
        -0.38368283468222875,
        -0.37368283468222874,
        -0.36368283468222873,
        -0.3536828346822287,
        -0.3436828346822287,
        -0.3336828346822287,
        -0.3236828346822287,
        -0.3136828346822287,
        -0.3036828346822287,
        -0.29368283468222867,
        -0.28368283468222866,
        -0.27368283468222865,
        -0.26368283468222864,
        -0.25368283468222863,
        -0.24368283468222862,
        -0.2336828346822286,
        -0.2236828346822286,
        -0.2136828346822286,
        -0.2036828346822286,
        -0.19368283468222858,
        -0.18368283468222857,
        -0.17368283468222856,
        -0.16368283468222855,
        -0.15368283468222854,
        -0.14368283468222853,
        -0.13368283468222852,
        -0.12368283468222852,
        -0.11368283468222852,
        -0.10368283468222853,
        -0.09368283468222853,
        -0.08368283468222854,
        -0.07368283468222854,
        -0.06368283468222855,
        -0.05368283468222854,
        -0.04368283468222854,
        -0.03368283468222854,
        -0.023682834682228537,
        -0.013682834682228537,
        -0.003682834682228537,
        0.006317165317771463,
        0.016317165317771463,
        0.026317165317771465,
        0.03631716531777147,
        0.04631716531777147,
        0.05631716531777147,
        0.06631716531777147,
        0.07631716531777147,
        0.08631716531777146,
        0.09631716531777146,
        0.10631716531777145,
        0.11631716531777145,
        0.12631716531777146,
        0.13631716531777147,
        0.14631716531777147,
        0.15631716531777148,
        0.1663171653177715,
        0.1763171653177715,
        0.1863171653177715,
        0.19631716531777152,
        0.20631716531777153,
        0.21631716531777154,
        0.22631716531777155,
        0.23631716531777155,
        0.24631716531777156,
        0.25631716531777154,
        0.26631716531777155,
        0.27631716531777156,
        0.28631716531777157,
        0.2963171653177716,
        0.3063171653177716,
        0.3163171653177716,
        0.3263171653177716,
        0.3363171653177716,
        0.3463171653177716,
        0.35631716531777163,
        0.36631716531777164,
        0.37631716531777165,
        0.38631716531777166,
        0.39631716531777167,
        0.4063171653177717,
        0.4163171653177717,
        0.4213171653177717,
        0.4263171653177717,
        0.4313171653177717,
        0.4338171653177717,
        0.4363171653177717,
        0.4388171653177717,
        0.4413171653177717,
        0.4438171653177717
    ],