{
    "label": "N202",
    "frame": "P001",
    "level": 1,
    "L": 48,
    "lat_unit": 0.0642,
    "a_inv": 3.074,
    "m_B": 0.38061158100195186,
    "m_pi": 0.1340273259596617,
    "k2mpi2": 0.8729090169782312,
    "kcot_mpi": 0.7478094678646511,
    "k2mpi2s": [
        0.8426245205828955,
        0.8439442245785542,
        0.8452639285742131,
        0.8465836325698718,
        0.8479033365655305,
        0.8492230405611894,
        0.8505427445568481,
        0.8518624485525069,
        0.8531821525481657,
        0.8545018565438244,
        0.8558215605394832,
        0.857141264535142,
        0.8584609685308007,
        0.8597806725264595,
        0.8611003765221182,
        0.8624200805177771,
        0.8637397845134358,
        0.8650594885090945,
        0.8663791925047534,
        0.8676988965004121,
        0.8690186004960708,
        0.8703383044917297,
        0.8716580084873884,
        0.8729777124830471,
        0.874297416478706,
        0.8756171204743647,
        0.8769368244700235,
        0.8782565284656823,
        0.879576232461341,
        0.8808959364569998,
        0.8822156404526585,
        0.8835353444483173,
        0.8848550484439761,
        0.8861747524396348,
        0.8874944564352936,
        0.8888141604309524,
        0.8901338644266111,
        0.89145356842227,
        0.8927732724179287,
        0.8940929764135874,
        0.8954126804092463,
        0.896732384404905,
        0.8980520884005637,
        0.8993717923962226,
        0.9006914963918813,
        0.90201120038754,
        0.9033309043831989,
        0.9046506083788576,
        0.9059703123745164,
        0.9072900163701751
    ],
    "kcot_mpis": [
        0.6119999535001956,
        0.6175344195702298,
        0.6231009139074996,
        0.6286998255370169,
        0.6343315492860884,
        0.6399964859135141,
        0.6456950422351179,
        0.651427631227926,
        0.6571946721782845,
        0.6629965907802633,
        0.6688338192757919,
        0.6747067966599126,
        0.6806159686462486,
        0.686561787975197,
        0.6925447145120863,
        0.6985652152954757,
        0.7046237648533779,
        0.7107208452302796,
        0.716856946189661,
        0.7230325653692194,
        0.7292482084838184,
        0.7355043894047077,
        0.7418016304315582,
        0.7481404624041909,
        0.7545214249364405,
        0.7609450665583867,
        0.767411944935214,
        0.7739226270578067,
        0.7804776894445568,
        0.7870777183453203,
        0.7937233099615965,
        0.8004150706652298,
        0.8071536172135125,
        0.8139395769865484,
        0.8207735882073993,
        0.8276563002535506,
        0.8345883737733029,
        0.8415704810670602,
        0.8486033062901732,
        0.8556875457371623,
        0.8628239081103253,
        0.8700131148135363,
        0.8772559002434711,
        0.8845530120648707,
        0.8919052115658794,
        0.8993132739491748,
        0.906777988625536,
        0.9143001596228667,
        0.9218806058680183,
        0.9295201615696496
    ],
    "k2mpi2_ref": [
        0.35290901697823074,
        0.36290901697823075,
        0.37290901697823076,
        0.38290901697823077,
        0.3929090169782308,
        0.4029090169782308,
        0.4129090169782308,
        0.4229090169782308,
        0.4329090169782308,
        0.4429090169782308,
        0.4529090169782308,
        0.46290901697823084,
        0.47290901697823085,
        0.48290901697823085,
        0.49290901697823086,
        0.5029090169782309,
        0.5129090169782309,
        0.5229090169782309,
        0.5329090169782309,
        0.5429090169782309,
        0.5529090169782309,
        0.5629090169782309,
        0.5729090169782309,
        0.5829090169782309,
        0.592909016978231,
        0.602909016978231,
        0.612909016978231,
        0.622909016978231,
        0.632909016978231,
        0.642909016978231,
        0.652909016978231,
        0.662909016978231,
        0.672909016978231,
        0.682909016978231,
        0.692909016978231,
        0.702909016978231,
        0.7129090169782311,
        0.7229090169782311,
        0.7329090169782311,
        0.7429090169782311,
        0.7529090169782311,
        0.7629090169782311,
        0.7729090169782311,
        0.7829090169782311,
        0.7929090169782311,
        0.8029090169782311,
        0.8129090169782311,
        0.8229090169782312,
        0.8329090169782312,
        0.8429090169782312,
        0.8529090169782312,
        0.8629090169782312,
        0.8729090169782312,
        0.8829090169782312,
        0.8929090169782312,
        0.9029090169782312,
        0.9129090169782312,
        0.9229090169782312,
        0.9329090169782313,
        0.9429090169782313,
        0.9529090169782313,
        0.9629090169782313,
        0.9729090169782313,
        0.9829090169782313,
        0.9929090169782313,
        1.0029090169782313,
        1.0129090169782313,
        1.0229090169782313,
        1.0329090169782313,
        1.0429090169782314,
        1.0529090169782314,
        1.0629090169782314,
        1.0729090169782314,
        1.0829090169782314,
        1.0929090169782314,
        1.1029090169782314,
        1.1079090169782313,
        1.1129090169782312,
        1.117909016978231,
        1.122909016978231,
        1.125409016978231,
        1.1279090169782309,
        1.1304090169782308,
        1.1329090169782308,
        1.1354090169782307,
        1.1379090169782307,
        1.1404090169782306,
        1.1429090169782306,
        1.1441590169782305,
        1.1454090169782305,
        1.1466590169782305,
        1.1479090169782304,
        1.1491590169782304,
        1.1504090169782304,
        1.1516590169782304,
        1.1529090169782303,
        1.1541590169782303,
        1.1554090169782303,
        1.1560340169782304,
        1.1566590169782305,
        1.1572840169782306,
        1.1579090169782307,
        1.1585340169782308,
        1.1591590169782309,
        1.159784016978231,
        1.160409016978231,
        1.1610340169782312,
        1.1616590169782313,
        1.1622840169782314,
        1.1629090169782315,
        1.1635340169782316
    ],