{
    "label": "N202",
    "frame": "P011",
    "level": 1,
    "L": 48,
    "lat_unit": 0.0642,
    "a_inv": 3.074,
    "m_B": 0.38061158100195186,
    "m_pi": 0.1340273259596617,
    "k2mpi2": 0.4179802219741151,
    "kcot_mpi": 2.818547529066462,
    "k2mpi2s": [
        0.4071880500130661,
        0.4076338936065264,
        0.4080797371999867,
        0.40852558079344703,
        0.4089714243869073,
        0.4094172679803676,
        0.4098631115738279,
        0.4103089551672882,
        0.4107547987607485,
        0.4112006423542088,
        0.41164648594766906,
        0.4120923295411294,
        0.4125381731345897,
        0.41298401672804996,
        0.41342986032151025,
        0.4138757039149706,
        0.41432154750843087,
        0.41476739110189115,
        0.41521323469535143,
        0.41565907828881177,
        0.41610492188227205,
        0.41655076547573233,
        0.4169966090691926,
        0.41744245266265295,
        0.41788829625611323,
        0.4183341398495735,
        0.4187799834430338,
        0.41922582703649414,
        0.4196716706299544,
        0.4201175142234147,
        0.420563357816875,
        0.4210092014103353,
        0.4214550450037956,
        0.4219008885972559,
        0.42234673219071617,
        0.4227925757841765,
        0.4232384193776368,
        0.42368426297109707,
        0.42413010656455735,
        0.4245759501580177,
        0.42502179375147797,
        0.42546763734493825,
        0.42591348093839854,
        0.4263593245318589,
        0.42680516812531916,
        0.42725101171877944,
        0.4276968553122397,
        0.4281426989057,
        0.42858854249916034,
        0.4290343860926206
    ],
    "kcot_mpis": [
        2.3264255087569925,
        2.3437796993900255,
        2.3613535401127566,
        2.3791513216844966,
        2.397177447445042,
        2.41543643703836,
        2.433932930265356,
        2.4526716911152366,
        2.471657611944311,
        2.4908957178287343,
        2.5103911710967806,
        2.5301492760511892,
        2.5501754838730917,
        2.570475397753241,
        2.5910547782204985,
        2.6119195487089266,
        2.633075801354093,
        2.654529803041691,
        2.6762880017225235,
        2.6983570329960425,
        2.720743726986801,
        2.743455115533077,
        2.7664984396727297,
        2.7898811574996785,
        2.8136109523467447,
        2.837695741358041,
        2.862143684450541,
        2.8869631936916367,
        2.9121629431142964,
        2.9377518789962718,
        2.9637392306244257,
        2.9901345215767625,
        3.0169475815453977,
        3.0441885587330506,
        3.071867932869017,
        3.0999965288482945,
        3.128585531066567,
        3.1576464984668413,
        3.1871913803532403,
        3.2172325330071003,
        3.2477827371682695,
        3.278855216411139,
        3.3104636565002,
        3.3426222257558114,
        3.3753455965132355,
        3.4086489677405525,
        3.44254808887573,
        3.47705928497316,
        3.512199483253943,
        3.547986241121769
    ],
    "k2mpi2_ref": [
        -0.8020197780258856,
        -0.7920197780258856,
        -0.7820197780258856,
        -0.7720197780258856,
        -0.7620197780258856,
        -0.7520197780258856,
        -0.7420197780258856,
        -0.7320197780258856,
        -0.7220197780258856,
        -0.7120197780258856,
        -0.7020197780258856,
        -0.6920197780258855,
        -0.6820197780258855,
        -0.6720197780258855,
        -0.6620197780258855,
        -0.6520197780258855,
        -0.6420197780258855,
        -0.6320197780258855,
        -0.6220197780258855,
        -0.6120197780258855,
        -0.6020197780258855,
        -0.5920197780258855,
        -0.5820197780258854,
        -0.5720197780258854,
        -0.5620197780258854,
        -0.5520197780258854,
        -0.5420197780258854,
        -0.5320197780258854,
        -0.5220197780258854,
        -0.5120197780258854,
        -0.5020197780258854,
        -0.4920197780258854,
        -0.4820197780258854,
        -0.4720197780258854,
        -0.4620197780258854,
        -0.4520197780258854,
        -0.4420197780258854,
        -0.43201977802588537,
        -0.42201977802588536,
        -0.41201977802588535,
        -0.40201977802588534,
        -0.39201977802588533,
        -0.3820197780258853,
        -0.3720197780258853,
        -0.3620197780258853,
        -0.3520197780258853,
        -0.3420197780258853,
        -0.3320197780258853,
        -0.3220197780258853,
        -0.31201977802588526,
        -0.30201977802588525,
        -0.29201977802588525,
        -0.28201977802588524,
        -0.27201977802588523,
        -0.2620197780258852,
        -0.2520197780258852,
        -0.2420197780258852,
        -0.2320197780258852,
        -0.22201977802588518,
        -0.21201977802588517,
        -0.20201977802588517,
        -0.19201977802588516,
        -0.18201977802588515,
        -0.17201977802588514,
        -0.16201977802588513,
        -0.15201977802588512,
        -0.1420197780258851,
        -0.1320197780258851,
        -0.12201977802588511,
        -0.11201977802588511,
        -0.10201977802588512,
        -0.09201977802588512,
        -0.08201977802588513,
        -0.07201977802588513,
        -0.06201977802588514,
        -0.05201977802588514,
        -0.042019778025885135,
        -0.03201977802588513,
        -0.02201977802588513,
        -0.012019778025885131,
        -0.0020197780258851307,
        0.00798022197411487,
        0.01798022197411487,
        0.02798022197411487,
        0.037980221974114874,
        0.047980221974114876,
        0.05798022197411488,
        0.06798022197411488,
        0.07798022197411487,
        0.08798022197411487,
        0.09798022197411486,
        0.10798022197411486,
        0.11798022197411485,
        0.12798022197411485,
        0.13798022197411486,
        0.14798022197411487,
        0.15798022197411488,
        0.16798022197411488,
        0.1779802219741149,
        0.1879802219741149,
        0.1979802219741149,
        0.20798022197411492,
        0.21798022197411493,
        0.22798022197411494,
        0.23798022197411495,
        0.24798022197411496,
        0.25798022197411496,
        0.267980221974115,
        0.277980221974115,
        0.287980221974115,
        0.297980221974115,
        0.307980221974115,
        0.317980221974115,
        0.327980221974115,
        0.33798022197411504,
        0.34798022197411504,
        0.35798022197411505,
        0.36798022197411506,
        0.37798022197411507,
        0.3879802219741151,
        0.3979802219741151,
        0.4079802219741151,
        0.4179802219741151,
        0.4229802219741151,
        0.4279802219741151,
        0.4329802219741151,
        0.4354802219741151,
        0.4379802219741151,
        0.4404802219741151,
        0.44298022197411513
    ],