{
    "label": "N202",
    "frame": "P111",
    "level": 0,
    "L": 48,
    "lat_unit": 0.0642,
    "a_inv": 3.074,
    "m_B": 0.38061158100195186,
    "m_pi": 0.1340273259596617,
    "k2mpi2": 0.11543599384048274,
    "kcot_mpi": -0.057889032792985455,
    "k2mpi2s": [
        0.06796668436000272,
        0.06998520220704813,
        0.07200372005409353,
        0.07402223790113893,
        0.07604075574818435,
        0.07805927359522975,
        0.08007779144227516,
        0.08209630928932056,
        0.08411482713636596,
        0.08613334498341138,
        0.08815186283045678,
        0.09017038067750219,
        0.09218889852454759,
        0.094207416371593,
        0.0962259342186384,
        0.0982444520656838,
        0.1002629699127292,
        0.10228148775977461,
        0.10430000560682003,
        0.10631852345386543,
        0.10833704130091083,
        0.11035555914795625,
        0.11237407699500165,
        0.11439259484204706,
        0.11641111268909246,
        0.11842963053613786,
        0.12044814838318327,
        0.12246666623022867,
        0.12448518407727407,
        0.12650370192431948,
        0.12852221977136488,
        0.13054073761841029,
        0.13255925546545572,
        0.1345777733125011,
        0.13659629115954652,
        0.1386148090065919,
        0.14063332685363733,
        0.14265184470068273,
        0.14467036254772814,
        0.14668888039477354,
        0.14870739824181894,
        0.15072591608886435,
        0.15274443393590975,
        0.15476295178295518,
        0.15678146963000056,
        0.158799987477046,
        0.16081850532409137,
        0.1628370231711368,
        0.1648555410181822,
        0.1668740588652276
    ],
    "kcot_mpis": [
        -0.1363892549912215,
        -0.1332364470615538,
        -0.13006834679399848,
        -0.12688480379759556,
        -0.12368566562197367,
        -0.12047077772940391,
        -0.11723998345360531,
        -0.1139931239661755,
        -0.11073003823785221,
        -0.107450562998262,
        -0.10415453269936538,
        -0.10084177947249229,
        -0.09751213308881058,
        -0.09416542091773092,
        -0.09080146788294821,
        -0.08742009641975376,
        -0.0840211264284149,
        -0.08060437523312415,
        -0.07716965752942406,
        -0.07371678533814152,
        -0.07024556796121113,
        -0.06675581192709905,
        -0.06324732094115512,
        -0.05971989583139653,
        -0.056173334503982514,
        -0.05260743187512779,
        -0.049021979827946954,
        -0.04541676714819055,
        -0.04179157947110756,
        -0.03814619921700847,
        -0.034480405533699306,
        -0.030793974234811082,
        -0.02708667773346498,
        -0.02335828498005839,
        -0.019608561394168195,
        -0.015837268796589844,
        -0.012044165339962743,
        -0.008229005437708924,
        -0.004391539690909267,
        -0.0005315148123825649,
        0.003351326447491854,
        0.0072572453802271465,
        0.01118650739962525,
        0.015139382123748824,
        0.019116143458128447,
        0.023117069682219826,
        0.027142443537783664,
        0.031192552320669188,
        0.03526768796796387,
        0.039368147159141165
    ],
    "k2mpi2_ref": [
        -0.8045640061595177,
        -0.7945640061595177,
        -0.7845640061595177,
        -0.7745640061595177,
        -0.7645640061595177,
        -0.7545640061595177,
        -0.7445640061595177,
        -0.7345640061595177,
        -0.7245640061595177,
        -0.7145640061595177,
        -0.7045640061595176,
        -0.6945640061595176,
        -0.6845640061595176,
        -0.6745640061595176,
        -0.6645640061595176,
        -0.6545640061595176,
        -0.6445640061595176,
        -0.6345640061595176,
        -0.6245640061595176,
        -0.6145640061595176,
        -0.6045640061595176,
        -0.5945640061595175,
        -0.5845640061595175,
        -0.5745640061595175,
        -0.5645640061595175,
        -0.5545640061595175,
        -0.5445640061595175,
        -0.5345640061595175,
        -0.5245640061595175,
        -0.5145640061595175,
        -0.5045640061595175,
        -0.4945640061595175,
        -0.4845640061595175,
        -0.4745640061595175,
        -0.4645640061595175,
        -0.4545640061595175,
        -0.44456400615951747,
        -0.43456400615951746,
        -0.42456400615951745,
        -0.41456400615951744,
        -0.40456400615951743,
        -0.3945640061595174,
        -0.3845640061595174,
        -0.3745640061595174,
        -0.3645640061595174,
        -0.3545640061595174,
        -0.3445640061595174,
        -0.33456400615951737,
        -0.32456400615951736,
        -0.31456400615951735,
        -0.30456400615951734,
        -0.29456400615951733,
        -0.2845640061595173,
        -0.2745640061595173,
        -0.2645640061595173,
        -0.2545640061595173,
        -0.24456400615951732,
        -0.2345640061595173,
        -0.2245640061595173,
        -0.2145640061595173,
        -0.20456400615951728,
        -0.19456400615951727,
        -0.18456400615951726,
        -0.17456400615951725,
        -0.16456400615951725,
        -0.15456400615951724,
        -0.14456400615951723,
        -0.13456400615951722,
        -0.12456400615951722,
        -0.11456400615951723,
        -0.10456400615951723,
        -0.09456400615951724,
        -0.08456400615951724,
        -0.07456400615951725,
        -0.06456400615951725,
        -0.05456400615951725,
        -0.04456400615951725,
        -0.03456400615951725,
        -0.024564006159517246,
        -0.014564006159517244,
        -0.004564006159517244,
        0.005435993840482756,
        0.015435993840482757,
        0.025435993840482757,
        0.03543599384048276,
        0.04543599384048276,
        0.05543599384048276,
        0.06543599384048276,
        0.07543599384048276,
        0.08543599384048275,
        0.09543599384048275,
        0.10543599384048274,
        0.11543599384048274,
        0.12543599384048273,
        0.13543599384048274,
        0.14543599384048275,
        0.15543599384048276,
        0.16543599384048277,
        0.17543599384048278,
        0.1854359938404828,
        0.1954359938404828,
        0.2054359938404828,
        0.21543599384048281,
        0.22543599384048282,
        0.23543599384048283,
        0.24543599384048284,
        0.2554359938404828,
        0.26543599384048283,
        0.27543599384048284,
        0.28543599384048285,
        0.29543599384048286,
        0.30543599384048287,
        0.3154359938404829,
        0.3254359938404829,
        0.3354359938404829,
        0.3454359938404829,
        0.3554359938404829,
        0.3654359938404829,
        0.37543599384048293,
        0.38543599384048294,
        0.39543599384048295,
        0.40543599384048296,
        0.41543599384048296,
        0.425435993840483,
        0.435435993840483,
        0.445435993840483,
        0.455435993840483,
        0.465435993840483,
        0.475435993840483,
        0.485435993840483,
        0.49543599384048304,
        0.505435993840483,
        0.515435993840483,
        0.525435993840483,
        0.535435993840483,
        0.545435993840483,
        0.555435993840483,
        0.565435993840483,
        0.575435993840483,
        0.580435993840483,
        0.5854359938404831,
        0.5904359938404831,
        0.5954359938404831,
        0.6004359938404831,
        0.602935993840483,
        0.605435993840483,
        0.6079359938404829,
        0.6104359938404829,
        0.6129359938404828,
        0.6154359938404828,
        0.6179359938404827,
        0.6191859938404827,
        0.6204359938404826,
        0.6216859938404826,
        0.6229359938404826,
        0.6241859938404826,
        0.6254359938404825,
        0.6266859938404825,
        0.6279359938404825,
        0.6291859938404825,
        0.6304359938404824,
        0.6310609938404824,
        0.6316859938404824,
        0.6323109938404824,
