{
    "label": "N202",
    "frame": "P000",
    "level": 0,
    "L": 48,
    "lat_unit": 0.0642,
    "a_inv": 3.074,
    "m_B": 0.38061158100195186,
    "m_pi": 0.1340273259596617,
    "k2mpi2": -0.23333385137290977,
    "kcot_mpi": -0.41809207592405023,
    "k2mpi2s": [
        -0.25326823619084443,
        -0.25243884057340704,
        -0.2516094449559696,
        -0.2507800493385322,
        -0.2499506537210948,
        -0.24912125810365737,
        -0.24829186248621996,
        -0.24746246686878257,
        -0.24663307125134515,
        -0.24580367563390773,
        -0.2449742800164703,
        -0.2441448843990329,
        -0.2433154887815955,
        -0.2424860931641581,
        -0.24165669754672067,
        -0.24082730192928326,
        -0.23999790631184587,
        -0.23916851069440845,
        -0.23833911507697103,
        -0.2375097194595336,
        -0.2366803238420962,
        -0.2358509282246588,
        -0.2350215326072214,
        -0.23419213698978397,
        -0.23336274137234655,
        -0.23253334575490917,
        -0.23170395013747175,
        -0.23087455452003433,
        -0.2300451589025969,
        -0.22921576328515952,
        -0.2283863676677221,
        -0.2275569720502847,
        -0.22672757643284727,
        -0.22589818081540985,
        -0.22506878519797247,
        -0.22423938958053505,
        -0.22340999396309763,
        -0.2225805983456602,
        -0.2217512027282228,
        -0.2209218071107854,
        -0.220092411493348,
        -0.21926301587591057,
        -0.21843362025847315,
        -0.21760422464103574,
        -0.21677482902359835,
        -0.21594543340616093,
        -0.2151160377887235,
        -0.21428664217128612,
        -0.2134572465538487,
        -0.2126278509364113
    ],
    "kcot_mpis": [
        -0.4477404208899985,
        -0.44656114928310914,
        -0.44537748475344774,
        -0.44418938667549235,
        -0.4429968138909286,
        -0.4417997246995488,
        -0.4405980768501908,
        -0.43939182753172823,
        -0.4381809333643299,
        -0.43696535038746576,
        -0.4357450340528034,
        -0.4345199392129048,
        -0.43329002011165685,
        -0.4320552303733739,
        -0.43081552299143205,
        -0.4295708503201763,
        -0.42832116406025433,
        -0.4270664152507956,
        -0.42580655425404473,
        -0.4245415307483757,
        -0.4232712937117812,
        -0.42199579141197835,
        -0.42071497139396713,
        -0.4194287804660971,
        -0.41813716469360934,
        -0.41684006935690543,
        -0.4155374389935016,
        -0.4142292173289884,
        -0.41291534728997104,
        -0.4115957709851669,
        -0.41027042968847904,
        -0.4089392638261462,
        -0.40760221295964055,
        -0.4062592157708122,
        -0.4049102100443842,
        -0.4035551326532976,
        -0.4021939195401079,
        -0.40082650570056205,
        -0.3994528251658262,
        -0.3980728109842811,
        -0.39668639520246474,
        -0.39529350884691467,
        -0.3938940819050455,
        -0.39248804330479464,
        -0.3910753208945747,
        -0.3896558414220496,
        -0.3882295305136683,
        -0.3867963126525145,
        -0.38535611115731333,
        -0.3839088481583238
    ],
    "k2mpi2_ref": [
        -0.8033338513729102,
        -0.7933338513729102,
        -0.7833338513729102,
        -0.7733338513729102,
        -0.7633338513729102,
        -0.7533338513729102,
        -0.7433338513729102,
        -0.7333338513729102,
        -0.7233338513729102,
        -0.7133338513729102,
        -0.7033338513729102,
        -0.6933338513729101,
        -0.6833338513729101,
        -0.6733338513729101,
        -0.6633338513729101,
        -0.6533338513729101,
        -0.6433338513729101,
        -0.6333338513729101,
        -0.6233338513729101,
        -0.6133338513729101,
        -0.6033338513729101,
        -0.5933338513729101,
        -0.58333385137291,
        -0.57333385137291,
        -0.56333385137291,
        -0.55333385137291,
        -0.54333385137291,
        -0.53333385137291,
        -0.52333385137291,
        -0.51333385137291,
        -0.50333385137291,
        -0.49333385137290997,
        -0.48333385137290996,
        -0.47333385137290995,
        -0.46333385137290994,
        -0.45333385137290994,
        -0.4433338513729099,
        -0.4333338513729099,
        -0.4233338513729099,
        -0.4133338513729099,
        -0.4033338513729099,
        -0.3933338513729099,
        -0.3833338513729099,
        -0.37333385137290986,
        -0.36333385137290986,
        -0.35333385137290985,
        -0.34333385137290984,
        -0.33333385137290983,
        -0.3233338513729098,
        -0.3133338513729098,
        -0.3033338513729098,
        -0.2933338513729098,
        -0.2833338513729098,
        -0.2733338513729098,
        -0.26333385137290977,
        -0.25333385137290976,
        -0.24333385137290978,
        -0.23333385137290977,
        -0.22333385137290976,
        -0.21333385137290975,
        -0.20333385137290974,
        -0.19333385137290973,
        -0.18333385137290972,
        -0.17333385137290971,
        -0.1633338513729097,
        -0.1533338513729097,
        -0.1433338513729097,
        -0.13333385137290968,
        -0.12333385137290968,
        -0.11333385137290969,
        -0.1033338513729097,
        -0.0933338513729097,
        -0.0833338513729097,
        -0.07333385137290971,
        -0.06333385137290971,
        -0.05333385137290971,
        -0.04333385137290971,
        -0.03333385137290971,
        -0.028333851372909707,
        -0.023333851372909706,
        -0.020833851372909707,
        -0.01833385137290971,
        -0.01583385137290971,
        -0.01458385137290971,
        -0.01333385137290971,
        -0.012083851372909711,
        -0.010833851372909712,
        -0.010208851372909711,
        -0.009583851372909711,
        -0.00895885137290971,
        -0.00833385137290971
    ],