{
    "label": "N202",
    "frame": "P002",
    "level": 0,
    "L": 48,
    "lat_unit": 0.0642,
    "a_inv": 3.074,
    "m_B": 0.38061158100195186,
    "m_pi": 0.1340273259596617,
    "k2mpi2": -0.2053240362592168,
    "kcot_mpi": -0.37760242654547677,
    "k2mpi2s": [
        -0.22407099448755596,
        -0.22328230082017442,
        -0.22249360715279287,
        -0.22170491348541133,
        -0.2209162198180298,
        -0.22012752615064826,
        -0.21933883248326672,
        -0.21855013881588517,
        -0.21776144514850362,
        -0.21697275148112208,
        -0.21618405781374056,
        -0.21539536414635901,
        -0.21460667047897747,
        -0.21381797681159592,
        -0.21302928314421438,
        -0.21224058947683283,
        -0.2114518958094513,
        -0.21066320214206977,
        -0.20987450847468822,
        -0.20908581480730667,
        -0.20829712113992513,
        -0.2075084274725436,
        -0.20671973380516206,
        -0.20593104013778052,
        -0.20514234647039897,
        -0.20435365280301743,
        -0.20356495913563588,
        -0.20277626546825434,
        -0.20198757180087282,
        -0.20119887813349127,
        -0.20041018446610973,
        -0.19962149079872818,
        -0.19883279713134663,
        -0.1980441034639651,
        -0.19725540979658357,
        -0.19646671612920202,
        -0.19567802246182048,
        -0.19488932879443893,
        -0.19410063512705739,
        -0.19331194145967584,
        -0.1925232477922943,
        -0.19173455412491278,
        -0.19094586045753123,
        -0.19015716679014968,
        -0.18936847312276814,
        -0.18857977945538662,
        -0.18779108578800507,
        -0.18700239212062353,
        -0.18621369845324198,
        -0.18542500478586044
    ],
    "kcot_mpis": [
        -0.40915703686959565,
        -0.4078951545819767,
        -0.40662792849483603,
        -0.4053553047936637,
        -0.4040772289020458,
        -0.40279364546758695,
        -0.40150449834921625,
        -0.40020973060425635,
        -0.3989092844691523,
        -0.3976031013485205,
        -0.3962911217993369,
        -0.39497328551772426,
        -0.39364953131521685,
        -0.3923197971120325,
        -0.39098401991429504,
        -0.3896421358003006,
        -0.388294079901548,
        -0.3869397863860491,
        -0.3855791884456993,
        -0.3842122182469198,
        -0.3828388069733315,
        -0.3814588847469075,
        -0.3800723806355742,
        -0.3786792226288469,
        -0.3772793376169551,
        -0.3758726513678014,
        -0.37445908851011783,
        -0.3730385725052718,
        -0.3716110256281218,
        -0.37017636894289735,
        -0.36873452228036724,
        -0.36728540421014505,
        -0.36582893202097816,
        -0.3643650216908038,
        -0.3628935878632638,
        -0.3614145438187573,
        -0.35992780144871417,
        -0.35843327122684915,
        -0.35693086218023745,
        -0.35542048186065345,
        -0.3539020363135253,
        -0.3523754300468718,
        -0.3508405660003382,
        -0.34929734551191827,
        -0.34774566828649967,
        -0.34618543235790666,
        -0.34461653405785847,
        -0.34303886797769595,
        -0.341452326933078,
        -0.3398568019247622
    ],
    "k2mpi2_ref": [
        -0.8053240362592173,
        -0.7953240362592173,
        -0.7853240362592173,
        -0.7753240362592173,
        -0.7653240362592173,
        -0.7553240362592173,
        -0.7453240362592173,
        -0.7353240362592173,
        -0.7253240362592173,
        -0.7153240362592173,
        -0.7053240362592172,
        -0.6953240362592172,
        -0.6853240362592172,
        -0.6753240362592172,
        -0.6653240362592172,
        -0.6553240362592172,
        -0.6453240362592172,
        -0.6353240362592172,
        -0.6253240362592172,
        -0.6153240362592172,
        -0.6053240362592172,
        -0.5953240362592171,
        -0.5853240362592171,
        -0.5753240362592171,
        -0.5653240362592171,
        -0.5553240362592171,
        -0.5453240362592171,
        -0.5353240362592171,
        -0.5253240362592171,
        -0.5153240362592171,
        -0.5053240362592171,
        -0.49532403625921706,
        -0.48532403625921705,
        -0.47532403625921704,
        -0.46532403625921703,
        -0.455324036259217,
        -0.445324036259217,
        -0.435324036259217,
        -0.425324036259217,
        -0.415324036259217,
        -0.405324036259217,
        -0.39532403625921697,
        -0.38532403625921696,
        -0.37532403625921695,
        -0.36532403625921694,
        -0.35532403625921694,
        -0.3453240362592169,
        -0.3353240362592169,
        -0.3253240362592169,
        -0.3153240362592169,
        -0.3053240362592169,
        -0.2953240362592169,
        -0.2853240362592169,
        -0.27532403625921686,
        -0.26532403625921686,
        -0.25532403625921685,
        -0.24532403625921684,
        -0.23532403625921683,
        -0.22532403625921682,
        -0.2153240362592168,
        -0.2053240362592168,
        -0.1953240362592168,
        -0.18532403625921678,
        -0.17532403625921678,
        -0.16532403625921677,
        -0.15532403625921676,
        -0.14532403625921675,
        -0.13532403625921674,
        -0.12532403625921673,
        -0.11532403625921674,
        -0.10532403625921674,
        -0.09532403625921675,
        -0.08532403625921675,
        -0.07532403625921676,
        -0.06532403625921676,
        -0.05532403625921676,
        -0.04532403625921676,
        -0.035324036259216755,
        -0.030324036259216754,
        -0.025324036259216753,
        -0.020324036259216752,
        -0.017824036259216754,
        -0.015324036259216753,
        -0.014074036259216754,
        -0.012824036259216754,
        -0.011574036259216755,
        -0.010324036259216756,
        -0.009699036259216755,
        -0.009074036259216755,
        -0.008449036259216754,
        -0.007824036259216753
    ],