{
    "label": "N202",
    "frame": "P001",
    "level": 0,
    "L": 48,
    "lat_unit": 0.0642,
    "a_inv": 3.074,
    "m_B": 0.38061158100195186,
    "m_pi": 0.1340273259596617,
    "k2mpi2": -0.09655655298306744,
    "kcot_mpi": -0.3010499075165489,
    "k2mpi2s": [
        -0.12238074611207467,
        -0.12129499398557646,
        -0.12020924185907825,
        -0.11912348973258004,
        -0.11803773760608183,
        -0.11695198547958362,
        -0.11586623335308541,
        -0.1147804812265872,
        -0.11369472910008899,
        -0.11260897697359078,
        -0.11152322484709257,
        -0.11043747272059434,
        -0.10935172059409615,
        -0.10826596846759792,
        -0.10718021634109971,
        -0.1060944642146015,
        -0.10500871208810329,
        -0.10392295996160508,
        -0.10283720783510687,
        -0.10175145570860866,
        -0.10066570358211045,
        -0.09957995145561224,
        -0.09849419932911403,
        -0.09740844720261582,
        -0.09632269507611761,
        -0.0952369429496194,
        -0.09415119082312119,
        -0.09306543869662298,
        -0.09197968657012477,
        -0.09089393444362656,
        -0.08980818231712834,
        -0.08872243019063014,
        -0.08763667806413192,
        -0.08655092593763372,
        -0.0854651738111355,
        -0.0843794216846373,
        -0.08329366955813908,
        -0.08220791743164088,
        -0.08112216530514266,
        -0.08003641317864445,
        -0.07895066105214624,
        -0.07786490892564803,
        -0.07677915679914982,
        -0.0756934046726516,
        -0.0746076525461534,
        -0.07352190041965519,
        -0.07243614829315698,
        -0.07135039616665877,
        -0.07026464404016056,
        -0.06917889191366235
    ],
    "kcot_mpis": [
        -0.33955907794106077,
        -0.33800775177882547,
        -0.33645084642285056,
        -0.3348883143864592,
        -0.33332010760500214,
        -0.3317461774260923,
        -0.33016647460142295,
        -0.32858094927697856,
        -0.3269895509827155,
        -0.3253922286243502,
        -0.32378893047267665,
        -0.32217960415450386,
        -0.32056419664025776,
        -0.31894265423569723,
        -0.31731492257158567,
        -0.3156809465903277,
        -0.3140406705377041,
        -0.3123940379492033,
        -0.3107409916416169,
        -0.30908147369768363,
        -0.30741542545709816,
        -0.3057427875032229,
        -0.3040634996506387,
        -0.3023775009325847,
        -0.300684729588703,
        -0.29898512305126546,
        -0.297278617930528,
        -0.2955651500047776,
        -0.2938446542017482,
        -0.2921170645892109,
        -0.29038231435508954,
        -0.28864033579813886,
        -0.2868910603085604,
        -0.2851344183547651,
        -0.28337033946743156,
        -0.28159875222270236,
        -0.27981958422695735,
        -0.27803276209870154,
        -0.27623821145217275,
        -0.27443585688028727,
        -0.27262562193641654,
        -0.27080742911668976,
        -0.26898119983971064,
        -0.2671468544308062,
        -0.265304312099771,
        -0.26345349092175474,
        -0.26159430781894644,
        -0.25972667853694387,
        -0.25785051762587397,
        -0.25596573841843256
    ],
    "k2mpi2_ref": [
        -0.8065565529830679,
        -0.7965565529830679,
        -0.7865565529830679,
        -0.7765565529830679,
        -0.7665565529830679,
        -0.7565565529830679,
        -0.7465565529830679,
        -0.7365565529830679,
        -0.7265565529830679,
        -0.7165565529830679,
        -0.7065565529830679,
        -0.6965565529830678,
        -0.6865565529830678,
        -0.6765565529830678,
        -0.6665565529830678,
        -0.6565565529830678,
        -0.6465565529830678,
        -0.6365565529830678,
        -0.6265565529830678,
        -0.6165565529830678,
        -0.6065565529830678,
        -0.5965565529830678,
        -0.5865565529830677,
        -0.5765565529830677,
        -0.5665565529830677,
        -0.5565565529830677,
        -0.5465565529830677,
        -0.5365565529830677,
        -0.5265565529830677,
        -0.5165565529830677,
        -0.5065565529830677,
        -0.4965565529830677,
        -0.4865565529830677,
        -0.4765565529830677,
        -0.4665565529830677,
        -0.4565565529830677,
        -0.4465565529830677,
        -0.43655655298306767,
        -0.42655655298306766,
        -0.41655655298306765,
        -0.40655655298306764,
        -0.39655655298306763,
        -0.3865565529830676,
        -0.3765565529830676,
        -0.3665565529830676,
        -0.3565565529830676,
        -0.3465565529830676,
        -0.3365565529830676,
        -0.32655655298306757,
        -0.31655655298306756,
        -0.30655655298306755,
        -0.29655655298306755,
        -0.28655655298306754,
        -0.2765565529830675,
        -0.2665565529830675,
        -0.2565565529830675,
        -0.24655655298306753,
        -0.23655655298306752,
        -0.2265565529830675,
        -0.2165565529830675,
        -0.2065565529830675,
        -0.19655655298306748,
        -0.18655655298306748,
        -0.17655655298306747,
        -0.16655655298306746,
        -0.15655655298306745,
        -0.14655655298306744,
        -0.13655655298306743,
        -0.12655655298306742,
        -0.11655655298306743,
        -0.10655655298306743,
        -0.09655655298306744,
        -0.08655655298306744,
        -0.07655655298306745,
        -0.06655655298306745,
        -0.05655655298306745,
        -0.04655655298306745,
        -0.036556552983067446,
        -0.026556552983067444,
        -0.016556552983067442,
        -0.006556552983067442,
        0.0034434470169325583,
        0.013443447016932559,
        0.02344344701693256,
        0.03344344701693256,
        0.04344344701693256,
        0.053443447016932565,
        0.06344344701693257,
        0.07344344701693256,
        0.08344344701693256,
        0.09344344701693255,
        0.10344344701693255,
        0.11344344701693254,
        0.12344344701693254,
        0.13344344701693253,
        0.14344344701693254,
        0.15344344701693255,
        0.16344344701693256,
        0.17344344701693257,
        0.18344344701693258,
        0.18844344701693258,
        0.19344344701693258,
        0.1984434470169326,
        0.2034434470169326,
        0.2059434470169326,
        0.2084434470169326,
        0.2109434470169326,
        0.2121934470169326,
        0.2134434470169326,
        0.2146934470169326,
        0.2159434470169326,
        0.2165684470169326,
        0.21719344701693258,
        0.21781844701693256,
        0.21844344701693255,
        0.21906844701693254,
        0.21969344701693252,
        0.2203184470169325,
        0.2209434470169325,
        0.2212559470169325,
        0.22156844701693248,
        0.22188094701693248,
        0.22219344701693247,
        0.22250594701693246,
        0.22281844701693246,
        0.22313094701693245,
        0.22344344701693244,
        0.22375594701693244,
        0.22406844701693243,
        0.22422469701693243,
        0.22438094701693242,
        0.22453719701693242,
        0.22469344701693242,
        0.22484969701693241,
        0.2250059470169324,
        0.2251621970169324,
        0.2253184470169324,
        0.2254746970169324,
        0.2256309470169324,
        0.2257871970169324,
        0.2259434470169324,
        0.2260996970169324
    ],