{
    "label": "N202",
    "frame": "P000",
    "level": 1,
    "L": 48,
    "lat_unit": 0.0642,
    "a_inv": 3.074,
    "m_B": 0.38061158100195186,
    "m_pi": 0.1340273259596617,
    "k2mpi2": 0.6399624610810939,
    "kcot_mpi": 0.5139874102650525,
    "k2mpi2s": [
        0.6070601864793795,
        0.6084462199535492,
        0.609832253427719,
        0.6112182869018886,
        0.6126043203760583,
        0.6139903538502279,
        0.6153763873243977,
        0.6167624207985674,
        0.618148454272737,
        0.6195344877469067,
        0.6209205212210764,
        0.6223065546952461,
        0.6236925881694158,
        0.6250786216435854,
        0.6264646551177552,
        0.6278506885919248,
        0.6292367220660945,
        0.6306227555402641,
        0.6320087890144339,
        0.6333948224886036,
        0.6347808559627732,
        0.636166889436943,
        0.6375529229111127,
        0.6389389563852823,
        0.640324989859452,
        0.6417110233336217,
        0.6430970568077914,
        0.644483090281961,
        0.6458691237561307,
        0.6472551572303005,
        0.6486411907044701,
        0.6500272241786398,
        0.6514132576528096,
        0.6527992911269792,
        0.6541853246011489,
        0.6555713580753185,
        0.6569573915494883,
        0.658343425023658,
        0.6597294584978276,
        0.6611154919719973,
        0.662501525446167,
        0.6638875589203367,
        0.6652735923945063,
        0.666659625868676,
        0.6680456593428458,
        0.6694316928170154,
        0.6708177262911851,
        0.6722037597653547,
        0.6735897932395245,
        0.6749758267136942
    ],
    "kcot_mpis": [
        0.3976843334454468,
        0.40224844314396696,
        0.4068394419434384,
        0.41145765925369354,
        0.4161034296014645,
        0.4207770928241346,
        0.4254789941372308,
        0.4302094842370698,
        0.4349689194555118,
        0.43975766184143783,
        0.44457607929574494,
        0.4494245456919811,
        0.4543034410029912,
        0.459213151433947,
        0.4641540695507185,
        0.46912659442700133,
        0.4741311317588889,
        0.4791680940376372,
        0.48423790068906586,
        0.48934097820510786,
        0.49447776031798135,
        0.4996486881804537,
        0.5048542104563994,
        0.5100947835714369,
        0.5153708718317218,
        0.5206829477453961,
        0.5260314915922856,
        0.5314169928112672,
        0.5368399489898156,
        0.5423008666723459,
        0.5478002614221164,
        0.5533386580435037,
        0.5589165907869429,
        0.5645346035742611,
        0.5701932502126297,
        0.5758930946292212,
        0.5816347111158836,
        0.5874186845835226,
        0.593245610738029,
        0.5991160964767627,
        0.6050307600166652,
        0.6109902312434211,
        0.6169951519676897,
        0.6230461762242385,
        0.6291439705535863,
        0.6352892143322227,
        0.6414826000593806,
        0.647724833688601,
        0.6540166349766227,
        0.6603587378433727
    ],
    "k2mpi2_ref": [
        0.07996246108109346,
        0.08996246108109346,
        0.09996246108109345,
        0.10996246108109345,
        0.11996246108109344,
        0.12996246108109344,
        0.13996246108109345,
        0.14996246108109346,
        0.15996246108109347,
        0.16996246108109347,
        0.17996246108109348,
        0.1899624610810935,
        0.1999624610810935,
        0.2099624610810935,
        0.21996246108109352,
        0.22996246108109353,
        0.23996246108109354,
        0.24996246108109355,
        0.25996246108109355,
        0.26996246108109356,
        0.27996246108109357,
        0.2899624610810936,
        0.2999624610810936,
        0.3099624610810936,
        0.3199624610810936,
        0.3299624610810936,
        0.3399624610810936,
        0.34996246108109363,
        0.35996246108109364,
        0.36996246108109365,
        0.37996246108109366,
        0.38996246108109367,
        0.3999624610810937,
        0.4099624610810937,
        0.4199624610810937,
        0.4299624610810937,
        0.4399624610810937,
        0.4499624610810937,
        0.45996246108109373,
        0.46996246108109374,
        0.47996246108109375,
        0.48996246108109376,
        0.49996246108109377,
        0.5099624610810938,
        0.5199624610810938,
        0.5299624610810938,
        0.5399624610810938,
        0.5499624610810938,
        0.5599624610810938,
        0.5699624610810938,
        0.5799624610810938,
        0.5899624610810938,
        0.5999624610810939,
        0.6099624610810939,
        0.6199624610810939,
        0.6299624610810939,
        0.6399624610810939,
        0.6499624610810939,
        0.6599624610810939,
        0.6699624610810939,
        0.6799624610810939,
        0.6899624610810939,
        0.699962461081094,
        0.709962461081094,
        0.719962461081094,
        0.729962461081094,
        0.739962461081094,
        0.749962461081094,
        0.759962461081094,
        0.769962461081094,
        0.779962461081094,
        0.789962461081094,
        0.799962461081094,
        0.809962461081094,
        0.819962461081094,
        0.8299624610810941,
        0.8399624610810941,
        0.8499624610810941,
        0.8599624610810941,
        0.8699624610810941,
        0.8799624610810941,
        0.8849624610810941,
        0.8899624610810941,
        0.8949624610810941,
        0.8999624610810941,
        0.9024624610810941,
        0.904962461081094,
        0.907462461081094,
        0.9099624610810939,
        0.9124624610810939,
        0.9149624610810938,
        0.9162124610810938,
        0.9174624610810937,
        0.9187124610810937,
        0.9199624610810937,
        0.9212124610810937,
        0.9224624610810936,
        0.9237124610810936,
        0.9249624610810936,
        0.9262124610810936,
        0.9274624610810935,
        0.9280874610810935,
        0.9287124610810935,
        0.9293374610810935,
        0.9299624610810935,
        0.9305874610810935,
        0.9312124610810935,
        0.9318374610810934,
        0.9324624610810934,
        0.9330874610810934,
        0.9337124610810934,
        0.9343374610810934,
        0.9349624610810934,
        0.9352749610810934,
        0.9355874610810935,
        0.9358999610810935,
        0.9362124610810936
    ],