{
    "label": "N202",
    "frame": "P111",
    "level": 1,
    "L": 48,
    "lat_unit": 0.0642,
    "a_inv": 3.074,
    "m_B": 0.38061158100195186,
    "m_pi": 0.1340273259596617,
    "k2mpi2": 0.613500370582966,
    "kcot_mpi": 3.895945077643233,
    "k2mpi2s": [
        0.6018859018847053,
        0.6023657020586537,
        0.602845502232602,
        0.6033253024065505,
        0.6038051025804989,
        0.6042849027544472,
        0.6047647029283957,
        0.6052445031023441,
        0.6057243032762925,
        0.6062041034502409,
        0.6066839036241893,
        0.6071637037981377,
        0.6076435039720861,
        0.6081233041460344,
        0.6086031043199829,
        0.6090829044939313,
        0.6095627046678797,
        0.6100425048418281,
        0.6105223050157765,
        0.6110021051897249,
        0.6114819053636733,
        0.6119617055376217,
        0.6124415057115701,
        0.6129213058855185,
        0.613401106059467,
        0.6138809062334153,
        0.6143607064073637,
        0.6148405065813122,
        0.6153203067552605,
        0.615800106929209,
        0.6162799071031574,
        0.6167597072771057,
        0.6172395074510542,
        0.6177193076250026,
        0.6181991077989509,
        0.6186789079728994,
        0.6191587081468477,
        0.6196385083207961,
        0.6201183084947446,
        0.6205981086686929,
        0.6210779088426414,
        0.6215577090165898,
        0.6220375091905381,
        0.6225173093644866,
        0.622997109538435,
        0.6234769097123833,
        0.6239567098863318,
        0.6244365100602802,
        0.6249163102342286,
        0.625396110408177
    ],
    "kcot_mpis": [
        3.361145951997888,
        3.380686538959641,
        3.400422307681728,
        3.4203562431951324,
        3.4404913917335884,
        3.4608308623056407,
        3.4813778283292054,
        3.502135529315079,
        3.523107272576521,
        3.544296435043461,
        3.565706465064225,
        3.587340884334295,
        3.609203289844949,
        3.6312973559088784,
        3.6536268362482787,
        3.6761955661568386,
        3.6990074647108098,
        3.722066537095927,
        3.745376876961758,
        3.7689426688921652,
        3.792768190931613,
        3.8168578172275427,
        3.841216020724995,
        3.865847375979319,
        3.8907565620744164,
        3.9159483655942893,
        3.9414276837384943,
        3.9671995275603065,
        3.9932690252668057,
        4.019641425671825,
        4.046322101755915,
        4.073316554383407,
        4.100630416098938,
        4.128269455109127,
        4.156239579391166,
        4.184546840949276,
        4.213197440243517,
        4.242197730686286,
        4.271554223568586,
        4.301273592816455,
        4.331362680181283,
        4.361828500538262,
        4.392678247388735,
        4.423919298604382,
        4.455559222337412,
        4.487605783227463,
        4.520066948800276,
        4.5529508961432565,
        4.586266018841041,
        4.6200209342038585
    ],
    "k2mpi2_ref": [
        -0.8064996294170349,
        -0.7964996294170349,
        -0.7864996294170349,
        -0.7764996294170349,
        -0.7664996294170349,
        -0.7564996294170349,
        -0.7464996294170348,
        -0.7364996294170348,
        -0.7264996294170348,
        -0.7164996294170348,
        -0.7064996294170348,
        -0.6964996294170348,
        -0.6864996294170348,
        -0.6764996294170348,
        -0.6664996294170348,
        -0.6564996294170348,
        -0.6464996294170348,
        -0.6364996294170348,
        -0.6264996294170347,
        -0.6164996294170347,
        -0.6064996294170347,
        -0.5964996294170347,
        -0.5864996294170347,
        -0.5764996294170347,
        -0.5664996294170347,
        -0.5564996294170347,
        -0.5464996294170347,
        -0.5364996294170347,
        -0.5264996294170347,
        -0.5164996294170346,
        -0.5064996294170346,
        -0.4964996294170347,
        -0.4864996294170347,
        -0.47649962941703466,
        -0.46649962941703466,
        -0.45649962941703465,
        -0.44649962941703464,
        -0.43649962941703463,
        -0.4264996294170346,
        -0.4164996294170346,
        -0.4064996294170346,
        -0.3964996294170346,
        -0.3864996294170346,
        -0.3764996294170346,
        -0.36649962941703457,
        -0.35649962941703456,
        -0.34649962941703455,
        -0.33649962941703454,
        -0.32649962941703453,
        -0.3164996294170345,
        -0.3064996294170345,
        -0.2964996294170345,
        -0.2864996294170345,
        -0.2764996294170345,
        -0.2664996294170345,
        -0.25649962941703447,
        -0.24649962941703446,
        -0.23649962941703445,
        -0.22649962941703444,
        -0.21649962941703443,
        -0.20649962941703442,
        -0.19649962941703442,
        -0.1864996294170344,
        -0.1764996294170344,
        -0.1664996294170344,
        -0.15649962941703438,
        -0.14649962941703437,
        -0.13649962941703436,
        -0.12649962941703435,
        -0.11649962941703436,
        -0.10649962941703436,
        -0.09649962941703437,
        -0.08649962941703437,
        -0.07649962941703438,
        -0.06649962941703438,
        -0.05649962941703438,
        -0.04649962941703438,
        -0.03649962941703438,
        -0.026499629417034376,
        -0.016499629417034374,
        -0.006499629417034374,
        0.0035003705829656263,
        0.013500370582965627,
        0.023500370582965627,
        0.03350037058296563,
        0.04350037058296563,
        0.05350037058296563,
        0.06350037058296563,
        0.07350037058296563,
        0.08350037058296562,
        0.09350037058296562,
        0.10350037058296561,
        0.11350037058296561,
        0.1235003705829656,
        0.1335003705829656,
        0.1435003705829656,
        0.15350037058296562,
        0.16350037058296563,
        0.17350037058296564,
        0.18350037058296564,
        0.19350037058296565,
        0.20350037058296566,
        0.21350037058296567,
        0.22350037058296568,
        0.2335003705829657,
        0.2435003705829657,
        0.2535003705829657,
        0.2635003705829657,
        0.2735003705829657,
        0.28350037058296573,
        0.29350037058296574,
        0.30350037058296575,
        0.31350037058296576,
        0.32350037058296577,
        0.3335003705829658,
        0.3435003705829658,
        0.3535003705829658,
        0.3635003705829658,
        0.3735003705829658,
        0.3835003705829658,
        0.39350037058296583,
        0.40350037058296584,
        0.41350037058296585,
        0.42350037058296586,
        0.43350037058296587,
        0.4435003705829659,
        0.4535003705829659,
        0.4635003705829659,
        0.4735003705829659,
        0.4835003705829659,
        0.4935003705829659,
        0.5035003705829659,
        0.5135003705829659,
        0.523500370582966,
        0.533500370582966,
        0.543500370582966,
        0.553500370582966,
        0.563500370582966,
        0.573500370582966,
        0.583500370582966,
        0.593500370582966,
        0.603500370582966,
        0.613500370582966,
        0.618500370582966,
        0.623500370582966,
        0.628500370582966,
        0.633500370582966
    ],