{
    "label": "N202",
    "frame": "P001",
    "level": 0,
    "L": 48,
    "lat_unit": 0.0642,
    "a_inv": 3.074,
    "m_B": 0.38061158100195186,
    "m_pi": 0.1340273259596617,
    "k2mpi2": -0.09655655298306744,
    "kcot_mpi": -0.3057346689888526,
    "k2mpi2s": [
        -0.12238074611207467,
        -0.12129499398557646,
        -0.12020924185907825,
        -0.11912348973258004,
        -0.11803773760608183,
        -0.11695198547958362,
        -0.11586623335308541,
        -0.1147804812265872,
        -0.11369472910008899,
        -0.11260897697359078,
        -0.11152322484709257,
        -0.11043747272059434,
        -0.10935172059409615,
        -0.10826596846759792,
        -0.10718021634109971,
        -0.1060944642146015,
        -0.10500871208810329,
        -0.10392295996160508,
        -0.10283720783510687,
        -0.10175145570860866,
        -0.10066570358211045,
        -0.09957995145561224,
        -0.09849419932911403,
        -0.09740844720261582,
        -0.09632269507611761,
        -0.0952369429496194,
        -0.09415119082312119,
        -0.09306543869662298,
        -0.09197968657012477,
        -0.09089393444362656,
        -0.08980818231712834,
        -0.08872243019063014,
        -0.08763667806413192,
        -0.08655092593763372,
        -0.0854651738111355,
        -0.0843794216846373,
        -0.08329366955813908,
        -0.08220791743164088,
        -0.08112216530514266,
        -0.08003641317864445,
        -0.07895066105214624,
        -0.07786490892564803,
        -0.07677915679914982,
        -0.0756934046726516,
        -0.0746076525461534,
        -0.07352190041965519,
        -0.07243614829315698,
        -0.07135039616665877,
        -0.07026464404016056,
        -0.06917889191366235
    ],
    "kcot_mpis": [
        -0.34349513248890334,
        -0.341971907820024,
        -0.3404433739348219,
        -0.33890948670070586,
        -0.337370201458842,
        -0.3358254730156244,
        -0.3342752556347935,
        -0.33271950302937175,
        -0.33115816835204104,
        -0.32959120418790805,
        -0.32801856254514505,
        -0.3264401948467255,
        -0.3248560519193278,
        -0.32326608398618856,
        -0.3216702406578174,
        -0.32006847092003327,
        -0.31846072312666396,
        -0.31684694498728794,
        -0.3152270835600936,
        -0.3136010852378146,
        -0.3119688957399966,
        -0.3103304601011651,
        -0.30868572265975847,
        -0.30703462704694057,
        -0.3053771161758287,
        -0.3037131322292472,
        -0.30204261664659576,
        -0.30036551011535323,
        -0.2986817525543105,
        -0.29699128310557765,
        -0.295294040116457,
        -0.29358996113191765,
        -0.29187898287680986,
        -0.2901610412445579,
        -0.2884360712829333,
        -0.2867040071793007,
        -0.2849647822470818,
        -0.28321832890987275,
        -0.2814645786868748,
        -0.27970346217803277,
        -0.2779349090478065,
        -0.27615884800983237,
        -0.27437520680860966,
        -0.27258391220630285,
        -0.27078488996259215,
        -0.26897806481807063,
        -0.26716336047836153,
        -0.2653406995930069,
        -0.26351000373911515,
        -0.26167119340206585
    ],
    "k2mpi2_ref": [
        -0.8065565529830679,
        -0.7965565529830679,
        -0.7865565529830679,
        -0.7765565529830679,
        -0.7665565529830679,
        -0.7565565529830679,
        -0.7465565529830679,
        -0.7365565529830679,
        -0.7265565529830679,
        -0.7165565529830679,
        -0.7065565529830679,
        -0.6965565529830678,
        -0.6865565529830678,
        -0.6765565529830678,
        -0.6665565529830678,
        -0.6565565529830678,
        -0.6465565529830678,
        -0.6365565529830678,
        -0.6265565529830678,
        -0.6165565529830678,
        -0.6065565529830678,
        -0.5965565529830678,
        -0.5865565529830677,
        -0.5765565529830677,
        -0.5665565529830677,
        -0.5565565529830677,
        -0.5465565529830677,
        -0.5365565529830677,
        -0.5265565529830677,
        -0.5165565529830677,
        -0.5065565529830677,
        -0.4965565529830677,
        -0.4865565529830677,
        -0.4765565529830677,
        -0.4665565529830677,
        -0.4565565529830677,
        -0.4465565529830677,
        -0.43655655298306767,
        -0.42655655298306766,
        -0.41655655298306765,
        -0.40655655298306764,
        -0.39655655298306763,
        -0.3865565529830676,
        -0.3765565529830676,
        -0.3665565529830676,
        -0.3565565529830676,
        -0.3465565529830676,
        -0.3365565529830676,
        -0.32655655298306757,
        -0.31655655298306756,
        -0.30655655298306755,
        -0.29655655298306755,
        -0.28655655298306754,
        -0.2765565529830675,
        -0.2665565529830675,
        -0.2565565529830675,
        -0.24655655298306753,
        -0.23655655298306752,
        -0.2265565529830675,
        -0.2165565529830675,
        -0.2065565529830675,
        -0.19655655298306748,
        -0.18655655298306748,
        -0.17655655298306747,
        -0.16655655298306746,
        -0.15655655298306745,
        -0.14655655298306744,
        -0.13655655298306743,
        -0.12655655298306742,
        -0.11655655298306743,
        -0.10655655298306743,
        -0.09655655298306744,
        -0.08655655298306744,
        -0.07655655298306745,
        -0.06655655298306745,
        -0.05655655298306745,
        -0.04655655298306745,
        -0.036556552983067446,
        -0.026556552983067444,
        -0.016556552983067442,
        -0.006556552983067442,
        0.0034434470169325583,
        0.013443447016932559,
        0.02344344701693256,
        0.03344344701693256,
        0.04344344701693256,
        0.053443447016932565,
        0.06344344701693257,
        0.07344344701693256,
        0.08344344701693256,
        0.09344344701693255,
        0.10344344701693255,
        0.11344344701693254,
        0.12344344701693254,
        0.13344344701693253,
        0.14344344701693254,
        0.15344344701693255,
        0.16344344701693256,
        0.17344344701693257,
        0.18344344701693258,
        0.19344344701693258,
        0.1984434470169326,
        0.2034434470169326,
        0.2084434470169326,
        0.2109434470169326,
        0.2134434470169326,
        0.2159434470169326,
        0.2171934470169326,
        0.2184434470169326,
        0.2196934470169326,
        0.2209434470169326
    ],