{
    "label": "N202",
    "frame": "P000",
    "level": 1,
    "L": 48,
    "lat_unit": 0.0642,
    "a_inv": 3.074,
    "m_B": 0.38061158100195186,
    "m_pi": 0.1340273259596617,
    "k2mpi2": 0.6399624610810939,
    "kcot_mpi": 0.5139874102650525,
    "k2mpi2s": [
        0.6070601864793795,
        0.6084462199535492,
        0.609832253427719,
        0.6112182869018886,
        0.6126043203760583,
        0.6139903538502279,
        0.6153763873243977,
        0.6167624207985674,
        0.618148454272737,
        0.6195344877469067,
        0.6209205212210764,
        0.6223065546952461,
        0.6236925881694158,
        0.6250786216435854,
        0.6264646551177552,
        0.6278506885919248,
        0.6292367220660945,
        0.6306227555402641,
        0.6320087890144339,
        0.6333948224886036,
        0.6347808559627732,
        0.636166889436943,
        0.6375529229111127,
        0.6389389563852823,
        0.640324989859452,
        0.6417110233336217,
        0.6430970568077914,
        0.644483090281961,
        0.6458691237561307,
        0.6472551572303005,
        0.6486411907044701,
        0.6500272241786398,
        0.6514132576528096,
        0.6527992911269792,
        0.6541853246011489,
        0.6555713580753185,
        0.6569573915494883,
        0.658343425023658,
        0.6597294584978276,
        0.6611154919719973,
        0.662501525446167,
        0.6638875589203367,
        0.6652735923945063,
        0.666659625868676,
        0.6680456593428458,
        0.6694316928170154,
        0.6708177262911851,
        0.6722037597653547,
        0.6735897932395245,
        0.6749758267136942
    ],
    "kcot_mpis": [
        0.3976843334454468,
        0.40224844314396696,
        0.4068394419434384,
        0.41145765925369354,
        0.4161034296014645,
        0.4207770928241346,
        0.4254789941372308,
        0.4302094842370698,
        0.4349689194555118,
        0.43975766184143783,
        0.44457607929574494,
        0.4494245456919811,
        0.4543034410029912,
        0.459213151433947,
        0.4641540695507185,
        0.46912659442700133,
        0.4741311317588889,
        0.4791680940376372,
        0.48423790068906586,
        0.48934097820510786,
        0.49447776031798135,
        0.4996486881804537,
        0.5048542104563994,
        0.5100947835714369,
        0.5153708718317218,
        0.5206829477453961,
        0.5260314915922856,
        0.5314169928112672,
        0.5368399489898156,
        0.5423008666723459,
        0.5478002614221164,
        0.5533386580435037,
        0.5589165907869429,
        0.5645346035742611,
        0.5701932502126297,
        0.5758930946292212,
        0.5816347111158836,
        0.5874186845835226,
        0.593245610738029,
        0.5991160964767627,
        0.6050307600166652,
        0.6109902312434211,
        0.6169951519676897,
        0.6230461762242385,
        0.6291439705535863,
        0.6352892143322227,
        0.6414826000593806,
        0.647724833688601,
        0.6540166349766227,
        0.6603587378433727
    ],
    "k2mpi2_ref": [
        0.07996246108109346,
        0.08996246108109346,
        0.09996246108109345,
        0.10996246108109345,
        0.11996246108109344,
        0.12996246108109344,
        0.13996246108109345,
        0.14996246108109346,
        0.15996246108109347,
        0.16996246108109347,
        0.17996246108109348,
        0.1899624610810935,
        0.1999624610810935,
        0.2099624610810935,
        0.21996246108109352,
        0.22996246108109353,
        0.23996246108109354,
        0.24996246108109355,
        0.25996246108109355,
        0.26996246108109356,
        0.27996246108109357,
        0.2899624610810936,
        0.2999624610810936,
        0.3099624610810936,
        0.3199624610810936,
        0.3299624610810936,
        0.3399624610810936,
        0.34996246108109363,
        0.35996246108109364,
        0.36996246108109365,
        0.37996246108109366,
        0.38996246108109367,
        0.3999624610810937,
        0.4099624610810937,
        0.4199624610810937,
        0.4299624610810937,
        0.4399624610810937,
        0.4499624610810937,
        0.45996246108109373,
        0.46996246108109374,
        0.47996246108109375,
        0.48996246108109376,
        0.49996246108109377,
        0.5099624610810938,
        0.5199624610810938,
        0.5299624610810938,
        0.5399624610810938,
        0.5499624610810938,
        0.5599624610810938,
        0.5699624610810938,
        0.5799624610810938,
        0.5899624610810938,
        0.5999624610810939,
        0.6099624610810939,
        0.6199624610810939,
        0.6299624610810939,
        0.6399624610810939,
        0.6499624610810939,
        0.6599624610810939,
        0.6699624610810939,
        0.6799624610810939,
        0.6899624610810939,
        0.699962461081094,
        0.709962461081094,
        0.719962461081094,
        0.729962461081094,
        0.739962461081094,
        0.749962461081094,
        0.759962461081094,
        0.769962461081094,
        0.779962461081094,
        0.789962461081094,
        0.799962461081094,
        0.809962461081094,
        0.819962461081094,
        0.8299624610810941,
        0.8399624610810941,
        0.8499624610810941,
        0.8599624610810941,
        0.8699624610810941,
        0.8799624610810941,
        0.8849624610810941,
        0.8899624610810941,
        0.8949624610810941,
        0.8999624610810941
    ],
    "kcot_mpi_ref": [
        -0.959547774612046,
        -0.8844911983810742,
        -0.8224440537986957,
        -0.7698216296132059,
        -0.7242331634709295,
        -0.6840224281962222,
        -0.6480052577967288,
        -0.6153120846290113,
        -0.5852895341598798,
        -0.5574367537248989,
        -0.5313629643805069,
        -0.5067584148294019,
        -0.483374045377201,
        -0.46100695753252785,
        -0.43948984121414436,
        -0.41868315431230846,
        -0.3984692511405489,
        -0.37874791337901065,
        -0.35943290521255195,
        -0.3404492863562558,
        -0.3217312927397477,
        -0.3032206469400159,
        -0.2848651971978054,
        -0.26661780983252903,
        -0.24843545852453155,
        -0.230278467562313,
        -0.21210987604209727,
        -0.19389489742753954,
        -0.17560045436549845,
        -0.15719477279277094,
        -0.13864702251051206,
        -0.11992699374031841,
        -0.1010048010144633,
        -0.08185060706493257,
        -0.06243436041013744,
        -0.04272554103841355,
        -0.022692909153586096,
        -0.0023042521616038008,
        0.018473874656984756,
        0.039676418436798026,
        0.061340114733485246,
        0.08350379430301097,
        0.1062087161720521,
        0.12949893313062463,
        0.1534216965955582,
        0.17802790884227743,
        0.20337263192670335,
        0.2295156642434369,
        0.25652219776146773,
        0.2844635715147146,
        0.3134181401564622,
        0.34347228038849403,
        0.37472156316766597,
        0.40727212596969126,
        0.4412422875295582,
        0.47676445792469685,
        0.5139874102650525,
        0.5530789974052733,
        0.5942294207242326,
        0.6376551861162264,
        0.6836039243856985,
        0.7323603047311791,
        0.7842533431928668,
        0.8396655065340675,
        0.8990441490687299,
        0.9629160118694986,
        1.0319057866617,
        1.1067601400810667,
        1.1883791690568724,
        1.2778581164644662,
        1.376543476531508,
        1.4861096355672816,
        1.608665387694119,
        1.746904857289052,
        1.9043260410909235,
        2.085555170083492,
        2.2968419191304346,
        2.5468405570841472,
        2.8478901745730365,
        3.218210330807903,
        3.6858791043822396,
        3.9694496375268296,
        4.296545781146211,
        4.678243455058981,
        5.129727408703178
    ],