{
    "label": "N202",
    "frame": "P002",
    "level": 0,
    "L": 48,
    "lat_unit": 0.0642,
    "a_inv": 3.074,
    "m_B": 0.38061158100195186,
    "m_pi": 0.1340273259596617,
    "k2mpi2": -0.2053240362592168,
    "kcot_mpi": -0.3776024265454735,
    "k2mpi2s": [
        -0.22407099448755596,
        -0.22328230082017442,
        -0.22249360715279287,
        -0.22170491348541133,
        -0.2209162198180298,
        -0.22012752615064826,
        -0.21933883248326672,
        -0.21855013881588517,
        -0.21776144514850362,
        -0.21697275148112208,
        -0.21618405781374056,
        -0.21539536414635901,
        -0.21460667047897747,
        -0.21381797681159592,
        -0.21302928314421438,
        -0.21224058947683283,
        -0.2114518958094513,
        -0.21066320214206977,
        -0.20987450847468822,
        -0.20908581480730667,
        -0.20829712113992513,
        -0.2075084274725436,
        -0.20671973380516206,
        -0.20593104013778052,
        -0.20514234647039897,
        -0.20435365280301743,
        -0.20356495913563588,
        -0.20277626546825434,
        -0.20198757180087282,
        -0.20119887813349127,
        -0.20041018446610973,
        -0.19962149079872818,
        -0.19883279713134663,
        -0.1980441034639651,
        -0.19725540979658357,
        -0.19646671612920202,
        -0.19567802246182048,
        -0.19488932879443893,
        -0.19410063512705739,
        -0.19331194145967584,
        -0.1925232477922943,
        -0.19173455412491278,
        -0.19094586045753123,
        -0.19015716679014968,
        -0.18936847312276814,
        -0.18857977945538662,
        -0.18779108578800507,
        -0.18700239212062353,
        -0.18621369845324198,
        -0.18542500478586044
    ],
    "kcot_mpis": [
        -0.40915703686959565,
        -0.4078951545819774,
        -0.4066279284948399,
        -0.40535530479366316,
        -0.4040772289020093,
        -0.4027936454675872,
        -0.40150449834919,
        -0.40020973060429227,
        -0.39890928446914703,
        -0.3976031013485205,
        -0.3962911217992595,
        -0.3949732855177239,
        -0.3936495313152527,
        -0.39231979711203224,
        -0.39098401991429677,
        -0.389642135800305,
        -0.3882940799015528,
        -0.3869397863860476,
        -0.3855791884456984,
        -0.3842122182478428,
        -0.382838806973333,
        -0.38145888474690803,
        -0.38007238063557125,
        -0.3786792226288475,
        -0.3772793376169545,
        -0.3758726513678014,
        -0.37445908851011844,
        -0.3730385725052714,
        -0.3716110256281218,
        -0.37017636894289707,
        -0.3687345222802652,
        -0.3672854042100359,
        -0.3658289320209767,
        -0.3643650216907761,
        -0.3628935878632579,
        -0.36141454381875754,
        -0.3599278014487156,
        -0.3584332712268365,
        -0.3569308621802383,
        -0.35542048186065317,
        -0.35390203631352646,
        -0.35237543004687055,
        -0.35084056600034436,
        -0.34929734551212227,
        -0.3477456682865023,
        -0.3461854323579058,
        -0.34461653405785786,
        -0.34303886797769184,
        -0.3414523269330798,
        -0.3398568019247631
    ],
    "k2mpi2_ref": [
        -0.8053240362592173,
        -0.7953240362592173,
        -0.7853240362592173,
        -0.7753240362592173,
        -0.7653240362592173,
        -0.7553240362592173,
        -0.7453240362592173,
        -0.7353240362592173,
        -0.7253240362592173,
        -0.7153240362592173,
        -0.7053240362592172,
        -0.6953240362592172,
        -0.6853240362592172,
        -0.6753240362592172,
        -0.6653240362592172,
        -0.6553240362592172,
        -0.6453240362592172,
        -0.6353240362592172,
        -0.6253240362592172,
        -0.6153240362592172,
        -0.6053240362592172,
        -0.5953240362592171,
        -0.5853240362592171,
        -0.5753240362592171,
        -0.5653240362592171,
        -0.5553240362592171,
        -0.5453240362592171,
        -0.5353240362592171,
        -0.5253240362592171,
        -0.5153240362592171,
        -0.5053240362592171,
        -0.49532403625921706,
        -0.48532403625921705,
        -0.47532403625921704,
        -0.46532403625921703,
        -0.455324036259217,
        -0.445324036259217,
        -0.435324036259217,
        -0.425324036259217,
        -0.415324036259217,
        -0.405324036259217,
        -0.39532403625921697,
        -0.38532403625921696,
        -0.37532403625921695,
        -0.36532403625921694,
        -0.35532403625921694,
        -0.3453240362592169,
        -0.3353240362592169,
        -0.3253240362592169,
        -0.3153240362592169,
        -0.3053240362592169,
        -0.2953240362592169,
        -0.2853240362592169,
        -0.27532403625921686,
        -0.26532403625921686,
        -0.25532403625921685,
        -0.24532403625921684,
        -0.23532403625921683,
        -0.22532403625921682,
        -0.2153240362592168,
        -0.2053240362592168,
        -0.1953240362592168,
        -0.18532403625921678,
        -0.17532403625921678,
        -0.16532403625921677,
        -0.15532403625921676,
        -0.14532403625921675,
        -0.13532403625921674,
        -0.12532403625921673,
        -0.11532403625921674,
        -0.10532403625921674,
        -0.09532403625921675,
        -0.08532403625921675,
        -0.07532403625921676,
        -0.06532403625921676,
        -0.05532403625921676,
        -0.04532403625921676,
        -0.035324036259216755,
        -0.030324036259216754,
        -0.025324036259216753,
        -0.020324036259216752,
        -0.017824036259216754,
        -0.015324036259216753,
        -0.014074036259216754,
        -0.012824036259216754,
        -0.011574036259216755,
        -0.010324036259216756,
        -0.009699036259216755,
        -0.009074036259216755,
        -0.008449036259216754,
        -0.007824036259216753,
        -0.007199036259216754,
        -0.0068865362592167535,
        -0.006574036259216753,
        -0.006261536259216753,
        -0.005949036259216753,
        -0.005636536259216752,
        -0.005324036259216752,
        -0.005167786259216752,
        -0.005011536259216752,
        -0.004855286259216752,
        -0.0046990362592167515,
        -0.004542786259216751,
        -0.004386536259216751,
        -0.004230286259216751,
        -0.004074036259216751,
        -0.003917786259216751,
        -0.0037615362592167507,
        -0.0036834112592167506,
        -0.0036052862592167506,
        -0.0035271612592167505,
        -0.0034490362592167504,
        -0.0033709112592167504,
        -0.0032927862592167503,
        -0.0032146612592167502,
        -0.00313653625921675,
        -0.00305841125921675,
        -0.00298028625921675,
        -0.00290216125921675,
        -0.00282403625921675,
        -0.00274591125921675,
        -0.0026677862592167497
    ],