{
    "label": "N300",
    "frame": "P002",
    "level": 0,
    "L": 48,
    "lat_unit": 0.0498,
    "a_inv": 3.962,
    "m_B": 0.30035335689045933,
    "m_pi": 0.10651186269560828,
    "k2mpi2": -0.2856264480981009,
    "kcot_mpi": -0.4199005554194758,
    "k2mpi2s": [
        -0.31049277934439756,
        -0.30948457473368274,
        -0.3084763701229679,
        -0.3074681655122531,
        -0.30645996090153826,
        -0.30545175629082344,
        -0.3044435516801086,
        -0.3034353470693938,
        -0.30242714245867897,
        -0.30141893784796414,
        -0.3004107332372493,
        -0.2994025286265345,
        -0.29839432401581967,
        -0.29738611940510484,
        -0.29637791479439,
        -0.2953697101836752,
        -0.29436150557296037,
        -0.29335330096224554,
        -0.2923450963515307,
        -0.2913368917408159,
        -0.29032868713010107,
        -0.28932048251938625,
        -0.2883122779086714,
        -0.2873040732979566,
        -0.2862958686872418,
        -0.28528766407652695,
        -0.2842794594658121,
        -0.2832712548550973,
        -0.2822630502443825,
        -0.28125484563366765,
        -0.2802466410229528,
        -0.279238436412238,
        -0.2782302318015232,
        -0.27722202719080835,
        -0.2762138225800935,
        -0.2752056179693787,
        -0.2741974133586639,
        -0.27318920874794905,
        -0.27218100413723423,
        -0.2711727995265194,
        -0.2701645949158046,
        -0.26915639030508975,
        -0.26814818569437493,
        -0.2671399810836601,
        -0.2661317764729453,
        -0.26512357186223046,
        -0.26411536725151563,
        -0.2631071626408008,
        -0.262098958030086,
        -0.26109075341937116
    ],
    "kcot_mpis": [
        -0.45858727950332456,
        -0.45709807320917867,
        -0.4556026372263793,
        -0.4541009129545393,
        -0.4525928410260765,
        -0.45107836129557216,
        -0.44955741282492756,
        -0.4480299338719234,
        -0.44649586187533624,
        -0.444955133442566,
        -0.4434076843344042,
        -0.44185344945204763,
        -0.4402923628215195,
        -0.4387243575794286,
        -0.4371493659583548,
        -0.43556731926987996,
        -0.4339781478902393,
        -0.43238178124359794,
        -0.43077814778659274,
        -0.42916717498951085,
        -0.4275487893229775,
        -0.42592291623428474,
        -0.42428948013726886,
        -0.4226484043873617,
        -0.42099961126744856,
        -0.4193430219668744,
        -0.41767855656263103,
        -0.41600613399904707,
        -0.4143256720689706,
        -0.41263708739106264,
        -0.41094029539080945,
        -0.4092352102774439,
        -0.4075217450219929,
        -0.4057998113377458,
        -0.40406931965057075,
        -0.4023301790823644,
        -0.40058229742438106,
        -0.3988255811073069,
        -0.39705993520601196,
        -0.39528526334808367,
        -0.39350146775852957,
        -0.39170844919578657,
        -0.3899061069311509,
        -0.3880943387229424,
        -0.3862730407849707,
        -0.384442107759489,
        -0.3826014326863303,
        -0.38075090697161823,
        -0.378890420357846,
        -0.3770198608899941
    ],
    "k2mpi2_ref": [
        -0.8056264480981014,
        -0.7956264480981013,
        -0.7856264480981013,
        -0.7756264480981013,
        -0.7656264480981013,
        -0.7556264480981013,
        -0.7456264480981013,
        -0.7356264480981013,
        -0.7256264480981013,
        -0.7156264480981013,
        -0.7056264480981013,
        -0.6956264480981013,
        -0.6856264480981012,
        -0.6756264480981012,
        -0.6656264480981012,
        -0.6556264480981012,
        -0.6456264480981012,
        -0.6356264480981012,
        -0.6256264480981012,
        -0.6156264480981012,
        -0.6056264480981012,
        -0.5956264480981012,
        -0.5856264480981012,
        -0.5756264480981012,
        -0.5656264480981011,
        -0.5556264480981011,
        -0.5456264480981011,
        -0.5356264480981011,
        -0.5256264480981011,
        -0.5156264480981011,
        -0.5056264480981011,
        -0.4956264480981011,
        -0.48562644809810107,
        -0.47562644809810106,
        -0.46562644809810105,
        -0.45562644809810104,
        -0.44562644809810104,
        -0.435626448098101,
        -0.425626448098101,
        -0.415626448098101,
        -0.405626448098101,
        -0.395626448098101,
        -0.385626448098101,
        -0.375626448098101,
        -0.36562644809810096,
        -0.35562644809810096,
        -0.34562644809810095,
        -0.33562644809810094,
        -0.32562644809810093,
        -0.3156264480981009,
        -0.3056264480981009,
        -0.2956264480981009,
        -0.2856264480981009,
        -0.2756264480981009,
        -0.2656264480981009,
        -0.25562644809810087,
        -0.24562644809810086,
        -0.23562644809810085,
        -0.22562644809810084,
        -0.21562644809810083,
        -0.20562644809810082,
        -0.1956264480981008,
        -0.1856264480981008,
        -0.1756264480981008,
        -0.1656264480981008,
        -0.15562644809810078,
        -0.14562644809810077,
        -0.13562644809810076,
        -0.12562644809810075,
        -0.11562644809810076,
        -0.10562644809810076,
        -0.09562644809810077,
        -0.08562644809810077,
        -0.07562644809810078,
        -0.06562644809810078,
        -0.05562644809810078,
        -0.04562644809810078,
        -0.04062644809810078,
        -0.03562644809810078,
        -0.03062644809810078,
        -0.028126448098100783,
        -0.025626448098100784,
        -0.023126448098100785,
        -0.020626448098100787,
        -0.019376448098100785,
        -0.018126448098100784,
        -0.016876448098100783,
        -0.015626448098100782,
        -0.014376448098100783,
        -0.013751448098100782,
        -0.013126448098100782,
        -0.012501448098100781,
        -0.01187644809810078,
        -0.01125144809810078,
        -0.01062644809810078,
        -0.010313948098100779,
        -0.010001448098100779,
        -0.009688948098100779,
        -0.009376448098100778,
        -0.009063948098100778,
        -0.008751448098100778,
        -0.008438948098100777,
        -0.008126448098100777,
        -0.007813948098100777,
        -0.007501448098100777,
        -0.007188948098100776,
        -0.007032698098100776,
        -0.006876448098100776,
        -0.006720198098100776,
        -0.006563948098100776,
        -0.006407698098100776,
        -0.0062514480981007755,
        -0.006095198098100775,
        -0.005938948098100775,
        -0.005782698098100775,
        -0.005626448098100775,
        -0.005470198098100775,
        -0.005313948098100775,
        -0.0051576980981007745
    ],