{
    "label": "N300",
    "frame": "P000",
    "level": 1,
    "L": 48,
    "lat_unit": 0.0498,
    "a_inv": 3.962,
    "m_B": 0.30035335689045933,
    "m_pi": 0.10651186269560828,
    "k2mpi2": 1.2406534329303613,
    "kcot_mpi": 1.7797401967188022,
    "k2mpi2s": [
        1.2084749354325188,
        1.2097518850300029,
        1.211028834627487,
        1.212305784224971,
        1.2135827338224547,
        1.2148596834199388,
        1.2161366330174228,
        1.2174135826149068,
        1.2186905322123909,
        1.219967481809875,
        1.221244431407359,
        1.2225213810048428,
        1.2237983306023268,
        1.2250752801998108,
        1.2263522297972949,
        1.227629179394779,
        1.228906128992263,
        1.230183078589747,
        1.2314600281872308,
        1.2327369777847148,
        1.2340139273821988,
        1.2352908769796829,
        1.236567826577167,
        1.237844776174651,
        1.239121725772135,
        1.2403986753696188,
        1.2416756249671028,
        1.2429525745645869,
        1.2442295241620709,
        1.245506473759555,
        1.246783423357039,
        1.248060372954523,
        1.2493373225520068,
        1.2506142721494908,
        1.2518912217469749,
        1.253168171344459,
        1.254445120941943,
        1.255722070539427,
        1.256999020136911,
        1.2582759697343948,
        1.2595529193318789,
        1.2608298689293629,
        1.262106818526847,
        1.263383768124331,
        1.264660717721815,
        1.265937667319299,
        1.2672146169167828,
        1.2684915665142669,
        1.269768516111751,
        1.271045465709235
    ],
    "kcot_mpis": [
        1.5308375614348115,
        1.5397978402228811,
        1.548826450661425,
        1.5579242653328578,
        1.5670921717822615,
        1.5763310728512383,
        1.5856418870535913,
        1.5950255488538572,
        1.6044830090714317,
        1.6140152352062835,
        1.6236232118124918,
        1.6333079408889075,
        1.643070442269294,
        1.6529117539933025,
        1.6628329327269054,
        1.6728350542538513,
        1.6829192137826738,
        1.6930865264301,
        1.7033381277847468,
        1.7136751742417302,
        1.724098843547249,
        1.7346103352714022,
        1.745210871336594,
        1.755901696536491,
        1.766684079039608,
        1.7775593110293177,
        1.7885287091411666,
        1.7995936151999739,
        1.8107553967006154,
        1.8220154474889516,
        1.8333751883756981,
        1.8448360678093851,
        1.8563995625443033,
        1.8680671783278682,
        1.8798404506322917,
        1.8917209454034312,
        1.90371025975912,
        1.91581002285237,
        1.9280218966254894,
        1.9403475766654905,
        1.9527887930423056,
        1.9653473111925572,
        1.978024932858914,
        1.9908234970036764,
        2.0037448807579232,
        2.0167910004212257,
        2.029963812575292,
        2.0432653150249394,
        2.0566975479635556,
        2.070262595085263
    ],
    "k2mpi2_ref": [
        0.1906534329303604,
        0.20065343293036042,
        0.21065343293036043,
        0.22065343293036044,
        0.23065343293036045,
        0.24065343293036046,
        0.25065343293036046,
        0.2606534329303605,
        0.2706534329303605,
        0.2806534329303605,
        0.2906534329303605,
        0.3006534329303605,
        0.3106534329303605,
        0.3206534329303605,
        0.33065343293036054,
        0.34065343293036054,
        0.35065343293036055,
        0.36065343293036056,
        0.37065343293036057,
        0.3806534329303606,
        0.3906534329303606,
        0.4006534329303606,
        0.4106534329303606,
        0.4206534329303606,
        0.4306534329303606,
        0.44065343293036063,
        0.45065343293036064,
        0.46065343293036065,
        0.47065343293036066,
        0.48065343293036067,
        0.4906534329303607,
        0.5006534329303607,
        0.5106534329303607,
        0.5206534329303607,
        0.5306534329303607,
        0.5406534329303607,
        0.5506534329303607,
        0.5606534329303607,
        0.5706534329303607,
        0.5806534329303608,
        0.5906534329303608,
        0.6006534329303608,
        0.6106534329303608,
        0.6206534329303608,
        0.6306534329303608,
        0.6406534329303608,
        0.6506534329303608,
        0.6606534329303608,
        0.6706534329303608,
        0.6806534329303608,
        0.6906534329303609,
        0.7006534329303609,
        0.7106534329303609,
        0.7206534329303609,
        0.7306534329303609,
        0.7406534329303609,
        0.7506534329303609,
        0.7606534329303609,
        0.7706534329303609,
        0.7806534329303609,
        0.7906534329303609,
        0.800653432930361,
        0.810653432930361,
        0.820653432930361,
        0.830653432930361,
        0.840653432930361,
        0.850653432930361,
        0.860653432930361,
        0.870653432930361,
        0.880653432930361,
        0.890653432930361,
        0.900653432930361,
        0.910653432930361,
        0.9206534329303611,
        0.9306534329303611,
        0.9406534329303611,
        0.9506534329303611,
        0.9606534329303611,
        0.9706534329303611,
        0.9806534329303611,
        0.9906534329303611,
        1.0006534329303611,
        1.0106534329303611,
        1.0206534329303611,
        1.0306534329303612,
        1.0406534329303612,
        1.0506534329303612,
        1.0606534329303612,
        1.0706534329303612,
        1.0806534329303612,
        1.0906534329303612,
        1.1006534329303612,
        1.1106534329303612,
        1.1206534329303612,
        1.1306534329303612,
        1.1406534329303613,
        1.1506534329303613,
        1.1606534329303613,
        1.1706534329303613,
        1.1806534329303613,
        1.1906534329303613,
        1.2006534329303613,
        1.2106534329303613,
        1.2206534329303613,
        1.2306534329303613,
        1.2406534329303613,
        1.2506534329303614,
        1.2606534329303614,
        1.2706534329303614,
        1.2806534329303614,
        1.2906534329303614,
        1.3006534329303614,
        1.3106534329303614,
        1.3206534329303614,
        1.3306534329303614,
        1.3406534329303614,
        1.3506534329303614,
        1.3606534329303615,
        1.3706534329303615,
        1.3806534329303615,
        1.3906534329303615,
        1.4006534329303615,
        1.4056534329303614,
        1.4106534329303613,
        1.4156534329303612,
        1.420653432930361,
        1.425653432930361,
        1.4306534329303608,
        1.4356534329303607,
        1.4381534329303607,
        1.4406534329303606,
        1.4431534329303606,
        1.4456534329303605,
        1.4481534329303605,
        1.4506534329303604,
        1.4531534329303604,
        1.4556534329303603,
        1.4581534329303603,
        1.4594034329303602,
        1.4606534329303602,
        1.4619034329303602,
        1.4631534329303602,
        1.4644034329303601,
        1.46565343293036,
        1.46690343293036,
        1.46815343293036,
        1.46940343293036,
        1.47065343293036,
        1.47190343293036,
        1.47315343293036,
        1.47377843293036,
        1.4744034329303601,
        1.4750284329303602,
        1.4756534329303603
    ],