{
    "label": "N300",
    "frame": "P011",
    "level": 1,
    "L": 48,
    "lat_unit": 0.0498,
    "a_inv": 3.962,
    "m_B": 0.30035335689045933,
    "m_pi": 0.10651186269560828,
    "k2mpi2": 0.6472422065232211,
    "kcot_mpi": 2.967285841654642,
    "k2mpi2s": [
        0.6310129253915983,
        0.63164768179812,
        0.6322824382046419,
        0.6329171946111637,
        0.6335519510176855,
        0.6341867074242074,
        0.6348214638307291,
        0.635456220237251,
        0.6360909766437728,
        0.6367257330502946,
        0.6373604894568164,
        0.6379952458633382,
        0.63863000226986,
        0.6392647586763819,
        0.6398995150829037,
        0.6405342714894255,
        0.6411690278959473,
        0.6418037843024691,
        0.642438540708991,
        0.6430732971155128,
        0.6437080535220345,
        0.6443428099285564,
        0.6449775663350782,
        0.6456123227416,
        0.6462470791481219,
        0.6468818355546436,
        0.6475165919611655,
        0.6481513483676873,
        0.6487861047742091,
        0.649420861180731,
        0.6500556175872527,
        0.6506903739937745,
        0.6513251304002964,
        0.6519598868068182,
        0.65259464321334,
        0.6532293996198618,
        0.6538641560263836,
        0.6544989124329055,
        0.6551336688394273,
        0.655768425245949,
        0.6564031816524709,
        0.6570379380589927,
        0.6576726944655145,
        0.6583074508720363,
        0.6589422072785581,
        0.65957696368508,
        0.6602117200916018,
        0.6608464764981236,
        0.6614812329046454,
        0.6621159893111672
    ],
    "kcot_mpis": [
        2.5184166437888678,
        2.5338129074760145,
        2.5493636186119963,
        2.565071179674354,
        2.580938043288403,
        2.5969667135410974,
        2.6131597473411134,
        2.6295197558153873,
        2.64604940575729,
        2.6627514211160093,
        2.679628584539899,
        2.6966837389539506,
        2.71391978922336,
        2.7313397038289238,
        2.7489465166261864,
        2.7667433286581695,
        2.7847333100192673,
        2.8029197017932685,
        2.8213058180496122,
        2.839895047910226,
        2.8586908576851386,
        2.877696793084229,
        2.896916481503888,
        2.9163536343914194,
        2.936012049695253,
        2.9558956143997417,
        2.9760083071497863,
        2.996354200967967,
        3.0169374660712993,
        3.03776237278739,
        3.0588332945755043,
        3.0801547111607963,
        3.101731211781247,
        3.123567498555262,
        3.145668389969267,
        3.1680388245112145,
        3.1906838644176014,
        3.213608699580286,
        3.2368186515967365,
        3.260319177972234,
        3.2841158764881606,
        3.3082144897367,
        3.3326209098362773,
        3.357341183328573,
        3.382381516272741,
        3.407748279539399,
        3.4334480143190684,
        3.4594874378519136,
        3.48587344939186,
        3.5126131364137136
    ],
    "k2mpi2_ref": [
        -0.8027577934767799,
        -0.7927577934767799,
        -0.7827577934767799,
        -0.7727577934767799,
        -0.7627577934767799,
        -0.7527577934767798,
        -0.7427577934767798,
        -0.7327577934767798,
        -0.7227577934767798,
        -0.7127577934767798,
        -0.7027577934767798,
        -0.6927577934767798,
        -0.6827577934767798,
        -0.6727577934767798,
        -0.6627577934767798,
        -0.6527577934767798,
        -0.6427577934767797,
        -0.6327577934767797,
        -0.6227577934767797,
        -0.6127577934767797,
        -0.6027577934767797,
        -0.5927577934767797,
        -0.5827577934767797,
        -0.5727577934767797,
        -0.5627577934767797,
        -0.5527577934767797,
        -0.5427577934767797,
        -0.5327577934767797,
        -0.5227577934767796,
        -0.5127577934767796,
        -0.5027577934767796,
        -0.49275779347677967,
        -0.48275779347677966,
        -0.47275779347677965,
        -0.46275779347677964,
        -0.45275779347677964,
        -0.4427577934767796,
        -0.4327577934767796,
        -0.4227577934767796,
        -0.4127577934767796,
        -0.4027577934767796,
        -0.3927577934767796,
        -0.3827577934767796,
        -0.37275779347677956,
        -0.36275779347677956,
        -0.35275779347677955,
        -0.34275779347677954,
        -0.33275779347677953,
        -0.3227577934767795,
        -0.3127577934767795,
        -0.3027577934767795,
        -0.2927577934767795,
        -0.2827577934767795,
        -0.2727577934767795,
        -0.26275779347677947,
        -0.25275779347677946,
        -0.24275779347677945,
        -0.23275779347677944,
        -0.22275779347677943,
        -0.21275779347677942,
        -0.2027577934767794,
        -0.1927577934767794,
        -0.1827577934767794,
        -0.1727577934767794,
        -0.16275779347677938,
        -0.15275779347677937,
        -0.14275779347677936,
        -0.13275779347677935,
        -0.12275779347677936,
        -0.11275779347677936,
        -0.10275779347677937,
        -0.09275779347677937,
        -0.08275779347677938,
        -0.07275779347677938,
        -0.06275779347677939,
        -0.052757793476779384,
        -0.04275779347677938,
        -0.03275779347677938,
        -0.022757793476779378,
        -0.012757793476779378,
        -0.002757793476779378,
        0.007242206523220622,
        0.017242206523220623,
        0.027242206523220625,
        0.037242206523220626,
        0.04724220652322063,
        0.05724220652322063,
        0.06724220652322063,
        0.07724220652322063,
        0.08724220652322062,
        0.09724220652322062,
        0.10724220652322061,
        0.11724220652322061,
        0.1272422065232206,
        0.1372422065232206,
        0.14724220652322062,
        0.15724220652322063,
        0.16724220652322064,
        0.17724220652322065,
        0.18724220652322066,
        0.19724220652322066,
        0.20724220652322067,
        0.21724220652322068,
        0.2272422065232207,
        0.2372422065232207,
        0.2472422065232207,
        0.2572422065232207,
        0.2672422065232207,
        0.27724220652322074,
        0.28724220652322074,
        0.29724220652322075,
        0.30724220652322076,
        0.31724220652322077,
        0.3272422065232208,
        0.3372422065232208,
        0.3472422065232208,
        0.3572422065232208,
        0.3672422065232208,
        0.3772422065232208,
        0.38724220652322083,
        0.39724220652322084,
        0.40724220652322085,
        0.41724220652322086,
        0.42724220652322087,
        0.4372422065232209,
        0.4472422065232209,
        0.4572422065232209,
        0.4672422065232209,
        0.4772422065232209,
        0.4872422065232209,
        0.49724220652322093,
        0.5072422065232209,
        0.517242206523221,
        0.527242206523221,
        0.537242206523221,
        0.547242206523221,
        0.557242206523221,
        0.567242206523221,
        0.577242206523221,
        0.587242206523221,
        0.597242206523221,
        0.607242206523221,
        0.617242206523221,
        0.627242206523221,
        0.637242206523221,
        0.6472422065232211,
        0.6572422065232211,
        0.6672422065232211,
        0.6722422065232211,
        0.6772422065232211,
        0.6822422065232211,
        0.6872422065232211
    ],