{
    "label": "N300",
    "frame": "P011",
    "level": 0,
    "L": 48,
    "lat_unit": 0.0498,
    "a_inv": 3.962,
    "m_B": 0.30035335689045933,
    "m_pi": 0.10651186269560828,
    "k2mpi2": 0.23028788622284033,
    "kcot_mpi": 0.04079687420977063,
    "k2mpi2s": [
        0.19466989438673152,
        0.19618588474909668,
        0.19770187511146187,
        0.19921786547382703,
        0.2007338558361922,
        0.20224984619855738,
        0.20376583656092254,
        0.2052818269232877,
        0.20679781728565286,
        0.20831380764801805,
        0.2098297980103832,
        0.21134578837274837,
        0.21286177873511355,
        0.21437776909747872,
        0.21589375945984388,
        0.21740974982220906,
        0.21892574018457422,
        0.22044173054693939,
        0.22195772090930455,
        0.22347371127166973,
        0.2249897016340349,
        0.22650569199640008,
        0.22802168235876524,
        0.2295376727211304,
        0.23105366308349556,
        0.23256965344586072,
        0.2340856438082259,
        0.23560163417059107,
        0.23711762453295626,
        0.23863361489532142,
        0.24014960525768658,
        0.24166559562005174,
        0.24318158598241693,
        0.2446975763447821,
        0.24621356670714725,
        0.24772955706951244,
        0.2492455474318776,
        0.25076153779424276,
        0.2522775281566079,
        0.25379351851897314,
        0.2553095088813383,
        0.25682549924370346,
        0.2583414896060686,
        0.2598574799684338,
        0.26137347033079894,
        0.2628894606931641,
        0.26440545105552926,
        0.2659214414178945,
        0.26743743178025964,
        0.2689534221426248
    ],
    "kcot_mpis": [
        -0.023233457697683955,
        -0.02062887166135204,
        -0.018014152118934607,
        -0.01538922019471957,
        -0.012753996160422802,
        -0.010108399425218052,
        -0.007452348554998146,
        -0.004785761079845116,
        -0.0021085538561372,
        0.0005793573250775883,
        0.003278057560695728,
        0.005987632889156998,
        0.008708170295538888,
        0.011439757733440735,
        0.014182484132872627,
        0.01693643941916175,
        0.01970171452199106,
        0.022478401391309535,
        0.02526659301090922,
        0.028066383423182815,
        0.030877867720530586,
        0.033701142087665975,
        0.036536303796903584,
        0.03938345123708617,
        0.042242683924787326,
        0.04511410250999879,
        0.04799780881766573,
        0.05089390584030964,
        0.05380249776728126,
        0.05672368999847567,
        0.0596575891654349,
        0.06260430314473223,
        0.06556394108089741,
        0.06853661340283905,
        0.07152243184202096,
        0.07452150945573777,
        0.07753396064209829,
        0.08055990116327713,
        0.08359944816708284,
        0.08665272019957092,
        0.08971983724143365,
        0.09280092071552375,
        0.0958960935147399,
        0.09900548002499486,
        0.10212920614678922,
        0.10526739931833094,
        0.10842018853975835,
        0.1115877043972976,
        0.11477007908927424,
        0.11796744644663656
    ],
    "k2mpi2_ref": [
        -0.8097121137771602,
        -0.7997121137771602,
        -0.7897121137771602,
        -0.7797121137771602,
        -0.7697121137771602,
        -0.7597121137771602,
        -0.7497121137771602,
        -0.7397121137771602,
        -0.7297121137771602,
        -0.7197121137771602,
        -0.7097121137771601,
        -0.6997121137771601,
        -0.6897121137771601,
        -0.6797121137771601,
        -0.6697121137771601,
        -0.6597121137771601,
        -0.6497121137771601,
        -0.6397121137771601,
        -0.6297121137771601,
        -0.6197121137771601,
        -0.6097121137771601,
        -0.59971211377716,
        -0.58971211377716,
        -0.57971211377716,
        -0.56971211377716,
        -0.55971211377716,
        -0.54971211377716,
        -0.53971211377716,
        -0.52971211377716,
        -0.51971211377716,
        -0.50971211377716,
        -0.49971211377716,
        -0.48971211377716,
        -0.47971211377716,
        -0.46971211377716,
        -0.45971211377716,
        -0.44971211377715997,
        -0.43971211377715996,
        -0.42971211377715995,
        -0.41971211377715995,
        -0.40971211377715994,
        -0.3997121137771599,
        -0.3897121137771599,
        -0.3797121137771599,
        -0.3697121137771599,
        -0.3597121137771599,
        -0.3497121137771599,
        -0.3397121137771599,
        -0.32971211377715987,
        -0.31971211377715986,
        -0.30971211377715985,
        -0.29971211377715984,
        -0.28971211377715983,
        -0.2797121137771598,
        -0.2697121137771598,
        -0.2597121137771598,
        -0.24971211377715982,
        -0.2397121137771598,
        -0.2297121137771598,
        -0.2197121137771598,
        -0.2097121137771598,
        -0.19971211377715978,
        -0.18971211377715977,
        -0.17971211377715976,
        -0.16971211377715975,
        -0.15971211377715974,
        -0.14971211377715973,
        -0.13971211377715972,
        -0.12971211377715972,
        -0.11971211377715972,
        -0.10971211377715973,
        -0.09971211377715973,
        -0.08971211377715974,
        -0.07971211377715974,
        -0.06971211377715975,
        -0.05971211377715975,
        -0.04971211377715975,
        -0.03971211377715975,
        -0.029712113777159745,
        -0.019712113777159743,
        -0.009712113777159742,
        0.00028788622284025775,
        0.010287886222840258,
        0.020287886222840258,
        0.03028788622284026,
        0.04028788622284026,
        0.050287886222840264,
        0.060287886222840266,
        0.07028788622284027,
        0.08028788622284026,
        0.09028788622284026,
        0.10028788622284025,
        0.11028788622284025,
        0.12028788622284024,
        0.13028788622284024,
        0.14028788622284025,
        0.15028788622284026,
        0.16028788622284026,
        0.17028788622284027,
        0.18028788622284028,
        0.1902878862228403,
        0.2002878862228403,
        0.2102878862228403,
        0.22028788622284032,
        0.23028788622284033,
        0.24028788622284034,
        0.2502878862228403,
        0.2602878862228403,
        0.27028788622284033,
        0.28028788622284034,
        0.29028788622284035,
        0.30028788622284036,
        0.31028788622284037,
        0.3202878862228404,
        0.3302878862228404,
        0.3402878862228404,
        0.3502878862228404,
        0.3602878862228404,
        0.3702878862228404,
        0.38028788622284043,
        0.39028788622284044,
        0.40028788622284045,
        0.41028788622284046,
        0.42028788622284047,
        0.4302878862228405,
        0.4402878862228405,
        0.4502878862228405,
        0.4602878862228405,
        0.4702878862228405,
        0.4802878862228405,
        0.49028788622284053,
        0.5002878862228405,
        0.5102878862228405,
        0.5202878862228405,
        0.5302878862228405,
        0.5402878862228405,
        0.5502878862228405,
        0.5602878862228405,
        0.5702878862228405,
        0.5802878862228406,
        0.5902878862228406,
        0.6002878862228406,
        0.6102878862228406,
        0.6202878862228406,
        0.6302878862228406,
        0.6402878862228406,
        0.6502878862228406,
        0.6602878862228406,
        0.6702878862228406,
        0.6752878862228406,
        0.6802878862228406,
        0.6852878862228406,
        0.6902878862228407
    ],