{
    "label": "N300",
    "frame": "P111",
    "level": 0,
    "L": 48,
    "lat_unit": 0.0498,
    "a_inv": 3.962,
    "m_B": 0.30035335689045933,
    "m_pi": 0.10651186269560828,
    "k2mpi2": 0.49421488636845023,
    "kcot_mpi": 0.640297926801708,
    "k2mpi2s": [
        0.4353190977827705,
        0.43773942347635314,
        0.44015974916993583,
        0.44258007486351847,
        0.4450004005571011,
        0.4474207262506838,
        0.44984105194426643,
        0.45226137763784907,
        0.4546817033314317,
        0.4571020290250144,
        0.45952235471859704,
        0.4619426804121797,
        0.46436300610576237,
        0.466783331799345,
        0.46920365749292764,
        0.47162398318651033,
        0.47404430888009297,
        0.4764646345736756,
        0.47888496026725824,
        0.48130528596084093,
        0.48372561165442357,
        0.4861459373480062,
        0.4885662630415889,
        0.49098658873517154,
        0.4934069144287542,
        0.49582724012233687,
        0.4982475658159195,
        0.5006678915095022,
        0.5030882172030848,
        0.5055085428966675,
        0.5079288685902501,
        0.5103491942838327,
        0.5127695199774154,
        0.515189845670998,
        0.5176101713645808,
        0.5200304970581634,
        0.522450822751746,
        0.5248711484453287,
        0.5272914741389113,
        0.5297117998324941,
        0.5321321255260767,
        0.5345524512196593,
        0.536972776913242,
        0.5393931026068246,
        0.5418134283004072,
        0.5442337539939899,
        0.5466540796875725,
        0.5490744053811553,
        0.5514947310747379,
        0.5539150567683205
    ],
    "kcot_mpis": [
        0.46772901936149647,
        0.47421793587412425,
        0.480753653639645,
        0.4873367666240291,
        0.4939678790295479,
        0.5006476055133102,
        0.5073765714143055,
        0.5141554129912307,
        0.5209847776540406,
        0.5278653242190614,
        0.5347977231545497,
        0.5417826568471958,
        0.5488208198592697,
        0.5559129192110664,
        0.5630596746544231,
        0.5702618189668474,
        0.5775200982459543,
        0.5848352722122558,
        0.5922081145241573,
        0.5996394130989016,
        0.6071299704449848,
        0.6146806039958318,
        0.622292146468069,
        0.629965446213531,
        0.6377013675922226,
        0.645500791350198,
        0.6533646150135854,
        0.6612937532842615,
        0.6692891384624344,
        0.677351720863746,
        0.6854824692626027,
        0.6936823713413429,
        0.7019524341543166,
        0.7102936846061366,
        0.7187071699435738,
        0.727193958262258,
        0.7357551390312002,
        0.7443918236263536,
        0.7531051458863596,
        0.7618962626875874,
        0.7707663545271506,
        0.779716626132739,
        0.7887483070873206,
        0.797862652475007,
        0.8070609435448285,
        0.8163444883990496,
        0.8257146226993642,
        0.8351727103975085,
        0.8447201444897361,
        0.854358347795212
    ],
    "k2mpi2_ref": [
        -0.8057851136315506,
        -0.7957851136315506,
        -0.7857851136315506,
        -0.7757851136315506,
        -0.7657851136315506,
        -0.7557851136315505,
        -0.7457851136315505,
        -0.7357851136315505,
        -0.7257851136315505,
        -0.7157851136315505,
        -0.7057851136315505,
        -0.6957851136315505,
        -0.6857851136315505,
        -0.6757851136315505,
        -0.6657851136315505,
        -0.6557851136315505,
        -0.6457851136315504,
        -0.6357851136315504,
        -0.6257851136315504,
        -0.6157851136315504,
        -0.6057851136315504,
        -0.5957851136315504,
        -0.5857851136315504,
        -0.5757851136315504,
        -0.5657851136315504,
        -0.5557851136315504,
        -0.5457851136315504,
        -0.5357851136315503,
        -0.5257851136315503,
        -0.5157851136315503,
        -0.5057851136315503,
        -0.49578511363155037,
        -0.48578511363155036,
        -0.47578511363155035,
        -0.46578511363155034,
        -0.45578511363155033,
        -0.4457851136315503,
        -0.4357851136315503,
        -0.4257851136315503,
        -0.4157851136315503,
        -0.4057851136315503,
        -0.3957851136315503,
        -0.38578511363155027,
        -0.37578511363155026,
        -0.36578511363155025,
        -0.35578511363155024,
        -0.34578511363155023,
        -0.3357851136315502,
        -0.3257851136315502,
        -0.3157851136315502,
        -0.3057851136315502,
        -0.2957851136315502,
        -0.2857851136315502,
        -0.27578511363155017,
        -0.26578511363155016,
        -0.25578511363155015,
        -0.24578511363155015,
        -0.23578511363155014,
        -0.22578511363155013,
        -0.21578511363155012,
        -0.2057851136315501,
        -0.1957851136315501,
        -0.1857851136315501,
        -0.17578511363155008,
        -0.16578511363155007,
        -0.15578511363155007,
        -0.14578511363155006,
        -0.13578511363155005,
        -0.12578511363155004,
        -0.11578511363155004,
        -0.10578511363155005,
        -0.09578511363155005,
        -0.08578511363155006,
        -0.07578511363155006,
        -0.06578511363155007,
        -0.055785113631550066,
        -0.045785113631550065,
        -0.03578511363155006,
        -0.02578511363155006,
        -0.01578511363155006,
        -0.0057851136315500585,
        0.004214886368449942,
        0.014214886368449942,
        0.024214886368449942,
        0.034214886368449944,
        0.044214886368449946,
        0.05421488636844995,
        0.06421488636844995,
        0.07421488636844994,
        0.08421488636844994,
        0.09421488636844993,
        0.10421488636844993,
        0.11421488636844992,
        0.12421488636844992,
        0.13421488636844991,
        0.14421488636844992,
        0.15421488636844993,
        0.16421488636844994,
        0.17421488636844995,
        0.18421488636844996,
        0.19421488636844997,
        0.20421488636844998,
        0.21421488636844999,
        0.22421488636845,
        0.23421488636845,
        0.24421488636845,
        0.25421488636845,
        0.26421488636845003,
        0.27421488636845004,
        0.28421488636845005,
        0.29421488636845006,
        0.30421488636845007,
        0.3142148863684501,
        0.3242148863684501,
        0.3342148863684501,
        0.3442148863684501,
        0.3542148863684501,
        0.3642148863684501,
        0.37421488636845013,
        0.38421488636845014,
        0.39421488636845015,
        0.40421488636845015,
        0.41421488636845016,
        0.4242148863684502,
        0.4342148863684502,
        0.4442148863684502,
        0.4542148863684502,
        0.4642148863684502,
        0.4742148863684502,
        0.4842148863684502,
        0.49421488636845023,
        0.5042148863684502,
        0.5142148863684503,
        0.5242148863684503,
        0.5342148863684503,
        0.5442148863684503,
        0.5542148863684503,
        0.5642148863684503,
        0.5742148863684503,
        0.5842148863684503,
        0.5942148863684503,
        0.6042148863684503,
        0.6142148863684503,
        0.6242148863684504,
        0.6342148863684504,
        0.6442148863684504,
        0.6542148863684504,
        0.6642148863684504,
        0.6742148863684504,
        0.6842148863684504,
        0.6942148863684504,
        0.7042148863684504,
        0.7142148863684504,
        0.7242148863684504,
        0.7342148863684504,
        0.7442148863684505,
        0.7542148863684505,
        0.7642148863684505,
        0.7742148863684505,
        0.7842148863684505,
        0.7942148863684505,
        0.8042148863684505,
        0.8142148863684505,
        0.8242148863684505,
        0.8342148863684505,
        0.8442148863684505,
        0.8542148863684506,
        0.8642148863684506,
