{
    "label": "N300",
    "frame": "P001",
    "level": 1,
    "L": 48,
    "lat_unit": 0.0498,
    "a_inv": 3.962,
    "m_B": 0.30035335689045933,
    "m_pi": 0.10651186269560828,
    "k2mpi2": 1.625313711468554,
    "kcot_mpi": 2.6225428419294454,
    "k2mpi2s": [
        1.5823736447735837,
        1.5841504874152565,
        1.5859273300569294,
        1.5877041726986023,
        1.5894810153402752,
        1.591257857981948,
        1.593034700623621,
        1.5948115432652938,
        1.5965883859069667,
        1.5983652285486398,
        1.6001420711903127,
        1.6019189138319856,
        1.6036957564736585,
        1.6054725991153314,
        1.6072494417570042,
        1.6090262843986771,
        1.61080312704035,
        1.6125799696820229,
        1.6143568123236958,
        1.6161336549653686,
        1.6179104976070415,
        1.6196873402487144,
        1.6214641828903873,
        1.6232410255320602,
        1.625017868173733,
        1.6267947108154062,
        1.628571553457079,
        1.630348396098752,
        1.6321252387404248,
        1.6339020813820977,
        1.6356789240237706,
        1.6374557666654435,
        1.6392326093071163,
        1.6410094519487892,
        1.642786294590462,
        1.644563137232135,
        1.6463399798738079,
        1.6481168225154808,
        1.6498936651571536,
        1.6516705077988265,
        1.6534473504404994,
        1.6552241930821725,
        1.6570010357238454,
        1.6587778783655183,
        1.6605547210071911,
        1.662331563648864,
        1.664108406290537,
        1.6658852489322098,
        1.6676620915738827,
        1.6694389342155556
    ],
    "kcot_mpis": [
        2.1487689026028405,
        2.1657917021936757,
        2.1830069750424244,
        2.2004182975915874,
        2.218029335470996,
        2.2358438463044994,
        2.2538656826006447,
        2.272098794805113,
        2.290547234408522,
        2.309215157224465,
        2.3281068267490648,
        2.347226617714734,
        2.3665790197075727,
        2.3861686409940766,
        2.4060002124709907,
        2.4260785917536167,
        2.4464087674967203,
        2.466995863807934,
        2.487845144904053,
        2.508962019934541,
        2.5303520480073245,
        2.552020943434813,
        2.5739745811831813,
        2.596219002586751,
        2.618760421238295,
        2.6416052292466494,
        2.664760003646446,
        2.6882315131737498,
        2.712026725269112,
        2.736152813485918,
        2.7606171651246427,
        2.7854273892842265,
        2.810591325267045,
        2.836117051329275,
        2.8620128938840828,
        2.8882874371090197,
        2.9149495330015194,
        2.942008311914767,
        2.9694731935915857,
        2.9973538987305,
        3.025660461119412,
        3.054403240337413,
        3.0835929350964477,
        3.1132405972464303,
        3.1433576464789765,
        3.17395588575332,
        3.2050475175457867,
        3.2366451608619995,
        3.268761869230527,
        3.3014111495277194
    ],
    "k2mpi2_ref": [
        0.6153137114685532,
        0.6253137114685532,
        0.6353137114685532,
        0.6453137114685532,
        0.6553137114685532,
        0.6653137114685532,
        0.6753137114685532,
        0.6853137114685532,
        0.6953137114685533,
        0.7053137114685533,
        0.7153137114685533,
        0.7253137114685533,
        0.7353137114685533,
        0.7453137114685533,
        0.7553137114685533,
        0.7653137114685533,
        0.7753137114685533,
        0.7853137114685533,
        0.7953137114685533,
        0.8053137114685534,
        0.8153137114685534,
        0.8253137114685534,
        0.8353137114685534,
        0.8453137114685534,
        0.8553137114685534,
        0.8653137114685534,
        0.8753137114685534,
        0.8853137114685534,
        0.8953137114685534,
        0.9053137114685534,
        0.9153137114685534,
        0.9253137114685535,
        0.9353137114685535,
        0.9453137114685535,
        0.9553137114685535,
        0.9653137114685535,
        0.9753137114685535,
        0.9853137114685535,
        0.9953137114685535,
        1.0053137114685535,
        1.0153137114685535,
        1.0253137114685535,
        1.0353137114685536,
        1.0453137114685536,
        1.0553137114685536,
        1.0653137114685536,
        1.0753137114685536,
        1.0853137114685536,
        1.0953137114685536,
        1.1053137114685536,
        1.1153137114685536,
        1.1253137114685536,
        1.1353137114685536,
        1.1453137114685537,
        1.1553137114685537,
        1.1653137114685537,
        1.1753137114685537,
        1.1853137114685537,
        1.1953137114685537,
        1.2053137114685537,
        1.2153137114685537,
        1.2253137114685537,
        1.2353137114685537,
        1.2453137114685537,
        1.2553137114685538,
        1.2653137114685538,
        1.2753137114685538,
        1.2853137114685538,
        1.2953137114685538,
        1.3053137114685538,
        1.3153137114685538,
        1.3253137114685538,
        1.3353137114685538,
        1.3453137114685538,
        1.3553137114685538,
        1.3653137114685538,
        1.3753137114685539,
        1.3853137114685539,
        1.3953137114685539,
        1.4053137114685539,
        1.415313711468554,
        1.425313711468554,
        1.435313711468554,
        1.445313711468554,
        1.455313711468554,
        1.465313711468554,
        1.475313711468554,
        1.485313711468554,
        1.495313711468554,
        1.505313711468554,
        1.515313711468554,
        1.525313711468554,
        1.535313711468554,
        1.545313711468554,
        1.555313711468554,
        1.565313711468554,
        1.575313711468554,
        1.585313711468554,
        1.595313711468554,
        1.605313711468554,
        1.615313711468554,
        1.625313711468554,
        1.635313711468554,
        1.645313711468554,
        1.655313711468554,
        1.6653137114685541,
        1.6753137114685541,
        1.6853137114685541,
        1.6953137114685541,
        1.7053137114685541,
        1.7153137114685542,
        1.7253137114685542,
        1.7353137114685542,
        1.7453137114685542,
        1.7553137114685542,
        1.760313711468554,
        1.765313711468554,
        1.7703137114685539,
        1.7753137114685538,
        1.7803137114685537,
        1.7853137114685536,
        1.7878137114685535,
        1.7903137114685534,
        1.7928137114685534,
        1.7953137114685533,
        1.7978137114685533,
        1.8003137114685532,
        1.8028137114685532,
        1.8053137114685531,
        1.807813711468553,
        1.810313711468553,
        1.812813711468553,
        1.814063711468553,
        1.815313711468553,
        1.8165637114685529,
        1.8178137114685529,
        1.8190637114685528,
        1.8203137114685528,
        1.8215637114685528,
        1.8228137114685528,
        1.8240637114685527,
        1.8253137114685527,
        1.8265637114685527,
        1.8278137114685526,
        1.8290637114685526
    ],