{
    "label": "N300",
    "frame": "P001",
    "level": 1,
    "L": 48,
    "lat_unit": 0.0498,
    "a_inv": 3.962,
    "m_B": 0.30035335689045933,
    "m_pi": 0.10651186269560828,
    "k2mpi2": 1.625313711468554,
    "kcot_mpi": 2.849013620741883,
    "k2mpi2s": [
        1.5823736447735837,
        1.5841504874152565,
        1.5859273300569294,
        1.5877041726986023,
        1.5894810153402752,
        1.591257857981948,
        1.593034700623621,
        1.5948115432652938,
        1.5965883859069667,
        1.5983652285486398,
        1.6001420711903127,
        1.6019189138319856,
        1.6036957564736585,
        1.6054725991153314,
        1.6072494417570042,
        1.6090262843986771,
        1.61080312704035,
        1.6125799696820229,
        1.6143568123236958,
        1.6161336549653686,
        1.6179104976070415,
        1.6196873402487144,
        1.6214641828903873,
        1.6232410255320602,
        1.625017868173733,
        1.6267947108154062,
        1.628571553457079,
        1.630348396098752,
        1.6321252387404248,
        1.6339020813820977,
        1.6356789240237706,
        1.6374557666654435,
        1.6392326093071163,
        1.6410094519487892,
        1.642786294590462,
        1.644563137232135,
        1.6463399798738079,
        1.6481168225154808,
        1.6498936651571536,
        1.6516705077988265,
        1.6534473504404994,
        1.6552241930821725,
        1.6570010357238454,
        1.6587778783655183,
        1.6605547210071911,
        1.662331563648864,
        1.664108406290537,
        1.6658852489322098,
        1.6676620915738827,
        1.6694389342155556
    ],
    "kcot_mpis": [
        2.306046016445428,
        2.3252702417048132,
        2.344732556570298,
        2.364437811344208,
        2.384390990243214,
        2.4045972161022573,
        2.425061755257454,
        2.445790022689892,
        2.4667875873316474,
        2.4880601776528284,
        2.5096136874494728,
        2.531454181950266,
        2.553587904120636,
        2.5760212813163137,
        2.5987609322098826,
        2.6218136740140663,
        2.645186530105608,
        2.66888673792059,
        2.6929217572820634,
        2.717299279096492,
        2.742027234466929,
        2.767113804254299,
        2.792567429084671,
        2.8183968198799616,
        2.844610968839877,
        2.871219161084439,
        2.898230986761622,
        2.9256563538544387,
        2.9535055015722453,
        2.981789014527579,
        3.0105178375457915,
        3.0397032913267683,
        3.0693570889257202,
        3.099491353077553,
        3.1301186345071166,
        3.161251931216711,
        3.192904708834023,
        3.225090922099289,
        3.257825037557003,
        3.29112205753918,
        3.3249975455332748,
        3.3594676529959955,
        3.394549147753419,
        3.430259444083307,
        3.46661663459489,
        3.50363952401612,
        3.5413476650842286,
        3.5797613965824473,
        3.618901883852734,
        3.658791161759327
    ],
    "k2mpi2_ref": [
        0.6253137114685532,
        0.6353137114685532,
        0.6453137114685532,
        0.6553137114685532,
        0.6653137114685532,
        0.6753137114685532,
        0.6853137114685532,
        0.6953137114685533,
        0.7053137114685533,
        0.7153137114685533,
        0.7253137114685533,
        0.7353137114685533,
        0.7453137114685533,
        0.7553137114685533,
        0.7653137114685533,
        0.7753137114685533,
        0.7853137114685533,
        0.7953137114685533,
        0.8053137114685534,
        0.8153137114685534,
        0.8253137114685534,
        0.8353137114685534,
        0.8453137114685534,
        0.8553137114685534,
        0.8653137114685534,
        0.8753137114685534,
        0.8853137114685534,
        0.8953137114685534,
        0.9053137114685534,
        0.9153137114685534,
        0.9253137114685535,
        0.9353137114685535,
        0.9453137114685535,
        0.9553137114685535,
        0.9653137114685535,
        0.9753137114685535,
        0.9853137114685535,
        0.9953137114685535,
        1.0053137114685535,
        1.0153137114685535,
        1.0253137114685535,
        1.0353137114685536,
        1.0453137114685536,
        1.0553137114685536,
        1.0653137114685536,
        1.0753137114685536,
        1.0853137114685536,
        1.0953137114685536,
        1.1053137114685536,
        1.1153137114685536,
        1.1253137114685536,
        1.1353137114685536,
        1.1453137114685537,
        1.1553137114685537,
        1.1653137114685537,
        1.1753137114685537,
        1.1853137114685537,
        1.1953137114685537,
        1.2053137114685537,
        1.2153137114685537,
        1.2253137114685537,
        1.2353137114685537,
        1.2453137114685537,
        1.2553137114685538,
        1.2653137114685538,
        1.2753137114685538,
        1.2853137114685538,
        1.2953137114685538,
        1.3053137114685538,
        1.3153137114685538,
        1.3253137114685538,
        1.3353137114685538,
        1.3453137114685538,
        1.3553137114685538,
        1.3653137114685538,
        1.3753137114685539,
        1.3853137114685539,
        1.3953137114685539,
        1.4053137114685539,
        1.415313711468554,
        1.425313711468554,
        1.435313711468554,
        1.445313711468554,
        1.455313711468554,
        1.465313711468554,
        1.475313711468554,
        1.485313711468554,
        1.495313711468554,
        1.505313711468554,
        1.515313711468554,
        1.525313711468554,
        1.535313711468554,
        1.545313711468554,
        1.555313711468554,
        1.565313711468554,
        1.575313711468554,
        1.585313711468554,
        1.595313711468554,
        1.605313711468554,
        1.615313711468554,
        1.625313711468554,
        1.635313711468554,
        1.645313711468554,
        1.655313711468554,
        1.6653137114685541,
        1.6753137114685541,
        1.6853137114685541,
        1.6953137114685541,
        1.7053137114685541,
        1.7153137114685542
    ],