{
    "label": "N300",
    "frame": "P001",
    "level": 0,
    "L": 48,
    "lat_unit": 0.0498,
    "a_inv": 3.962,
    "m_B": 0.30035335689045933,
    "m_pi": 0.10651186269560828,
    "k2mpi2": -0.0258518018311471,
    "kcot_mpi": -0.20358107912760265,
    "k2mpi2s": [
        -0.06014570579346487,
        -0.05881752759505605,
        -0.057489349396647224,
        -0.05616117119823841,
        -0.054832992999829584,
        -0.05350481480142076,
        -0.05217663660301194,
        -0.050848458404603114,
        -0.0495202802061943,
        -0.048192102007785474,
        -0.04686392380937665,
        -0.04553574561096783,
        -0.044207567412559004,
        -0.04287938921415019,
        -0.04155121101574136,
        -0.04022303281733254,
        -0.03889485461892372,
        -0.037566676420514894,
        -0.03623849822210608,
        -0.03491032002369725,
        -0.03358214182528843,
        -0.03225396362687961,
        -0.030925785428470784,
        -0.029597607230061964,
        -0.028269429031653137,
        -0.02694125083324432,
        -0.025613072634835497,
        -0.024284894436426674,
        -0.02295671623801785,
        -0.021628538039609027,
        -0.02030035984120021,
        -0.018972181642791387,
        -0.017644003444382564,
        -0.01631582524597374,
        -0.014987647047564917,
        -0.0136594688491561,
        -0.012331290650747277,
        -0.011003112452338454,
        -0.00967493425392963,
        -0.008346756055520807,
        -0.0070185778571119906,
        -0.005690399658703167,
        -0.004362221460294344,
        -0.0030340432618855204,
        -0.001705865063476697,
        -0.0003776868650678736,
        0.0009504913333409429,
        0.0022786695317497663,
        0.0036068477301585966,
        0.004935025928567417
    ],
    "kcot_mpis": [
        -0.2594896640963823,
        -0.2574355655037641,
        -0.25537312608946705,
        -0.2533022732160046,
        -0.251222933360913,
        -0.24913503210320603,
        -0.2470384941141949,
        -0.24493324313719372,
        -0.24281920197744097,
        -0.24069629248640054,
        -0.2385644355449479,
        -0.23642355105116475,
        -0.2342735579037027,
        -0.2321143739846302,
        -0.22994591614559118,
        -0.2277681001901064,
        -0.22558084085670604,
        -0.22338405180351234,
        -0.22117764558909478,
        -0.21896153365580157,
        -0.2167356263112711,
        -0.21449983271048287,
        -0.21225406083710538,
        -0.2099982174840841,
        -0.2077322082342804,
        -0.20545593744029295,
        -0.20316930820553675,
        -0.20087222236160016,
        -0.1985645804496917,
        -0.19624628169692582,
        -0.19391722399395217,
        -0.1915773038777937,
        -0.18922641650156483,
        -0.1868644556159016,
        -0.1844913135458329,
        -0.18210688116373552,
        -0.17971104786564754,
        -0.17730370154709554,
        -0.17488472857715234,
        -0.17245401377130398,
        -0.17001144036405313,
        -0.16755688998418017,
        -0.16509024262495894,
        -0.16261137661518507,
        -0.16012016859207268,
        -0.15761649346950204,
        -0.155100224408702,
        -0.15257123278810725,
        -0.15002938816807826,
        -0.14747455826575415
    ],
    "k2mpi2_ref": [
        -0.8058518018311477,
        -0.7958518018311477,
        -0.7858518018311477,
        -0.7758518018311477,
        -0.7658518018311476,
        -0.7558518018311476,
        -0.7458518018311476,
        -0.7358518018311476,
        -0.7258518018311476,
        -0.7158518018311476,
        -0.7058518018311476,
        -0.6958518018311476,
        -0.6858518018311476,
        -0.6758518018311476,
        -0.6658518018311476,
        -0.6558518018311476,
        -0.6458518018311475,
        -0.6358518018311475,
        -0.6258518018311475,
        -0.6158518018311475,
        -0.6058518018311475,
        -0.5958518018311475,
        -0.5858518018311475,
        -0.5758518018311475,
        -0.5658518018311475,
        -0.5558518018311475,
        -0.5458518018311475,
        -0.5358518018311474,
        -0.5258518018311474,
        -0.5158518018311474,
        -0.5058518018311474,
        -0.4958518018311474,
        -0.4858518018311474,
        -0.4758518018311474,
        -0.4658518018311474,
        -0.4558518018311474,
        -0.44585180183114737,
        -0.43585180183114736,
        -0.42585180183114735,
        -0.41585180183114734,
        -0.40585180183114733,
        -0.3958518018311473,
        -0.3858518018311473,
        -0.3758518018311473,
        -0.3658518018311473,
        -0.3558518018311473,
        -0.3458518018311473,
        -0.33585180183114727,
        -0.32585180183114726,
        -0.31585180183114725,
        -0.30585180183114724,
        -0.29585180183114723,
        -0.2858518018311472,
        -0.2758518018311472,
        -0.2658518018311472,
        -0.2558518018311472,
        -0.2458518018311472,
        -0.23585180183114718,
        -0.22585180183114717,
        -0.21585180183114716,
        -0.20585180183114715,
        -0.19585180183114714,
        -0.18585180183114713,
        -0.17585180183114713,
        -0.16585180183114712,
        -0.1558518018311471,
        -0.1458518018311471,
        -0.1358518018311471,
        -0.12585180183114708,
        -0.11585180183114707,
        -0.10585180183114708,
        -0.09585180183114708,
        -0.08585180183114709,
        -0.07585180183114709,
        -0.0658518018311471,
        -0.0558518018311471,
        -0.0458518018311471,
        -0.0358518018311471,
        -0.0258518018311471,
        -0.0158518018311471,
        -0.005851801831147101,
        0.004148198168852899,
        0.0141481981688529,
        0.0241481981688529,
        0.0341481981688529,
        0.044148198168852903,
        0.054148198168852905,
        0.06414819816885291,
        0.0741481981688529,
        0.0841481981688529,
        0.09414819816885289,
        0.10414819816885289,
        0.11414819816885288,
        0.12414819816885288,
        0.13414819816885287,
        0.14414819816885288,
        0.1541481981688529,
        0.1641481981688529,
        0.1741481981688529,
        0.18414819816885292,
        0.19414819816885293,
        0.20414819816885293,
        0.21414819816885294,
        0.22414819816885295,
        0.23414819816885296,
        0.24414819816885297,
        0.254148198168853,
        0.264148198168853,
        0.274148198168853,
        0.284148198168853,
        0.294148198168853,
        0.304148198168853,
        0.31414819816885303,
        0.31914819816885304,
        0.32414819816885304,
        0.32914819816885305,
        0.33414819816885305,
        0.33664819816885305,
        0.33914819816885305,
        0.34164819816885306,
        0.34414819816885306
    ],