{
    "label": "N300",
    "frame": "P111",
    "level": 1,
    "L": 48,
    "lat_unit": 0.0498,
    "a_inv": 3.962,
    "m_B": 0.30035335689045933,
    "m_pi": 0.10651186269560828,
    "k2mpi2": 0.8979371560402973,
    "kcot_mpi": 3.1113614991448015,
    "k2mpi2s": [
        0.8638684016855741,
        0.8652446474068358,
        0.8666208931280976,
        0.8679971388493594,
        0.8693733845706211,
        0.8707496302918829,
        0.8721258760131446,
        0.8735021217344063,
        0.8748783674556682,
        0.8762546131769299,
        0.8776308588981916,
        0.8790071046194534,
        0.8803833503407151,
        0.8817595960619768,
        0.8831358417832387,
        0.8845120875045004,
        0.8858883332257621,
        0.8872645789470239,
        0.8886408246682856,
        0.8900170703895474,
        0.8913933161108092,
        0.8927695618320709,
        0.8941458075533326,
        0.8955220532745944,
        0.8968982989958562,
        0.8982745447171179,
        0.8996507904383797,
        0.9010270361596414,
        0.9024032818809031,
        0.9037795276021648,
        0.9051557733234267,
        0.9065320190446884,
        0.9079082647659501,
        0.9092845104872119,
        0.9106607562084736,
        0.9120370019297354,
        0.9134132476509972,
        0.9147894933722589,
        0.9161657390935206,
        0.9175419848147824,
        0.9189182305360442,
        0.9202944762573059,
        0.9216707219785677,
        0.9230469676998294,
        0.9244232134210911,
        0.925799459142353,
        0.9271757048636147,
        0.9285519505848764,
        0.9299281963061382,
        0.9313044420273999
    ],
    "kcot_mpis": [
        2.539159338984371,
        2.559021540687851,
        2.579119365324238,
        2.599457174556038,
        2.62003943850861,
        2.640870739150936,
        2.661955773838372,
        2.683299358926698,
        2.7049064336297213,
        2.7267820638836664,
        2.7489314465413752,
        2.7713599134858016,
        2.7940729361750343,
        2.817076130177241,
        2.8403752599701715,
        2.863976243881931,
        2.887885159285273,
        2.912108247975849,
        2.9366519217448808,
        2.961522768237012,
        2.9867275570046985,
        3.012273245834399,
        3.0381669873523025,
        3.0644161358088686,
        3.0910282544049457,
        3.118011122590838,
        3.1453727439402,
        3.1731213542676415,
        3.2012654300994594,
        3.2298136975559686,
        3.2587751413421806,
        3.288159015637806,
        3.3179748517830214,
        3.3482324712626683,
        3.378941995545372,
        3.4101138578859023,
        3.4417588154281495,
        3.4738879618697043,
        3.5065127407228585,
        3.5396449592208703,
        3.5732968029113854,
        3.607480850839302,
        3.642210091676138,
        3.677497940458994,
        3.7133582562515475,
        3.7498053606672883,
        3.7868540573245704,
        3.8245196523142844,
        3.8628179756769154,
        3.9017654040337737
    ],
    "k2mpi2_ref": [
        -0.8020628439597038,
        -0.7920628439597038,
        -0.7820628439597038,
        -0.7720628439597038,
        -0.7620628439597038,
        -0.7520628439597038,
        -0.7420628439597038,
        -0.7320628439597038,
        -0.7220628439597038,
        -0.7120628439597038,
        -0.7020628439597038,
        -0.6920628439597037,
        -0.6820628439597037,
        -0.6720628439597037,
        -0.6620628439597037,
        -0.6520628439597037,
        -0.6420628439597037,
        -0.6320628439597037,
        -0.6220628439597037,
        -0.6120628439597037,
        -0.6020628439597037,
        -0.5920628439597037,
        -0.5820628439597036,
        -0.5720628439597036,
        -0.5620628439597036,
        -0.5520628439597036,
        -0.5420628439597036,
        -0.5320628439597036,
        -0.5220628439597036,
        -0.5120628439597036,
        -0.5020628439597036,
        -0.4920628439597036,
        -0.4820628439597036,
        -0.4720628439597036,
        -0.4620628439597036,
        -0.4520628439597036,
        -0.4420628439597036,
        -0.43206284395970357,
        -0.42206284395970356,
        -0.41206284395970355,
        -0.40206284395970354,
        -0.39206284395970353,
        -0.3820628439597035,
        -0.3720628439597035,
        -0.3620628439597035,
        -0.3520628439597035,
        -0.3420628439597035,
        -0.3320628439597035,
        -0.32206284395970347,
        -0.31206284395970346,
        -0.30206284395970345,
        -0.29206284395970344,
        -0.28206284395970344,
        -0.2720628439597034,
        -0.2620628439597034,
        -0.2520628439597034,
        -0.2420628439597034,
        -0.2320628439597034,
        -0.22206284395970338,
        -0.21206284395970337,
        -0.20206284395970336,
        -0.19206284395970336,
        -0.18206284395970335,
        -0.17206284395970334,
        -0.16206284395970333,
        -0.15206284395970332,
        -0.1420628439597033,
        -0.1320628439597033,
        -0.12206284395970331,
        -0.11206284395970331,
        -0.10206284395970332,
        -0.09206284395970332,
        -0.08206284395970333,
        -0.07206284395970333,
        -0.06206284395970334,
        -0.052062843959703335,
        -0.04206284395970333,
        -0.03206284395970333,
        -0.02206284395970333,
        -0.01206284395970333,
        -0.002062843959703329,
        0.007937156040296671,
        0.01793715604029667,
        0.027937156040296673,
        0.037937156040296675,
        0.04793715604029668,
        0.05793715604029668,
        0.06793715604029668,
        0.07793715604029668,
        0.08793715604029667,
        0.09793715604029667,
        0.10793715604029666,
        0.11793715604029666,
        0.12793715604029665,
        0.13793715604029666,
        0.14793715604029667,
        0.15793715604029668,
        0.1679371560402967,
        0.1779371560402967,
        0.1879371560402967,
        0.1979371560402967,
        0.20793715604029672,
        0.21793715604029673,
        0.22793715604029674,
        0.23793715604029675,
        0.24793715604029676,
        0.25793715604029677,
        0.2679371560402968,
        0.2779371560402968,
        0.2879371560402968,
        0.2979371560402968,
        0.3079371560402968,
        0.3179371560402968,
        0.32793715604029683,
        0.33793715604029684,
        0.34793715604029685,
        0.35793715604029686,
        0.36793715604029686,
        0.3779371560402969,
        0.3879371560402969,
        0.3979371560402969,
        0.4079371560402969,
        0.4179371560402969,
        0.4279371560402969,
        0.4379371560402969,
        0.44793715604029694,
        0.45793715604029694,
        0.46793715604029695,
        0.47793715604029696,
        0.48793715604029697,
        0.497937156040297,
        0.507937156040297,
        0.517937156040297,
        0.527937156040297,
        0.537937156040297,
        0.547937156040297,
        0.557937156040297,
        0.567937156040297,
        0.577937156040297,
        0.5879371560402971,
        0.5979371560402971,
        0.6079371560402971,
        0.6179371560402971,
        0.6279371560402971,
        0.6379371560402971,
        0.6479371560402971,
        0.6579371560402971,
        0.6679371560402971,
        0.6779371560402971,
        0.6879371560402971,
        0.6979371560402972,
        0.7079371560402972,
        0.7179371560402972,
        0.7279371560402972,
        0.7379371560402972,
        0.7479371560402972,
        0.7579371560402972,
        0.7679371560402972,
        0.7779371560402972,
        0.7879371560402972,
        0.7979371560402972,
        0.8079371560402973,
        0.8179371560402973,
        0.8279371560402973,
        0.8379371560402973,
        0.8479371560402973,
        0.8579371560402973,
        0.8679371560402973,
        0.8779371560402973,
        0.8879371560402973,
