{
    "label": "N300",
    "frame": "P000",
    "level": 0,
    "L": 48,
    "lat_unit": 0.0498,
    "a_inv": 3.962,
    "m_B": 0.30035335689045933,
    "m_pi": 0.10651186269560828,
    "k2mpi2": -0.29635268534306847,
    "kcot_mpi": -0.42224712400072706,
    "k2mpi2s": [
        -0.3261570295987393,
        -0.3249431207227257,
        -0.32372921184671205,
        -0.32251530297069847,
        -0.32130139409468483,
        -0.3200874852186712,
        -0.31887357634265756,
        -0.317659667466644,
        -0.31644575859063034,
        -0.3152318497146167,
        -0.31401794083860307,
        -0.31280403196258943,
        -0.31159012308657585,
        -0.3103762142105622,
        -0.3091623053345486,
        -0.30794839645853495,
        -0.30673448758252136,
        -0.30552057870650773,
        -0.3043066698304941,
        -0.30309276095448046,
        -0.3018788520784668,
        -0.30066494320245324,
        -0.2994510343264396,
        -0.29823712545042597,
        -0.29702321657441233,
        -0.29580930769839875,
        -0.2945953988223851,
        -0.2933814899463715,
        -0.29216758107035784,
        -0.2909536721943442,
        -0.2897397633183306,
        -0.288525854442317,
        -0.28731194556630335,
        -0.2860980366902897,
        -0.28488412781427613,
        -0.2836702189382625,
        -0.28245631006224886,
        -0.2812424011862352,
        -0.28002849231022164,
        -0.278814583434208,
        -0.27760067455819437,
        -0.27638676568218074,
        -0.2751728568061671,
        -0.2739589479301535,
        -0.2727450390541399,
        -0.27153113017812625,
        -0.2703172213021126,
        -0.269103312426099,
        -0.2678894035500854,
        -0.26667549467407176
    ],
    "kcot_mpis": [
        -0.46816649161843094,
        -0.4664051589544242,
        -0.46463532756264336,
        -0.46285690557435955,
        -0.46106979973899587,
        -0.45927391540058854,
        -0.45746915647183334,
        -0.4556554253963572,
        -0.4538326231453434,
        -0.45200064915623317,
        -0.45015940133513366,
        -0.4483087760024609,
        -0.4464486678758852,
        -0.44457897003344987,
        -0.44269957388348646,
        -0.4408103691312042,
        -0.4389112437442837,
        -0.437002083921557,
        -0.435082774051485,
        -0.43315319668432584,
        -0.4312132324818768,
        -0.42926276020085996,
        -0.4273016566319926,
        -0.42532979657252873,
        -0.42334705278283746,
        -0.4213532959438354,
        -0.4193483946159146,
        -0.4173322151922206,
        -0.4153046218565691,
        -0.4132654765358265,
        -0.41121463885318077,
        -0.4091519660792977,
        -0.40707731308355666,
        -0.40499053228144843,
        -0.40289147358448785,
        -0.40077998434484075,
        -0.39865590930142725,
        -0.39651909052298634,
        -0.3943693673505595,
        -0.3922065763372923,
        -0.39003055119142277,
        -0.38784112270618226,
        -0.3856381187019572,
        -0.38342136395953097,
        -0.3811906801503624,
        -0.37894588576875415,
        -0.37668679605948396,
        -0.37441322294552404,
        -0.37212497495142677,
        -0.36982185712978427
    ],
    "k2mpi2_ref": [
        -0.8063526853430689,
        -0.7963526853430689,
        -0.7863526853430689,
        -0.7763526853430689,
        -0.7663526853430689,
        -0.7563526853430689,
        -0.7463526853430689,
        -0.7363526853430689,
        -0.7263526853430688,
        -0.7163526853430688,
        -0.7063526853430688,
        -0.6963526853430688,
        -0.6863526853430688,
        -0.6763526853430688,
        -0.6663526853430688,
        -0.6563526853430688,
        -0.6463526853430688,
        -0.6363526853430688,
        -0.6263526853430688,
        -0.6163526853430688,
        -0.6063526853430687,
        -0.5963526853430687,
        -0.5863526853430687,
        -0.5763526853430687,
        -0.5663526853430687,
        -0.5563526853430687,
        -0.5463526853430687,
        -0.5363526853430687,
        -0.5263526853430687,
        -0.5163526853430687,
        -0.5063526853430687,
        -0.49635268534306864,
        -0.48635268534306864,
        -0.4763526853430686,
        -0.4663526853430686,
        -0.4563526853430686,
        -0.4463526853430686,
        -0.4363526853430686,
        -0.4263526853430686,
        -0.4163526853430686,
        -0.40635268534306856,
        -0.39635268534306856,
        -0.38635268534306855,
        -0.37635268534306854,
        -0.36635268534306853,
        -0.3563526853430685,
        -0.3463526853430685,
        -0.3363526853430685,
        -0.3263526853430685,
        -0.3163526853430685,
        -0.3063526853430685,
        -0.29635268534306847,
        -0.28635268534306846,
        -0.27635268534306845,
        -0.26635268534306844,
        -0.25635268534306843,
        -0.24635268534306842,
        -0.2363526853430684,
        -0.2263526853430684,
        -0.2163526853430684,
        -0.2063526853430684,
        -0.19635268534306838,
        -0.18635268534306837,
        -0.17635268534306836,
        -0.16635268534306835,
        -0.15635268534306834,
        -0.14635268534306833,
        -0.13635268534306832,
        -0.12635268534306832,
        -0.11635268534306832,
        -0.10635268534306833,
        -0.09635268534306833,
        -0.08635268534306834,
        -0.07635268534306834,
        -0.06635268534306835,
        -0.056352685343068344,
        -0.04635268534306834,
        -0.041352685343068345,
        -0.03635268534306835,
        -0.03135268534306835,
        -0.02885268534306835,
        -0.026352685343068352,
        -0.023852685343068353,
        -0.021352685343068355,
        -0.020102685343068354,
        -0.018852685343068352,
        -0.01760268534306835,
        -0.01635268534306835,
        -0.015102685343068351,
        -0.01447768534306835,
        -0.01385268534306835,
        -0.01322768534306835,
        -0.012602685343068349,
        -0.011977685343068348,
        -0.011352685343068348,
        -0.010727685343068347,
        -0.010415185343068347,
        -0.010102685343068346,
        -0.009790185343068346,
        -0.009477685343068346,
        -0.009165185343068346,
        -0.008852685343068345,
        -0.008540185343068345,
        -0.008227685343068345,
        -0.007915185343068344,
        -0.007602685343068344,
        -0.007446435343068344,
        -0.007290185343068344,
        -0.007133935343068344,
        -0.006977685343068344,
        -0.0068214353430683435,
        -0.006665185343068343,
        -0.006508935343068343,
        -0.006352685343068343,
        -0.006196435343068343,
        -0.006040185343068343,
        -0.005883935343068343,
        -0.0057276853430683426,
        -0.005571435343068342
    ],