{
    "label": "N300",
    "frame": "P001",
    "level": 0,
    "L": 48,
    "lat_unit": 0.0498,
    "a_inv": 3.962,
    "m_B": 0.30035335689045933,
    "m_pi": 0.10651186269560828,
    "k2mpi2": -0.0258518018311471,
    "kcot_mpi": -0.1860810819614587,
    "k2mpi2s": [
        -0.06014570579346487,
        -0.05881752759505605,
        -0.057489349396647224,
        -0.05616117119823841,
        -0.054832992999829584,
        -0.05350481480142076,
        -0.05217663660301194,
        -0.050848458404603114,
        -0.0495202802061943,
        -0.048192102007785474,
        -0.04686392380937665,
        -0.04553574561096783,
        -0.044207567412559004,
        -0.04287938921415019,
        -0.04155121101574136,
        -0.04022303281733254,
        -0.03889485461892372,
        -0.037566676420514894,
        -0.03623849822210608,
        -0.03491032002369725,
        -0.03358214182528843,
        -0.03225396362687961,
        -0.030925785428470784,
        -0.029597607230061964,
        -0.028269429031653137,
        -0.02694125083324432,
        -0.025613072634835497,
        -0.024284894436426674,
        -0.02295671623801785,
        -0.021628538039609027,
        -0.02030035984120021,
        -0.018972181642791387,
        -0.017644003444382564,
        -0.01631582524597374,
        -0.014987647047564917,
        -0.0136594688491561,
        -0.012331290650747277,
        -0.011003112452338454,
        -0.00967493425392963,
        -0.008346756055520807,
        -0.0070185778571119906,
        -0.005690399658703167,
        -0.004362221460294344,
        -0.0030340432618855204,
        -0.001705865063476697,
        -0.0003776868650678736,
        0.0009504913333409429,
        0.0022786695317497663,
        0.0036068477301585966,
        0.004935025928567417
    ],
    "kcot_mpis": [
        -0.2449192725933073,
        -0.2427649107840239,
        -0.24060124947595282,
        -0.23842820400052805,
        -0.23624568861573478,
        -0.23405361648873085,
        -0.23185189968316292,
        -0.22964044913524959,
        -0.22741917463966715,
        -0.2251879848301632,
        -0.2229467871586915,
        -0.2206954878791376,
        -0.2184339920265668,
        -0.21616220339583664,
        -0.2138800245233139,
        -0.21158735666483736,
        -0.20928409977428755,
        -0.2069701524834829,
        -0.20464541207832104,
        -0.20230977447721007,
        -0.19996313420767722,
        -0.19760538438319206,
        -0.1952364166794917,
        -0.19285612130967886,
        -0.19046438699944032,
        -0.18806110096138476,
        -0.1856461488702643,
        -0.18321941483459922,
        -0.18078078137202672,
        -0.17833012937954912,
        -0.17586733810481525,
        -0.1733922851226068,
        -0.17090484629784097,
        -0.1684048957604496,
        -0.16589230587512235,
        -0.16336694720740863,
        -0.16082868849253396,
        -0.15827739660411844,
        -0.15571293652030052,
        -0.15313517128904872,
        -0.15054396199261771,
        -0.14793916771477209,
        -0.1453206455024766,
        -0.142688250328353,
        -0.14004183505490134,
        -0.1373812503935064,
        -0.13470634486595184,
        -0.1320169647647541,
        -0.12931295410827046,
        -0.12659415460523
    ],
    "k2mpi2_ref": [
        -0.8058518018311477,
        -0.7958518018311477,
        -0.7858518018311477,
        -0.7758518018311477,
        -0.7658518018311476,
        -0.7558518018311476,
        -0.7458518018311476,
        -0.7358518018311476,
        -0.7258518018311476,
        -0.7158518018311476,
        -0.7058518018311476,
        -0.6958518018311476,
        -0.6858518018311476,
        -0.6758518018311476,
        -0.6658518018311476,
        -0.6558518018311476,
        -0.6458518018311475,
        -0.6358518018311475,
        -0.6258518018311475,
        -0.6158518018311475,
        -0.6058518018311475,
        -0.5958518018311475,
        -0.5858518018311475,
        -0.5758518018311475,
        -0.5658518018311475,
        -0.5558518018311475,
        -0.5458518018311475,
        -0.5358518018311474,
        -0.5258518018311474,
        -0.5158518018311474,
        -0.5058518018311474,
        -0.4958518018311474,
        -0.4858518018311474,
        -0.4758518018311474,
        -0.4658518018311474,
        -0.4558518018311474,
        -0.44585180183114737,
        -0.43585180183114736,
        -0.42585180183114735,
        -0.41585180183114734,
        -0.40585180183114733,
        -0.3958518018311473,
        -0.3858518018311473,
        -0.3758518018311473,
        -0.3658518018311473,
        -0.3558518018311473,
        -0.3458518018311473,
        -0.33585180183114727,
        -0.32585180183114726,
        -0.31585180183114725,
        -0.30585180183114724,
        -0.29585180183114723,
        -0.2858518018311472,
        -0.2758518018311472,
        -0.2658518018311472,
        -0.2558518018311472,
        -0.2458518018311472,
        -0.23585180183114718,
        -0.22585180183114717,
        -0.21585180183114716,
        -0.20585180183114715,
        -0.19585180183114714,
        -0.18585180183114713,
        -0.17585180183114713,
        -0.16585180183114712,
        -0.1558518018311471,
        -0.1458518018311471,
        -0.1358518018311471,
        -0.12585180183114708,
        -0.11585180183114707,
        -0.10585180183114708,
        -0.09585180183114708,
        -0.08585180183114709,
        -0.07585180183114709,
        -0.0658518018311471,
        -0.0558518018311471,
        -0.0458518018311471,
        -0.0358518018311471,
        -0.0258518018311471,
        -0.0158518018311471,
        -0.005851801831147101,
        0.004148198168852899,
        0.0141481981688529,
        0.0241481981688529,
        0.0341481981688529,
        0.044148198168852903,
        0.054148198168852905,
        0.06414819816885291,
        0.0741481981688529,
        0.0841481981688529,
        0.09414819816885289,
        0.10414819816885289,
        0.11414819816885288,
        0.12414819816885288,
        0.13414819816885287,
        0.14414819816885288,
        0.1541481981688529,
        0.1641481981688529,
        0.1741481981688529,
        0.18414819816885292,
        0.19414819816885293,
        0.20414819816885293,
        0.21414819816885294,
        0.22414819816885295,
        0.23414819816885296,
        0.24414819816885297,
        0.254148198168853,
        0.264148198168853,
        0.274148198168853,
        0.284148198168853,
        0.294148198168853,
        0.304148198168853,
        0.30914819816885303,
        0.31414819816885303,
        0.31914819816885304,
        0.32164819816885304,
        0.32414819816885304,
        0.32664819816885304,
        0.32914819816885305,
        0.33164819816885305,
        0.332898198168853,
        0.334148198168853,
        0.33539819816885297,
        0.33664819816885294,
        0.3378981981688529,
        0.3391481981688529,
        0.3397731981688529,
        0.34039819816885286,
        0.34102319816885285,
        0.34164819816885283,
        0.3422731981688528,
        0.3428981981688528,
        0.3435231981688528,
        0.3441481981688528,
        0.34477319816885277,
        0.34539819816885275,
        0.34602319816885274,
        0.34633569816885273,
        0.34664819816885273,
        0.3469606981688527,
        0.3472731981688527,
        0.3475856981688527,
        0.3478981981688527,
        0.3482106981688527,
        0.3485231981688527,
        0.3488356981688527,
        0.3491481981688527,
        0.34946069816885267,
        0.34977319816885266,
        0.35008569816885265
    ],