{
    "label": "U103",
    "frame": "P011",
    "level": 1,
    "L": 24,
    "lat_unit": 0.0865,
    "a_inv": 2.281,
    "m_B": 0.5173169662428758,
    "m_pi": 0.18149934239368695,
    "k2mpi2": 0.694980699603681,
    "kcot_mpi": 1.8886494713213051,
    "k2mpi2s": [
        0.6460491838749913,
        0.6480411644474516,
        0.6500331450199119,
        0.6520251255923721,
        0.6540171061648324,
        0.6560090867372927,
        0.658001067309753,
        0.6599930478822132,
        0.6619850284546736,
        0.6639770090271339,
        0.6659689895995942,
        0.6679609701720545,
        0.6699529507445147,
        0.671944931316975,
        0.6739369118894353,
        0.6759288924618956,
        0.6779208730343558,
        0.6799128536068161,
        0.6819048341792764,
        0.6838968147517367,
        0.685888795324197,
        0.6878807758966572,
        0.6898727564691175,
        0.6918647370415778,
        0.6938567176140381,
        0.6958486981864983,
        0.6978406787589586,
        0.6998326593314189,
        0.7018246399038792,
        0.7038166204763395,
        0.7058086010487997,
        0.70780058162126,
        0.7097925621937203,
        0.7117845427661806,
        0.7137765233386408,
        0.7157685039111011,
        0.7177604844835614,
        0.7197524650560218,
        0.7217444456284821,
        0.7237364262009423,
        0.7257284067734026,
        0.7277203873458629,
        0.7297123679183232,
        0.7317043484907834,
        0.7336963290632437,
        0.735688309635704,
        0.7376802902081643,
        0.7396722707806245,
        0.7416642513530848,
        0.7436562319255451
    ],
    "kcot_mpis": [
        1.4442646274497781,
        1.459550665637106,
        1.4750370929987429,
        1.490728151197534,
        1.5066282029427847,
        1.5227417363332034,
        1.539073369401268,
        1.5556278548479843,
        1.5724100849917695,
        1.589425096934122,
        1.6066780779563454,
        1.6241743711616934,
        1.6419194813728355,
        1.6599190812972644,
        1.6781790179805856,
        1.69670531955396,
        1.7155042023097702,
        1.7345820780942198,
        1.7539455620512001,
        1.7736014807802254,
        1.7935568808207702,
        1.813819037597834,
        1.834395464792995,
        1.8552939241884192,
        1.876522435960685,
        1.898089289588623,
        1.9200030551944327,
        1.9422725955543618,
        1.9649070786940195,
        1.9879159911469724,
        2.0113091519131467,
        2.035096727150663,
        2.0592892456604357,
        2.083897615205843,
        2.1089331397180495,
        2.1344075374510023,
        2.1603329601433225,
        2.18672201325173,
        2.2135877773306265,
        2.240943830631756,
        2.268804273010506,
        2.297183751204272,
        2.326097485627466,
        2.3555612987295147,
        2.3855916450484336,
        2.4162056431861467,
        2.4474211094703393,
        2.479256594060387,
        2.511731419030936,
        2.544865718967661
    ],
    "k2mpi2_ref": [
        -0.80501930039632,
        -0.79501930039632,
        -0.78501930039632,
        -0.7750193003963199,
        -0.7650193003963199,
        -0.7550193003963199,
        -0.7450193003963199,
        -0.7350193003963199,
        -0.7250193003963199,
        -0.7150193003963199,
        -0.7050193003963199,
        -0.6950193003963199,
        -0.6850193003963199,
        -0.6750193003963199,
        -0.6650193003963198,
        -0.6550193003963198,
        -0.6450193003963198,
        -0.6350193003963198,
        -0.6250193003963198,
        -0.6150193003963198,
        -0.6050193003963198,
        -0.5950193003963198,
        -0.5850193003963198,
        -0.5750193003963198,
        -0.5650193003963198,
        -0.5550193003963197,
        -0.5450193003963197,
        -0.5350193003963197,
        -0.5250193003963197,
        -0.5150193003963197,
        -0.5050193003963197,
        -0.49501930039631975,
        -0.48501930039631974,
        -0.47501930039631973,
        -0.4650193003963197,
        -0.4550193003963197,
        -0.4450193003963197,
        -0.4350193003963197,
        -0.4250193003963197,
        -0.4150193003963197,
        -0.40501930039631967,
        -0.39501930039631966,
        -0.38501930039631965,
        -0.37501930039631964,
        -0.36501930039631963,
        -0.3550193003963196,
        -0.3450193003963196,
        -0.3350193003963196,
        -0.3250193003963196,
        -0.3150193003963196,
        -0.3050193003963196,
        -0.2950193003963196,
        -0.28501930039631956,
        -0.27501930039631955,
        -0.26501930039631955,
        -0.25501930039631954,
        -0.24501930039631953,
        -0.23501930039631952,
        -0.2250193003963195,
        -0.2150193003963195,
        -0.2050193003963195,
        -0.19501930039631948,
        -0.18501930039631947,
        -0.17501930039631947,
        -0.16501930039631946,
        -0.15501930039631945,
        -0.14501930039631944,
        -0.13501930039631943,
        -0.12501930039631942,
        -0.11501930039631943,
        -0.10501930039631943,
        -0.09501930039631944,
        -0.08501930039631944,
        -0.07501930039631945,
        -0.06501930039631945,
        -0.05501930039631945,
        -0.04501930039631945,
        -0.035019300396319446,
        -0.025019300396319444,
        -0.015019300396319442,
        -0.005019300396319442,
        0.0049806996036805586,
        0.014980699603680559,
        0.02498069960368056,
        0.03498069960368056,
        0.04498069960368056,
        0.054980699603680565,
        0.06498069960368057,
        0.07498069960368056,
        0.08498069960368056,
        0.09498069960368055,
        0.10498069960368055,
        0.11498069960368054,
        0.12498069960368054,
        0.13498069960368053,
        0.14498069960368054,
        0.15498069960368055,
        0.16498069960368056,
        0.17498069960368057,
        0.18498069960368058,
        0.19498069960368059,
        0.2049806996036806,
        0.2149806996036806,
        0.2249806996036806,
        0.23498069960368062,
        0.24498069960368063,
        0.25498069960368064,
        0.26498069960368065,
        0.27498069960368066,
        0.28498069960368066,
        0.2949806996036807,
        0.3049806996036807,
        0.3149806996036807,
        0.3249806996036807,
        0.3349806996036807,
        0.3449806996036807,
        0.3549806996036807,
        0.36498069960368074,
        0.37498069960368074,
        0.38498069960368075,
        0.39498069960368076,
        0.40498069960368077,
        0.4149806996036808,
        0.4249806996036808,
        0.4349806996036808,
        0.4449806996036808,
        0.4549806996036808,
        0.4649806996036808,
        0.47498069960368083,
        0.48498069960368084,
        0.49498069960368085,
        0.5049806996036809,
        0.5149806996036809,
        0.5249806996036809,
        0.5349806996036809,
        0.5449806996036809,
        0.5549806996036809,
        0.5649806996036809,
        0.5749806996036809,
        0.5849806996036809,
        0.5949806996036809,
        0.604980699603681,
        0.614980699603681,
        0.624980699603681,
        0.634980699603681,
        0.644980699603681,
        0.654980699603681,
        0.664980699603681,
        0.674980699603681,
        0.684980699603681,
        0.694980699603681,
        0.704980699603681,
        0.714980699603681,
        0.7249806996036811,
        0.7349806996036811,
        0.7449806996036811,
        0.7549806996036811,
        0.7649806996036811,
        0.7749806996036811,
        0.7849806996036811,
        0.7949806996036811,
        0.8049806996036811,
        0.8149806996036811,
        0.8249806996036811,
        0.8299806996036811,
        0.8349806996036812,
        0.8399806996036812,
        0.8449806996036812,
        0.8499806996036812,
        0.8549806996036812,
