{
    "label": "U103",
    "frame": "P111",
    "level": 1,
    "L": 24,
    "lat_unit": 0.0865,
    "a_inv": 2.281,
    "m_B": 0.5173169662428758,
    "m_pi": 0.18149934239368695,
    "k2mpi2": 1.1734892808261006,
    "kcot_mpi": 2.909505680732663,
    "k2mpi2s": [
        1.08344165546552,
        1.0871960244335466,
        1.090950393401573,
        1.0947047623695996,
        1.098459131337626,
        1.1022135003056526,
        1.105967869273679,
        1.1097222382417056,
        1.1134766072097322,
        1.1172309761777586,
        1.1209853451457852,
        1.1247397141138116,
        1.1284940830818382,
        1.1322484520498646,
        1.1360028210178912,
        1.1397571899859178,
        1.1435115589539442,
        1.1472659279219708,
        1.1510202968899972,
        1.1547746658580238,
        1.1585290348260502,
        1.1622834037940768,
        1.1660377727621034,
        1.1697921417301298,
        1.1735465106981564,
        1.1773008796661828,
        1.1810552486342094,
        1.1848096176022358,
        1.1885639865702624,
        1.192318355538289,
        1.1960727245063154,
        1.199827093474342,
        1.2035814624423684,
        1.207335831410395,
        1.2110902003784214,
        1.214844569346448,
        1.2185989383144746,
        1.222353307282501,
        1.2261076762505276,
        1.229862045218554,
        1.2336164141865806,
        1.2373707831546072,
        1.2411251521226336,
        1.2448795210906602,
        1.2486338900586866,
        1.2523882590267132,
        1.2561426279947396,
        1.2598969969627662,
        1.2636513659307926,
        1.2674057348988192
    ],
    "kcot_mpis": [
        2.0659910848550287,
        2.093916428867239,
        2.1223412536382864,
        2.1512798312918426,
        2.1807469843259466,
        2.2107581124869484,
        2.241329220989832,
        2.2724769507364426,
        2.3042186101197757,
        2.336572208851837,
        2.3695564938405993,
        2.40319098733922,
        2.437496027414001,
        2.4724928110512243,
        2.5082034399571818,
        2.5446509693795947,
        2.581859460098641,
        2.6198540338309138,
        2.658660932395243,
        2.6983075808360333,
        2.7388226548841748,
        2.780236153077753,
        2.822579473939751,
        2.865885498622773,
        2.910188679467582,
        2.955525135004223,
        3.0019327518863865,
        3.049451294496726,
        3.098122522688423,
        3.1479903185909426,
        3.1991008231512645,
        3.251502583401966,
        3.305246711363264,
        3.3603870557304796,
        3.4169803875330853,
        3.4750866011102404,
        3.5347689319302282,
        3.59609419278712,
        3.6591330305802723,
        3.7239602051877854,
        3.790654893310993,
        3.8593010195364323,
        3.929987617664209,
        4.002809225521488,
        4.077866316993758,
        4.155265775364176,
        4.235121412707252,
        4.3175545406073015,
        4.402694598239995,
        4.490679844647986
    ],
    "k2mpi2_ref": [
        -0.7765107191739008,
        -0.7665107191739008,
        -0.7565107191739008,
        -0.7465107191739008,
        -0.7365107191739008,
        -0.7265107191739008,
        -0.7165107191739007,
        -0.7065107191739007,
        -0.6965107191739007,
        -0.6865107191739007,
        -0.6765107191739007,
        -0.6665107191739007,
        -0.6565107191739007,
        -0.6465107191739007,
        -0.6365107191739007,
        -0.6265107191739007,
        -0.6165107191739007,
        -0.6065107191739006,
        -0.5965107191739006,
        -0.5865107191739006,
        -0.5765107191739006,
        -0.5665107191739006,
        -0.5565107191739006,
        -0.5465107191739006,
        -0.5365107191739006,
        -0.5265107191739006,
        -0.5165107191739006,
        -0.5065107191739006,
        -0.4965107191739006,
        -0.4865107191739006,
        -0.4765107191739006,
        -0.4665107191739006,
        -0.45651071917390057,
        -0.44651071917390056,
        -0.43651071917390055,
        -0.42651071917390054,
        -0.41651071917390053,
        -0.4065107191739005,
        -0.3965107191739005,
        -0.3865107191739005,
        -0.3765107191739005,
        -0.3665107191739005,
        -0.3565107191739005,
        -0.34651071917390047,
        -0.33651071917390046,
        -0.32651071917390045,
        -0.31651071917390045,
        -0.30651071917390044,
        -0.29651071917390043,
        -0.2865107191739004,
        -0.2765107191739004,
        -0.2665107191739004,
        -0.2565107191739004,
        -0.24651071917390038,
        -0.23651071917390037,
        -0.22651071917390037,
        -0.21651071917390036,
        -0.20651071917390035,
        -0.19651071917390034,
        -0.18651071917390033,
        -0.17651071917390032,
        -0.1665107191739003,
        -0.1565107191739003,
        -0.1465107191739003,
        -0.13651071917390029,
        -0.12651071917390028,
        -0.11651071917390028,
        -0.10651071917390029,
        -0.09651071917390029,
        -0.0865107191739003,
        -0.0765107191739003,
        -0.0665107191739003,
        -0.056510719173900305,
        -0.0465107191739003,
        -0.0365107191739003,
        -0.0265107191739003,
        -0.016510719173900297,
        -0.006510719173900297,
        0.0034892808260997034,
        0.013489280826099704,
        0.023489280826099704,
        0.033489280826099706,
        0.04348928082609971,
        0.05348928082609971,
        0.06348928082609971,
        0.0734892808260997,
        0.0834892808260997,
        0.0934892808260997,
        0.10348928082609969,
        0.11348928082609969,
        0.12348928082609968,
        0.13348928082609968,
        0.14348928082609969,
        0.1534892808260997,
        0.1634892808260997,
        0.1734892808260997,
        0.18348928082609972,
        0.19348928082609973,
        0.20348928082609974,
        0.21348928082609975,
        0.22348928082609976,
        0.23348928082609977,
        0.24348928082609977,
        0.2534892808260998,
        0.2634892808260998,
        0.2734892808260998,
        0.2834892808260998,
        0.2934892808260998,
        0.3034892808260998,
        0.31348928082609984,
        0.32348928082609985,
        0.33348928082609985,
        0.34348928082609986,
        0.35348928082609987,
        0.3634892808260999,
        0.3734892808260999,
        0.3834892808260999,
        0.3934892808260999,
        0.4034892808260999,
        0.4134892808260999,
        0.42348928082609993,
        0.43348928082609994,
        0.44348928082609995,
        0.45348928082609996,
        0.46348928082609997,
        0.4734892808261,
        0.4834892808261,
        0.4934892808261,
        0.5034892808261,
        0.5134892808261,
        0.5234892808261,
        0.5334892808261,
        0.5434892808261,
        0.5534892808261,
        0.5634892808261001,
        0.5734892808261001,
        0.5834892808261001,
        0.5934892808261001,
        0.6034892808261001,
        0.6134892808261001,
        0.6234892808261001,
        0.6334892808261001,
        0.6434892808261001,
        0.6534892808261001,
        0.6634892808261001,
        0.6734892808261002,
        0.6834892808261002,
        0.6934892808261002,
        0.7034892808261002,
        0.7134892808261002,
        0.7234892808261002,
        0.7334892808261002,
        0.7434892808261002,
        0.7534892808261002,
        0.7634892808261002,
        0.7734892808261002,
        0.7834892808261003,
        0.7934892808261003,
        0.8034892808261003,
        0.8134892808261003,
        0.8234892808261003,
        0.8334892808261003,
        0.8434892808261003,
        0.8534892808261003,
        0.8634892808261003,
        0.8734892808261003,
        0.8834892808261003,
        0.8934892808261004,
        0.9034892808261004,
        0.9134892808261004,
        0.9234892808261004,
