{
    "label": "U103",
    "frame": "P011",
    "level": 0,
    "L": 24,
    "lat_unit": 0.0865,
    "a_inv": 2.281,
    "m_B": 0.5173169662428758,
    "m_pi": 0.18149934239368695,
    "k2mpi2": 0.1971491942376316,
    "kcot_mpi": -0.12741306974072678,
    "k2mpi2s": [
        0.14144205177221467,
        0.14378291227616882,
        0.14612377278012298,
        0.14846463328407714,
        0.1508054937880313,
        0.15314635429198545,
        0.1554872147959396,
        0.15782807529989376,
        0.16016893580384792,
        0.16250979630780207,
        0.16485065681175623,
        0.1671915173157104,
        0.16953237781966454,
        0.1718732383236187,
        0.17421409882757286,
        0.176554959331527,
        0.17889581983548117,
        0.18123668033943532,
        0.18357754084338948,
        0.18591840134734364,
        0.1882592618512978,
        0.19060012235525195,
        0.1929409828592061,
        0.19528184336316026,
        0.19762270386711445,
        0.1999635643710686,
        0.20230442487502276,
        0.20464528537897692,
        0.20698614588293107,
        0.20932700638688523,
        0.21166786689083938,
        0.21400872739479354,
        0.2163495878987477,
        0.21869044840270185,
        0.221031308906656,
        0.22337216941061017,
        0.22571302991456432,
        0.22805389041851848,
        0.23039475092247264,
        0.2327356114264268,
        0.23507647193038095,
        0.2374173324343351,
        0.23975819293828926,
        0.24209905344224342,
        0.24443991394619757,
        0.24678077445015173,
        0.24912163495410589,
        0.25146249545806004,
        0.2538033559620142,
        0.25614421646596836
    ],
    "kcot_mpis": [
        -0.19594255142188788,
        -0.19317882678095646,
        -0.19040547420944529,
        -0.18762242294090548,
        -0.1848296014705347,
        -0.18202693755629573,
        -0.1792143582019366,
        -0.1763917896524031,
        -0.17355915738121466,
        -0.17071638607999484,
        -0.16786339964679195,
        -0.1650001211780179,
        -0.16212647295867164,
        -0.1592423764457697,
        -0.15634775226711248,
        -0.15344252019674606,
        -0.15052659915703667,
        -0.14759990719638477,
        -0.1446623614826424,
        -0.14171387829391646,
        -0.13875437299868512,
        -0.13578376004736065,
        -0.13280195296178063,
        -0.12980886431819147,
        -0.1268044057390866,
        -0.12378848787419533,
        -0.12076102039201263,
        -0.11772191196263905,
        -0.11467107024351038,
        -0.11160840187240235,
        -0.10853381244390449,
        -0.10544720649555975,
        -0.10234848750131235,
        -0.0992375578459968,
        -0.09611431881943319,
        -0.09297867059194587,
        -0.08983051220359238,
        -0.08666974154793673,
        -0.08349625535177457,
        -0.08030994916514998,
        -0.07711071733542342,
        -0.07389845299789598,
        -0.07067304805124953,
        -0.06743439314603526,
        -0.06418237766242949,
        -0.06091688969081884,
        -0.057637816017211116,
        -0.05434504209795797,
        -0.051038452046078465,
        -0.047717928605020686
    ],
    "k2mpi2_ref": [
        -0.792850805762369,
        -0.782850805762369,
        -0.772850805762369,
        -0.762850805762369,
        -0.752850805762369,
        -0.742850805762369,
        -0.7328508057623689,
        -0.7228508057623689,
        -0.7128508057623689,
        -0.7028508057623689,
        -0.6928508057623689,
        -0.6828508057623689,
        -0.6728508057623689,
        -0.6628508057623689,
        -0.6528508057623689,
        -0.6428508057623689,
        -0.6328508057623689,
        -0.6228508057623688,
        -0.6128508057623688,
        -0.6028508057623688,
        -0.5928508057623688,
        -0.5828508057623688,
        -0.5728508057623688,
        -0.5628508057623688,
        -0.5528508057623688,
        -0.5428508057623688,
        -0.5328508057623688,
        -0.5228508057623688,
        -0.5128508057623687,
        -0.5028508057623687,
        -0.4928508057623687,
        -0.4828508057623687,
        -0.4728508057623687,
        -0.4628508057623687,
        -0.4528508057623687,
        -0.4428508057623687,
        -0.4328508057623687,
        -0.42285080576236866,
        -0.41285080576236866,
        -0.40285080576236865,
        -0.39285080576236864,
        -0.38285080576236863,
        -0.3728508057623686,
        -0.3628508057623686,
        -0.3528508057623686,
        -0.3428508057623686,
        -0.3328508057623686,
        -0.3228508057623686,
        -0.31285080576236857,
        -0.30285080576236856,
        -0.29285080576236855,
        -0.28285080576236854,
        -0.27285080576236853,
        -0.2628508057623685,
        -0.2528508057623685,
        -0.2428508057623685,
        -0.2328508057623685,
        -0.2228508057623685,
        -0.21285080576236848,
        -0.20285080576236847,
        -0.19285080576236846,
        -0.18285080576236845,
        -0.17285080576236844,
        -0.16285080576236843,
        -0.15285080576236842,
        -0.14285080576236842,
        -0.1328508057623684,
        -0.12285080576236841,
        -0.11285080576236842,
        -0.10285080576236842,
        -0.09285080576236843,
        -0.08285080576236843,
        -0.07285080576236844,
        -0.06285080576236844,
        -0.05285080576236844,
        -0.04285080576236844,
        -0.032850805762368436,
        -0.022850805762368434,
        -0.012850805762368434,
        -0.0028508057623684337,
        0.0071491942376315665,
        0.017149194237631567,
        0.02714919423763157,
        0.03714919423763157,
        0.04714919423763157,
        0.057149194237631575,
        0.06714919423763158,
        0.07714919423763157,
        0.08714919423763157,
        0.09714919423763156,
        0.10714919423763156,
        0.11714919423763155,
        0.12714919423763155,
        0.13714919423763156,
        0.14714919423763156,
        0.15714919423763157,
        0.16714919423763158,
        0.1771491942376316,
        0.1871491942376316,
        0.1971491942376316,
        0.20714919423763162,
        0.21714919423763163,
        0.22714919423763164,
        0.23714919423763164,
        0.24714919423763165,
        0.25714919423763166,
        0.26714919423763167,
        0.2771491942376317,
        0.2871491942376317,
        0.2971491942376317,
        0.3071491942376317,
        0.3171491942376317,
        0.3271491942376317,
        0.33714919423763173,
        0.34714919423763174,
        0.35714919423763175,
        0.36714919423763176,
        0.37714919423763177,
        0.3871491942376318,
        0.3971491942376318,
        0.4071491942376318,
        0.4171491942376318,
        0.4271491942376318,
        0.4371491942376318,
        0.44714919423763183,
        0.45714919423763184,
        0.46714919423763185,
        0.47714919423763186,
        0.48714919423763187,
        0.4971491942376319,
        0.5071491942376318,
        0.5171491942376318,
        0.5271491942376318,
        0.5371491942376319,
        0.5471491942376319,
        0.5571491942376319,
        0.5671491942376319,
        0.5771491942376319,
        0.5871491942376319,
        0.5971491942376319,
        0.6071491942376319,
        0.6171491942376319,
        0.6271491942376319,
        0.6371491942376319,
        0.647149194237632,
        0.657149194237632,
        0.667149194237632,
        0.677149194237632,
        0.687149194237632,
        0.697149194237632,
        0.707149194237632,
        0.717149194237632,
        0.727149194237632,
        0.737149194237632,
        0.747149194237632,
        0.757149194237632,
        0.7671491942376321,
        0.7771491942376321,
        0.7871491942376321,
        0.7971491942376321,
        0.8071491942376321,
        0.8171491942376321,
        0.8271491942376321,
        0.8371491942376321,
