{
    "label": "U103",
    "frame": "P001",
    "level": 0,
    "L": 24,
    "lat_unit": 0.0865,
    "a_inv": 2.281,
    "m_B": 0.5173169662428758,
    "m_pi": 0.18149934239368695,
    "k2mpi2": -0.251190879550877,
    "kcot_mpi": -0.48142165718304636,
    "k2mpi2s": [
        -0.3184842857183009,
        -0.3155854332390766,
        -0.3126865807598523,
        -0.309787728280628,
        -0.30688887580140367,
        -0.3039900233221794,
        -0.30109117084295506,
        -0.2981923183637308,
        -0.2952934658845065,
        -0.29239461340528217,
        -0.2894957609260579,
        -0.28659690844683355,
        -0.2836980559676093,
        -0.28079920348838494,
        -0.27790035100916066,
        -0.2750014985299364,
        -0.27210264605071205,
        -0.26920379357148777,
        -0.26630494109226344,
        -0.26340608861303916,
        -0.2605072361338148,
        -0.25760838365459054,
        -0.2547095311753662,
        -0.25181067869614193,
        -0.24891182621691765,
        -0.24601297373769332,
        -0.24311412125846904,
        -0.24021526877924473,
        -0.23731641630002043,
        -0.23441756382079612,
        -0.23151871134157181,
        -0.22861985886234754,
        -0.2257210063831232,
        -0.22282215390389892,
        -0.21992330142467462,
        -0.2170244489454503,
        -0.214125596466226,
        -0.2112267439870017,
        -0.20832789150777742,
        -0.20542903902855308,
        -0.2025301865493288,
        -0.1996313340701045,
        -0.1967324815908802,
        -0.1938336291116559,
        -0.19093477663243158,
        -0.18803592415320727,
        -0.18513707167398297,
        -0.1822382191947587,
        -0.17933936671553438,
        -0.17644051423631008
    ],
    "kcot_mpis": [
        -0.54566907942273,
        -0.5430299958704479,
        -0.5403801480094431,
        -0.5377194295099639,
        -0.5350477325298539,
        -0.5323649476858152,
        -0.5296709640266263,
        -0.5269656690037036,
        -0.5242489484417843,
        -0.5215206865093581,
        -0.5187807656872983,
        -0.5160290667388681,
        -0.5132654686764642,
        -0.510489848729369,
        -0.5077020823102646,
        -0.5049020429805845,
        -0.5020896024175168,
        -0.4992646303742797,
        -0.4964269946472274,
        -0.49357656103682074,
        -0.4907131933087635,
        -0.4878367531581931,
        -0.4849471001579547,
        -0.4820440917399599,
        -0.47912758312820364,
        -0.4761974273126475,
        -0.4732534749979634,
        -0.4702955745582439,
        -0.4673235719958016,
        -0.46433731088791447,
        -0.46133663234323014,
        -0.4583213749469758,
        -0.45529137471668074,
        -0.45224646504442567,
        -0.4491864766462183,
        -0.4461112375062936,
        -0.4430205728228886,
        -0.4399143049491262,
        -0.43679225333453253,
        -0.43365423446545365,
        -0.43050006180262557,
        -0.4273295457171929,
        -0.4241424934293126,
        -0.42093870893565977,
        -0.4177179929469176,
        -0.4144801428140679,
        -0.41122495245819696,
        -0.4079522122963517,
        -0.40466170916557626,
        -0.40135322624653164
    ],
    "k2mpi2_ref": [
        -0.8011908795508774,
        -0.7911908795508774,
        -0.7811908795508774,
        -0.7711908795508774,
        -0.7611908795508774,
        -0.7511908795508774,
        -0.7411908795508774,
        -0.7311908795508774,
        -0.7211908795508774,
        -0.7111908795508773,
        -0.7011908795508773,
        -0.6911908795508773,
        -0.6811908795508773,
        -0.6711908795508773,
        -0.6611908795508773,
        -0.6511908795508773,
        -0.6411908795508773,
        -0.6311908795508773,
        -0.6211908795508773,
        -0.6111908795508773,
        -0.6011908795508772,
        -0.5911908795508772,
        -0.5811908795508772,
        -0.5711908795508772,
        -0.5611908795508772,
        -0.5511908795508772,
        -0.5411908795508772,
        -0.5311908795508772,
        -0.5211908795508772,
        -0.5111908795508772,
        -0.5011908795508772,
        -0.4911908795508772,
        -0.4811908795508772,
        -0.4711908795508772,
        -0.4611908795508772,
        -0.45119087955087717,
        -0.44119087955087716,
        -0.43119087955087715,
        -0.42119087955087714,
        -0.41119087955087713,
        -0.4011908795508771,
        -0.3911908795508771,
        -0.3811908795508771,
        -0.3711908795508771,
        -0.3611908795508771,
        -0.3511908795508771,
        -0.34119087955087707,
        -0.33119087955087706,
        -0.32119087955087705,
        -0.31119087955087704,
        -0.30119087955087703,
        -0.291190879550877,
        -0.281190879550877,
        -0.271190879550877,
        -0.261190879550877,
        -0.251190879550877,
        -0.24119087955087698,
        -0.23119087955087697,
        -0.22119087955087696,
        -0.21119087955087695,
        -0.20119087955087694,
        -0.19119087955087694,
        -0.18119087955087693,
        -0.17119087955087692,
        -0.1611908795508769,
        -0.1511908795508769,
        -0.1411908795508769,
        -0.13119087955087688,
        -0.12119087955087689,
        -0.11119087955087689,
        -0.1011908795508769,
        -0.0911908795508769,
        -0.08119087955087691,
        -0.07119087955087691,
        -0.06119087955087691,
        -0.05119087955087691,
        -0.041190879550876906,
        -0.031190879550876904,
        -0.021190879550876902,
        -0.011190879550876902,
        -0.001190879550876902,
        0.008809120449123098,
        0.0188091204491231,
        0.0288091204491231,
        0.0388091204491231,
        0.048809120449123104,
        0.058809120449123106,
        0.0688091204491231,
        0.0788091204491231,
        0.08880912044912309,
        0.09880912044912309,
        0.10880912044912308,
        0.11880912044912308,
        0.12880912044912307,
        0.13880912044912308,
        0.1488091204491231,
        0.1588091204491231,
        0.1688091204491231,
        0.17880912044912312,
        0.18880912044912312,
        0.19880912044912313,
        0.20880912044912314,
        0.21880912044912315,
        0.22880912044912316,
        0.23880912044912317,
        0.24880912044912318,
        0.2588091204491232,
        0.2688091204491232,
        0.2788091204491232,
        0.2888091204491232,
        0.2988091204491232,
        0.30880912044912323,
        0.31880912044912324,
        0.32880912044912325,
        0.33880912044912326,
        0.34880912044912327,
        0.3588091204491233,
        0.3688091204491233,
        0.3788091204491233,
        0.3888091204491233,
        0.3988091204491233,
        0.4088091204491233,
        0.4138091204491233,
        0.41880912044912333,
        0.42380912044912333,
        0.42880912044912334,
        0.43380912044912334,
        0.43630912044912334,
        0.43880912044912335,
        0.44130912044912335,
        0.44380912044912335,
        0.44630912044912335,
        0.44880912044912336,
        0.45130912044912336,
        0.45255912044912333,
        0.4538091204491233,
        0.4550591204491233,
        0.45630912044912325,
        0.4575591204491232,
        0.4588091204491232,
        0.46005912044912317,
        0.46130912044912314,
        0.4625591204491231,
        0.4638091204491231,
        0.4644341204491231,
        0.46505912044912306,
        0.46568412044912305,
        0.46630912044912304,
        0.466934120449123,
        0.467559120449123,
        0.468184120449123,
        0.468809120449123,
        0.46943412044912297,
        0.47005912044912296,
        0.47068412044912294,
        0.47130912044912293,
        0.4716216204491229,
        0.4719341204491229,
        0.4722466204491229,
        0.4725591204491229
    ],