{
    "label": "U103",
    "frame": "P111",
    "level": 1,
    "L": 24,
    "lat_unit": 0.0865,
    "a_inv": 2.281,
    "m_B": 0.5173169662428758,
    "m_pi": 0.18149934239368695,
    "k2mpi2": 1.1734892808261006,
    "kcot_mpi": 6.2592493399866855,
    "k2mpi2s": [
        1.08344165546552,
        1.0871960244335466,
        1.090950393401573,
        1.0947047623695996,
        1.098459131337626,
        1.1022135003056526,
        1.105967869273679,
        1.1097222382417056,
        1.1134766072097322,
        1.1172309761777586,
        1.1209853451457852,
        1.1247397141138116,
        1.1284940830818382,
        1.1322484520498646,
        1.1360028210178912,
        1.1397571899859178,
        1.1435115589539442,
        1.1472659279219708,
        1.1510202968899972,
        1.1547746658580238,
        1.1585290348260502,
        1.1622834037940768,
        1.1660377727621034,
        1.1697921417301298,
        1.1735465106981564,
        1.1773008796661828,
        1.1810552486342094,
        1.1848096176022358,
        1.1885639865702624,
        1.192318355538289,
        1.1960727245063154,
        1.199827093474342,
        1.2035814624423684,
        1.207335831410395,
        1.2110902003784214,
        1.214844569346448,
        1.2185989383144746,
        1.222353307282501,
        1.2261076762505276,
        1.229862045218554,
        1.2336164141865806,
        1.2373707831546072,
        1.2411251521226336,
        1.2448795210906602,
        1.2486338900586866,
        1.2523882590267132,
        1.2561426279947396,
        1.2598969969627662,
        1.2636513659307926,
        1.2674057348988192
    ],
    "kcot_mpis": [
        3.782977352606497,
        3.8514911914558203,
        3.922024306398375,
        3.994669500893066,
        4.069525358502909,
        4.14669670023531,
        4.22629508539616,
        4.308439362324369,
        4.393256273402722,
        4.480881121606213,
        4.571458505689638,
        4.665143132516122,
        4.76210071600344,
        4.862508973827203,
        4.966558734351667,
        5.074455168415847,
        5.186419162624037,
        5.302688853488415,
        5.423521344913398,
        5.5491946350083605,
        5.680009782673682,
        5.816293349479858,
        5.958400158549759,
        6.106716419508206,
        6.261663277437911,
        6.423700854542593,
        6.593332866159117,
        6.7711119087584875,
        6.957645536740185,
        7.15360326895642,
        7.359724695136464,
        7.57682888916862,
        7.805825381725996,
        8.047727002229246,
        8.30366497251211,
        8.574906726673236,
        8.862877049437078,
        9.169183276998147,
        9.495645501655083,
        9.844332978542848,
        10.217608273395246,
        10.61818114180976,
        11.049174738256013,
        11.51420757708694,
        12.017495798356919,
        12.563981859752278,
        13.159497980043607,
        13.810975798175011,
        14.526718248096211,
        15.316756309452321
    ],
    "k2mpi2_ref": [
        -0.8065107191739008,
        -0.7965107191739008,
        -0.7865107191739008,
        -0.7765107191739008,
        -0.7665107191739008,
        -0.7565107191739008,
        -0.7465107191739008,
        -0.7365107191739008,
        -0.7265107191739008,
        -0.7165107191739007,
        -0.7065107191739007,
        -0.6965107191739007,
        -0.6865107191739007,
        -0.6765107191739007,
        -0.6665107191739007,
        -0.6565107191739007,
        -0.6465107191739007,
        -0.6365107191739007,
        -0.6265107191739007,
        -0.6165107191739007,
        -0.6065107191739006,
        -0.5965107191739006,
        -0.5865107191739006,
        -0.5765107191739006,
        -0.5665107191739006,
        -0.5565107191739006,
        -0.5465107191739006,
        -0.5365107191739006,
        -0.5265107191739006,
        -0.5165107191739006,
        -0.5065107191739006,
        -0.4965107191739006,
        -0.4865107191739006,
        -0.4765107191739006,
        -0.4665107191739006,
        -0.45651071917390057,
        -0.44651071917390056,
        -0.43651071917390055,
        -0.42651071917390054,
        -0.41651071917390053,
        -0.4065107191739005,
        -0.3965107191739005,
        -0.3865107191739005,
        -0.3765107191739005,
        -0.3665107191739005,
        -0.3565107191739005,
        -0.34651071917390047,
        -0.33651071917390046,
        -0.32651071917390045,
        -0.31651071917390045,
        -0.30651071917390044,
        -0.29651071917390043,
        -0.2865107191739004,
        -0.2765107191739004,
        -0.2665107191739004,
        -0.2565107191739004,
        -0.24651071917390038,
        -0.23651071917390037,
        -0.22651071917390037,
        -0.21651071917390036,
        -0.20651071917390035,
        -0.19651071917390034,
        -0.18651071917390033,
        -0.17651071917390032,
        -0.1665107191739003,
        -0.1565107191739003,
        -0.1465107191739003,
        -0.13651071917390029,
        -0.12651071917390028,
        -0.11651071917390028,
        -0.10651071917390029,
        -0.09651071917390029,
        -0.0865107191739003,
        -0.0765107191739003,
        -0.0665107191739003,
        -0.056510719173900305,
        -0.0465107191739003,
        -0.0365107191739003,
        -0.0265107191739003,
        -0.016510719173900297,
        -0.006510719173900297,
        0.0034892808260997034,
        0.013489280826099704,
        0.023489280826099704,
        0.033489280826099706,
        0.04348928082609971,
        0.05348928082609971,
        0.06348928082609971,
        0.0734892808260997,
        0.0834892808260997,
        0.0934892808260997,
        0.10348928082609969,
        0.11348928082609969,
        0.12348928082609968,
        0.13348928082609968,
        0.14348928082609969,
        0.1534892808260997,
        0.1634892808260997,
        0.1734892808260997,
        0.18348928082609972,
        0.19348928082609973,
        0.20348928082609974,
        0.21348928082609975,
        0.22348928082609976,
        0.23348928082609977,
        0.24348928082609977,
        0.2534892808260998,
        0.2634892808260998,
        0.2734892808260998,
        0.2834892808260998,
        0.2934892808260998,
        0.3034892808260998,
        0.31348928082609984,
        0.32348928082609985,
        0.33348928082609985,
        0.34348928082609986,
        0.35348928082609987,
        0.3634892808260999,
        0.3734892808260999,
        0.3834892808260999,
        0.3934892808260999,
        0.4034892808260999,
        0.4134892808260999,
        0.42348928082609993,
        0.43348928082609994,
        0.44348928082609995,
        0.45348928082609996,
        0.46348928082609997,
        0.4734892808261,
        0.4834892808261,
        0.4934892808261,
        0.5034892808261,
        0.5134892808261,
        0.5234892808261,
        0.5334892808261,
        0.5434892808261,
        0.5534892808261,
        0.5634892808261001,
        0.5734892808261001,
        0.5834892808261001,
        0.5934892808261001,
        0.6034892808261001,
        0.6134892808261001,
        0.6234892808261001,
        0.6334892808261001,
        0.6434892808261001,
        0.6534892808261001,
        0.6634892808261001,
        0.6734892808261002,
        0.6834892808261002,
        0.6934892808261002,
        0.7034892808261002,
        0.7134892808261002,
        0.7234892808261002,
        0.7334892808261002,
        0.7434892808261002,
        0.7534892808261002,
        0.7634892808261002,
        0.7734892808261002,
        0.7834892808261003,
        0.7934892808261003,
        0.8034892808261003,
        0.8134892808261003,
        0.8234892808261003,
        0.8334892808261003,
        0.8434892808261003,
        0.8534892808261003,
        0.8634892808261003,
        0.8734892808261003,
        0.8834892808261003,
        0.8934892808261004,
        0.9034892808261004,
