{
    "label": "U103",
    "frame": "P000",
    "level": 1,
    "L": 24,
    "lat_unit": 0.0865,
    "a_inv": 2.281,
    "m_B": 0.5173169662428758,
    "m_pi": 0.18149934239368695,
    "k2mpi2": 1.5772005341277486,
    "kcot_mpi": 1.3565076174969044,
    "k2mpi2s": [
        1.4570193437294816,
        1.4618517371921145,
        1.4666841306547471,
        1.47151652411738,
        1.4763489175800126,
        1.4811813110426455,
        1.4860137045052781,
        1.490846097967911,
        1.4956784914305437,
        1.5005108848931765,
        1.5053432783558094,
        1.510175671818442,
        1.515008065281075,
        1.5198404587437075,
        1.5246728522063404,
        1.529505245668973,
        1.534337639131606,
        1.5391700325942386,
        1.5440024260568714,
        1.548834819519504,
        1.553667212982137,
        1.5584996064447698,
        1.5633319999074025,
        1.5681643933700353,
        1.572996786832668,
        1.5778291802953008,
        1.5826615737579335,
        1.5874939672205663,
        1.592326360683199,
        1.5971587541458319,
        1.6019911476084645,
        1.6068235410710974,
        1.6116559345337302,
        1.6164883279963629,
        1.6213207214589958,
        1.6261531149216284,
        1.6309855083842613,
        1.635817901846894,
        1.6406502953095268,
        1.6454826887721596,
        1.6503150822347923,
        1.6551474756974252,
        1.6599798691600578,
        1.6648122626226907,
        1.6696446560853233,
        1.6744770495479562,
        1.6793094430105888,
        1.6841418364732217,
        1.6889742299358543,
        1.6938066233984872
    ],
    "kcot_mpis": [
        0.9288014289641953,
        0.9433377234980783,
        0.9580571604567075,
        0.9729640693415289,
        0.9880629164930841,
        1.003358310606742,
        1.0188550085572088,
        1.0345579214465659,
        1.0504721210171468,
        1.0666028463040387,
        1.0829555107372002,
        1.0995357094836677,
        1.1163492272475684,
        1.133402046439814,
        1.150700355760142,
        1.1682505592978392,
        1.1860592860152408,
        1.2041333998177566,
        1.2224800101329634,
        1.2411064830758929,
        1.260020453236852,
        1.2792298360746037,
        1.298742841093975,
        1.3185679856808525,
        1.3387141097742734,
        1.3591903913699543,
        1.380006362944006,
        1.401171928798592,
        1.4226973834935996,
        1.4445934313409101,
        1.4668712070995684,
        1.4895422979324602,
        1.5126187667157835,
        1.5361131768001757,
        1.5600386183844872,
        1.584408736461657,
        1.6092377606933015,
        1.6345405371454922,
        1.660332562144692,
        1.6866300184277714,
        1.7134498135950784,
        1.7408096213764321,
        1.7687279255990176,
        1.7972240671202016,
        1.8263182948631491,
        1.8560318186101006,
        1.8863868680855576,
        1.9174067544588964,
        1.949115937246743,
        1.9815400960630822
    ],
    "k2mpi2_ref": [
        0.3272005341277475,
        0.33720053412774753,
        0.34720053412774754,
        0.35720053412774755,
        0.36720053412774756,
        0.37720053412774757,
        0.3872005341277476,
        0.3972005341277476,
        0.4072005341277476,
        0.4172005341277476,
        0.4272005341277476,
        0.4372005341277476,
        0.44720053412774763,
        0.45720053412774764,
        0.46720053412774765,
        0.47720053412774766,
        0.48720053412774766,
        0.4972005341277477,
        0.5072005341277477,
        0.5172005341277477,
        0.5272005341277477,
        0.5372005341277477,
        0.5472005341277477,
        0.5572005341277477,
        0.5672005341277477,
        0.5772005341277477,
        0.5872005341277478,
        0.5972005341277478,
        0.6072005341277478,
        0.6172005341277478,
        0.6272005341277478,
        0.6372005341277478,
        0.6472005341277478,
        0.6572005341277478,
        0.6672005341277478,
        0.6772005341277478,
        0.6872005341277478,
        0.6972005341277479,
        0.7072005341277479,
        0.7172005341277479,
        0.7272005341277479,
        0.7372005341277479,
        0.7472005341277479,
        0.7572005341277479,
        0.7672005341277479,
        0.7772005341277479,
        0.7872005341277479,
        0.7972005341277479,
        0.807200534127748,
        0.817200534127748,
        0.827200534127748,
        0.837200534127748,
        0.847200534127748,
        0.857200534127748,
        0.867200534127748,
        0.877200534127748,
        0.887200534127748,
        0.897200534127748,
        0.907200534127748,
        0.917200534127748,
        0.927200534127748,
        0.9372005341277481,
        0.9472005341277481,
        0.9572005341277481,
        0.9672005341277481,
        0.9772005341277481,
        0.9872005341277481,
        0.9972005341277481,
        1.0072005341277481,
        1.0172005341277481,
        1.0272005341277481,
        1.0372005341277482,
        1.0472005341277482,
        1.0572005341277482,
        1.0672005341277482,
        1.0772005341277482,
        1.0872005341277482,
        1.0972005341277482,
        1.1072005341277482,
        1.1172005341277482,
        1.1272005341277482,
        1.1372005341277482,
        1.1472005341277483,
        1.1572005341277483,
        1.1672005341277483,
        1.1772005341277483,
        1.1872005341277483,
        1.1972005341277483,
        1.2072005341277483,
        1.2172005341277483,
        1.2272005341277483,
        1.2372005341277483,
        1.2472005341277483,
        1.2572005341277483,
        1.2672005341277484,
        1.2772005341277484,
        1.2872005341277484,
        1.2972005341277484,
        1.3072005341277484,
        1.3172005341277484,
        1.3272005341277484,
        1.3372005341277484,
        1.3472005341277484,
        1.3572005341277484,
        1.3672005341277484,
        1.3772005341277485,
        1.3872005341277485,
        1.3972005341277485,
        1.4072005341277485,
        1.4172005341277485,
        1.4272005341277485,
        1.4372005341277485,
        1.4472005341277485,
        1.4572005341277485,
        1.4672005341277485,
        1.4772005341277485,
        1.4872005341277486,
        1.4972005341277486,
        1.5072005341277486,
        1.5172005341277486,
        1.5272005341277486,
        1.5372005341277486,
        1.5472005341277486,
        1.5572005341277486,
        1.5672005341277486,
        1.5772005341277486,
        1.5872005341277486,
        1.5972005341277487,
        1.6072005341277487,
        1.6172005341277487,
        1.6272005341277487,
        1.6372005341277487,
        1.6472005341277487,
        1.6572005341277487,
        1.6672005341277487,
        1.6772005341277487,
        1.6872005341277487,
        1.6972005341277487,
        1.7072005341277487,
        1.7172005341277488,
        1.7272005341277488,
        1.7372005341277488,
        1.7472005341277488,
        1.7572005341277488,
        1.7672005341277488,
        1.7772005341277488,
        1.7872005341277488,
        1.7972005341277488,
        1.8072005341277488,
        1.8172005341277488,
        1.8272005341277489,
        1.8372005341277489,
        1.8472005341277489,
        1.8572005341277489,
        1.867200534127749,
        1.877200534127749,
        1.887200534127749,
        1.897200534127749,
        1.907200534127749,
        1.917200534127749,
        1.927200534127749,
        1.937200534127749,
        1.947200534127749,
        1.9522005341277489,
        1.9572005341277487,
        1.9622005341277486,
        1.9672005341277485,
        1.9722005341277484,
        1.9772005341277483,
        1.9822005341277482,
        1.9847005341277482,
        1.987200534127748,
        1.989700534127748,
        1.992200534127748,
        1.994700534127748,
