{
    "label": "U103",
    "frame": "P011",
    "level": 0,
    "L": 24,
    "lat_unit": 0.0865,
    "a_inv": 2.281,
    "m_B": 0.5173169662428758,
    "m_pi": 0.18149934239368695,
    "k2mpi2": 0.1971491942376316,
    "kcot_mpi": -0.022772417836012523,
    "k2mpi2s": [
        0.14144205177221467,
        0.14378291227616882,
        0.14612377278012298,
        0.14846463328407714,
        0.1508054937880313,
        0.15314635429198545,
        0.1554872147959396,
        0.15782807529989376,
        0.16016893580384792,
        0.16250979630780207,
        0.16485065681175623,
        0.1671915173157104,
        0.16953237781966454,
        0.1718732383236187,
        0.17421409882757286,
        0.176554959331527,
        0.17889581983548117,
        0.18123668033943532,
        0.18357754084338948,
        0.18591840134734364,
        0.1882592618512978,
        0.19060012235525195,
        0.1929409828592061,
        0.19528184336316026,
        0.19762270386711445,
        0.1999635643710686,
        0.20230442487502276,
        0.20464528537897692,
        0.20698614588293107,
        0.20932700638688523,
        0.21166786689083938,
        0.21400872739479354,
        0.2163495878987477,
        0.21869044840270185,
        0.221031308906656,
        0.22337216941061017,
        0.22571302991456432,
        0.22805389041851848,
        0.23039475092247264,
        0.2327356114264268,
        0.23507647193038095,
        0.2374173324343351,
        0.23975819293828926,
        0.24209905344224342,
        0.24443991394619757,
        0.24678077445015173,
        0.24912163495410589,
        0.25146249545806004,
        0.2538033559620142,
        0.25614421646596836
    ],
    "kcot_mpis": [
        -0.10445501484204803,
        -0.10119043878292965,
        -0.0979120538229268,
        -0.09461974223547204,
        -0.09131338489307961,
        -0.08799286125756353,
        -0.08465804935096968,
        -0.08130882573985049,
        -0.07794506551024909,
        -0.0745666422453202,
        -0.07117342800111472,
        -0.06776529328572818,
        -0.06434210703679193,
        -0.06090373659144226,
        -0.0574500476718405,
        -0.05398090434680635,
        -0.05049616901966279,
        -0.04699570239183686,
        -0.043479363441680255,
        -0.039947009400200094,
        -0.0363984957159893,
        -0.03283367603125123,
        -0.02925240215539857,
        -0.02565452403189041,
        -0.022039889713416305,
        -0.01840834532603965,
        -0.014759735043431216,
        -0.011093901052126801,
        -0.007410683519270414,
        -0.003709920567189925,
        8.551768885793257e-06,
        0.0037448995738789638,
        0.007499291079001843,
        0.011271896707280332,
        0.015062889099922783,
        0.018872443161653672,
        0.022700736092905273,
        0.026547947427802376,
        0.030414259076820813,
        0.03429985535943505,
        0.038204923053394235,
        0.042129651428005774,
        0.046074232292883426,
        0.050038860034464,
        0.054023731663588294,
        0.058029046860958215,
        0.06205500801839534,
        0.06610182029121306,
        0.07016969163946213,
        0.07425883288417783
    ],
    "k2mpi2_ref": [
        -0.802850805762369,
        -0.792850805762369,
        -0.782850805762369,
        -0.772850805762369,
        -0.762850805762369,
        -0.752850805762369,
        -0.742850805762369,
        -0.7328508057623689,
        -0.7228508057623689,
        -0.7128508057623689,
        -0.7028508057623689,
        -0.6928508057623689,
        -0.6828508057623689,
        -0.6728508057623689,
        -0.6628508057623689,
        -0.6528508057623689,
        -0.6428508057623689,
        -0.6328508057623689,
        -0.6228508057623688,
        -0.6128508057623688,
        -0.6028508057623688,
        -0.5928508057623688,
        -0.5828508057623688,
        -0.5728508057623688,
        -0.5628508057623688,
        -0.5528508057623688,
        -0.5428508057623688,
        -0.5328508057623688,
        -0.5228508057623688,
        -0.5128508057623687,
        -0.5028508057623687,
        -0.4928508057623687,
        -0.4828508057623687,
        -0.4728508057623687,
        -0.4628508057623687,
        -0.4528508057623687,
        -0.4428508057623687,
        -0.4328508057623687,
        -0.42285080576236866,
        -0.41285080576236866,
        -0.40285080576236865,
        -0.39285080576236864,
        -0.38285080576236863,
        -0.3728508057623686,
        -0.3628508057623686,
        -0.3528508057623686,
        -0.3428508057623686,
        -0.3328508057623686,
        -0.3228508057623686,
        -0.31285080576236857,
        -0.30285080576236856,
        -0.29285080576236855,
        -0.28285080576236854,
        -0.27285080576236853,
        -0.2628508057623685,
        -0.2528508057623685,
        -0.2428508057623685,
        -0.2328508057623685,
        -0.2228508057623685,
        -0.21285080576236848,
        -0.20285080576236847,
        -0.19285080576236846,
        -0.18285080576236845,
        -0.17285080576236844,
        -0.16285080576236843,
        -0.15285080576236842,
        -0.14285080576236842,
        -0.1328508057623684,
        -0.12285080576236841,
        -0.11285080576236842,
        -0.10285080576236842,
        -0.09285080576236843,
        -0.08285080576236843,
        -0.07285080576236844,
        -0.06285080576236844,
        -0.05285080576236844,
        -0.04285080576236844,
        -0.032850805762368436,
        -0.022850805762368434,
        -0.012850805762368434,
        -0.0028508057623684337,
        0.0071491942376315665,
        0.017149194237631567,
        0.02714919423763157,
        0.03714919423763157,
        0.04714919423763157,
        0.057149194237631575,
        0.06714919423763158,
        0.07714919423763157,
        0.08714919423763157,
        0.09714919423763156,
        0.10714919423763156,
        0.11714919423763155,
        0.12714919423763155,
        0.13714919423763156,
        0.14714919423763156,
        0.15714919423763157,
        0.16714919423763158,
        0.1771491942376316,
        0.1871491942376316,
        0.1971491942376316,
        0.20714919423763162,
        0.21714919423763163,
        0.22714919423763164,
        0.23714919423763164,
        0.24714919423763165,
        0.25714919423763166,
        0.26714919423763167,
        0.2771491942376317,
        0.2871491942376317,
        0.2971491942376317,
        0.3071491942376317,
        0.3171491942376317,
        0.3271491942376317,
        0.33714919423763173,
        0.34714919423763174,
        0.35714919423763175,
        0.36714919423763176,
        0.37714919423763177,
        0.3871491942376318,
        0.3971491942376318,
        0.4071491942376318,
        0.4171491942376318,
        0.4271491942376318,
        0.4371491942376318,
        0.44714919423763183,
        0.45714919423763184,
        0.46714919423763185,
        0.47714919423763186,
        0.48714919423763187,
        0.4971491942376319,
        0.5071491942376318,
        0.5171491942376318,
        0.5271491942376318,
        0.5371491942376319,
        0.5471491942376319,
        0.5571491942376319,
        0.5671491942376319,
        0.5771491942376319,
        0.5871491942376319,
        0.5971491942376319,
        0.6071491942376319,
        0.6171491942376319,
        0.6271491942376319,
        0.6371491942376319,
        0.647149194237632,
        0.657149194237632,
        0.667149194237632,
        0.677149194237632,
        0.687149194237632,
        0.697149194237632,
        0.707149194237632,
        0.717149194237632,
        0.727149194237632,
        0.737149194237632,
        0.747149194237632,
        0.757149194237632,
        0.7671491942376321,
        0.7771491942376321,
        0.7871491942376321,
        0.7971491942376321,
        0.8071491942376321,
        0.8171491942376321,
        0.8271491942376321,
