{
    "label": "U103",
    "frame": "P000",
    "level": 0,
    "L": 24,
    "lat_unit": 0.0865,
    "a_inv": 2.281,
    "m_B": 0.5173169662428758,
    "m_pi": 0.18149934239368695,
    "k2mpi2": -0.6147996891588037,
    "kcot_mpi": -0.7177385283960795,
    "k2mpi2s": [
        -0.6628066407332681,
        -0.6608087632856743,
        -0.6588108858380805,
        -0.6568130083904867,
        -0.6548151309428929,
        -0.6528172534952991,
        -0.6508193760477052,
        -0.6488214986001115,
        -0.6468236211525177,
        -0.6448257437049238,
        -0.64282786625733,
        -0.6408299888097362,
        -0.6388321113621425,
        -0.6368342339145486,
        -0.6348363564669548,
        -0.632838479019361,
        -0.6308406015717672,
        -0.6288427241241734,
        -0.6268448466765796,
        -0.6248469692289857,
        -0.6228490917813919,
        -0.6208512143337982,
        -0.6188533368862044,
        -0.6168554594386105,
        -0.6148575819910167,
        -0.612859704543423,
        -0.6108618270958291,
        -0.6088639496482353,
        -0.6068660722006415,
        -0.6048681947530476,
        -0.6028703173054539,
        -0.6008724398578601,
        -0.5988745624102663,
        -0.5968766849626724,
        -0.5948788075150787,
        -0.5928809300674849,
        -0.590883052619891,
        -0.5888851751722972,
        -0.5868872977247035,
        -0.5848894202771097,
        -0.5828915428295158,
        -0.580893665381922,
        -0.5788957879343282,
        -0.5768979104867344,
        -0.5749000330391406,
        -0.5729021555915468,
        -0.570904278143953,
        -0.5689064006963591,
        -0.5669085232487654,
        -0.5649106458011716
    ],
    "kcot_mpis": [
        -0.7572248637194141,
        -0.7556402861780268,
        -0.7540509189950948,
        -0.7524567227959094,
        -0.7508576577349931,
        -0.7492536834886022,
        -0.747644759247289,
        -0.7460308437090662,
        -0.7444118950707852,
        -0.7427878710216665,
        -0.7411587287342386,
        -0.7395244248576871,
        -0.7378849155083047,
        -0.7362401562618708,
        -0.7345901021448193,
        -0.7329347076267387,
        -0.7312739266099583,
        -0.7296077124209233,
        -0.7279360178025278,
        -0.7262587949030666,
        -0.7245759952678666,
        -0.7228875698285994,
        -0.7211934688937274,
        -0.7194936421399728,
        -0.7177880385995362,
        -0.716076606651609,
        -0.714359294010221,
        -0.7126360477152205,
        -0.7109068141197175,
        -0.7091715388787027,
        -0.7074301669384957,
        -0.7056826425251853,
        -0.70392890913053,
        -0.7021689095019219,
        -0.7004025856296632,
        -0.6986298787327254,
        -0.6968507292482613,
        -0.6950650768142895,
        -0.6932728602623001,
        -0.6914740175971892,
        -0.6896684859870019,
        -0.6878562017472497,
        -0.6860371003264639,
        -0.6842111162917125,
        -0.6823781833118768,
        -0.6805382341441085,
        -0.6786912006158754,
        -0.6768370136089157,
        -0.674975603048782,
        -0.673106897873182
    ],
    "k2mpi2_ref": [
        -0.8047996891588038,
        -0.7947996891588038,
        -0.7847996891588038,
        -0.7747996891588038,
        -0.7647996891588038,
        -0.7547996891588038,
        -0.7447996891588038,
        -0.7347996891588038,
        -0.7247996891588038,
        -0.7147996891588038,
        -0.7047996891588038,
        -0.6947996891588037,
        -0.6847996891588037,
        -0.6747996891588037,
        -0.6647996891588037,
        -0.6547996891588037,
        -0.6447996891588037,
        -0.6347996891588037,
        -0.6247996891588037,
        -0.6147996891588037,
        -0.6047996891588037,
        -0.5947996891588037,
        -0.5847996891588036,
        -0.5747996891588036,
        -0.5647996891588036,
        -0.5547996891588036,
        -0.5447996891588036,
        -0.5347996891588036,
        -0.5247996891588036,
        -0.5147996891588036,
        -0.5047996891588036,
        -0.49479968915880357,
        -0.48479968915880356,
        -0.47479968915880355,
        -0.46479968915880354,
        -0.45479968915880353,
        -0.4447996891588035,
        -0.4347996891588035,
        -0.4247996891588035,
        -0.4147996891588035,
        -0.4047996891588035,
        -0.3947996891588035,
        -0.38479968915880347,
        -0.37479968915880346,
        -0.36479968915880345,
        -0.35479968915880344,
        -0.34479968915880344,
        -0.3347996891588034,
        -0.3247996891588034,
        -0.3147996891588034,
        -0.3047996891588034,
        -0.2947996891588034,
        -0.2847996891588034,
        -0.2747996891588034,
        -0.26479968915880336,
        -0.25479968915880336,
        -0.24479968915880335,
        -0.23479968915880334,
        -0.22479968915880333,
        -0.21479968915880332,
        -0.2047996891588033,
        -0.1947996891588033,
        -0.1847996891588033,
        -0.17479968915880328,
        -0.16479968915880328,
        -0.15479968915880327,
        -0.14479968915880326,
        -0.13479968915880325,
        -0.12479968915880325,
        -0.11479968915880326,
        -0.10479968915880326,
        -0.09479968915880327,
        -0.08479968915880327,
        -0.07479968915880328,
        -0.06479968915880328,
        -0.05479968915880328,
        -0.049799689158803284,
        -0.04479968915880329,
        -0.03979968915880329,
        -0.03729968915880329,
        -0.034799689158803285,
        -0.03229968915880328,
        -0.029799689158803284,
        -0.027299689158803285,
        -0.026049689158803284,
        -0.024799689158803283,
        -0.02354968915880328,
        -0.02229968915880328,
        -0.02104968915880328,
        -0.01979968915880328,
        -0.019174689158803278,
        -0.018549689158803277,
        -0.017924689158803277,
        -0.017299689158803276,
        -0.016674689158803276,
        -0.016049689158803275,
        -0.015424689158803274,
        -0.014799689158803274,
        -0.014174689158803273,
        -0.013549689158803273,
        -0.013237189158803273,
        -0.012924689158803272,
        -0.012612189158803272,
        -0.012299689158803272,
        -0.011987189158803271,
        -0.011674689158803271,
        -0.01136218915880327,
        -0.01104968915880327,
        -0.01073718915880327,
        -0.01042468915880327,
        -0.01011218915880327,
        -0.00979968915880327,
        -0.00964343915880327,
        -0.00948718915880327,
        -0.009330939158803269,
        -0.009174689158803269
    ],