{
    "label": "U103",
    "frame": "P111",
    "level": 0,
    "L": 24,
    "lat_unit": 0.0865,
    "a_inv": 2.281,
    "m_B": 0.5173169662428758,
    "m_pi": 0.18149934239368695,
    "k2mpi2": 0.622405717163767,
    "kcot_mpi": 0.6983463898635243,
    "k2mpi2s": [
        0.512753032919598,
        0.517159089892554,
        0.52156514686551,
        0.5259712038384662,
        0.5303772608114222,
        0.5347833177843783,
        0.5391893747573343,
        0.5435954317302905,
        0.5480014887032465,
        0.5524075456762025,
        0.5568136026491586,
        0.5612196596221146,
        0.5656257165950708,
        0.5700317735680268,
        0.5744378305409829,
        0.5788438875139389,
        0.583249944486895,
        0.5876560014598511,
        0.5920620584328071,
        0.5964681154057632,
        0.6008741723787192,
        0.6052802293516754,
        0.6096862863246314,
        0.6140923432975874,
        0.6184984002705436,
        0.6229044572434996,
        0.6273105142164557,
        0.6317165711894117,
        0.6361226281623678,
        0.6405286851353238,
        0.64493474210828,
        0.649340799081236,
        0.653746856054192,
        0.6581529130271482,
        0.6625589700001042,
        0.6669650269730603,
        0.6713710839460163,
        0.6757771409189723,
        0.6801831978919284,
        0.6845892548648845,
        0.6889953118378406,
        0.6934013688107966,
        0.6978074257837528,
        0.7022134827567088,
        0.7066195397296648,
        0.7110255967026209,
        0.7154316536755769,
        0.7198377106485331,
        0.7242437676214891,
        0.7286498245944452
    ],
    "kcot_mpis": [
        0.44186571658654905,
        0.45105616331047305,
        0.4603286813691822,
        0.4696845794802837,
        0.4791251947815475,
        0.488651893610905,
        0.4982660723101863,
        0.507969158056008,
        0.5177626097139222,
        0.5276479187270896,
        0.5376266100348088,
        0.5477002430155696,
        0.5578704124719827,
        0.568138749639329,
        0.5785069232400637,
        0.5889766405632676,
        0.5995496485912327,
        0.6102277351613137,
        0.6210127301682438,
        0.6319065068126665,
        0.6429109828899331,
        0.654028122130432,
        0.6652599355810005,
        0.6766084830476741,
        0.6880758745795609,
        0.699664272013205,
        0.7113758905830676,
        0.7232130005654804,
        0.735177929016673,
        0.7472730615565931,
        0.7595008442287122,
        0.771863785418714,
        0.7843644578710377,
        0.7970055007567356,
        0.8097896218411903,
        0.8227195997262409,
        0.8357982861895107,
        0.8490286086097674,
        0.8624135724912974,
        0.875956264094929,
        0.8896598531669916,
        0.9035275957895568,
        0.9175628373416765,
        0.9317690155867316,
        0.9461496638834324,
        0.9607084145408006,
        0.9754490023083037,
        0.9903752680164424,
        1.005491162370466,
        1.0208007499247995
    ],
    "k2mpi2_ref": [
        -0.8075942828362339,
        -0.7975942828362339,
        -0.7875942828362339,
        -0.7775942828362339,
        -0.7675942828362339,
        -0.7575942828362339,
        -0.7475942828362339,
        -0.7375942828362338,
        -0.7275942828362338,
        -0.7175942828362338,
        -0.7075942828362338,
        -0.6975942828362338,
        -0.6875942828362338,
        -0.6775942828362338,
        -0.6675942828362338,
        -0.6575942828362338,
        -0.6475942828362338,
        -0.6375942828362338,
        -0.6275942828362338,
        -0.6175942828362337,
        -0.6075942828362337,
        -0.5975942828362337,
        -0.5875942828362337,
        -0.5775942828362337,
        -0.5675942828362337,
        -0.5575942828362337,
        -0.5475942828362337,
        -0.5375942828362337,
        -0.5275942828362337,
        -0.5175942828362337,
        -0.5075942828362336,
        -0.4975942828362337,
        -0.4875942828362337,
        -0.4775942828362337,
        -0.46759428283623367,
        -0.45759428283623366,
        -0.44759428283623365,
        -0.43759428283623364,
        -0.42759428283623363,
        -0.4175942828362336,
        -0.4075942828362336,
        -0.3975942828362336,
        -0.3875942828362336,
        -0.3775942828362336,
        -0.3675942828362336,
        -0.35759428283623357,
        -0.34759428283623356,
        -0.33759428283623355,
        -0.32759428283623354,
        -0.31759428283623353,
        -0.3075942828362335,
        -0.2975942828362335,
        -0.2875942828362335,
        -0.2775942828362335,
        -0.2675942828362335,
        -0.2575942828362335,
        -0.24759428283623347,
        -0.23759428283623346,
        -0.22759428283623345,
        -0.21759428283623344,
        -0.20759428283623343,
        -0.19759428283623343,
        -0.18759428283623342,
        -0.1775942828362334,
        -0.1675942828362334,
        -0.1575942828362334,
        -0.14759428283623338,
        -0.13759428283623337,
        -0.12759428283623336,
        -0.11759428283623337,
        -0.10759428283623337,
        -0.09759428283623338,
        -0.08759428283623338,
        -0.07759428283623339,
        -0.0675942828362334,
        -0.0575942828362334,
        -0.0475942828362334,
        -0.037594282836233395,
        -0.027594282836233393,
        -0.01759428283623339,
        -0.007594282836233391,
        0.0024057171637666096,
        0.01240571716376661,
        0.02240571716376661,
        0.03240571716376661,
        0.042405717163766614,
        0.052405717163766616,
        0.06240571716376662,
        0.07240571716376662,
        0.08240571716376661,
        0.09240571716376661,
        0.1024057171637666,
        0.1124057171637666,
        0.1224057171637666,
        0.1324057171637666,
        0.1424057171637666,
        0.1524057171637666,
        0.16240571716376662,
        0.17240571716376663,
        0.18240571716376663,
        0.19240571716376664,
        0.20240571716376665,
        0.21240571716376666,
        0.22240571716376667,
        0.23240571716376668,
        0.2424057171637667,
        0.2524057171637667,
        0.2624057171637667,
        0.2724057171637667,
        0.2824057171637667,
        0.29240571716376673,
        0.30240571716376674,
        0.31240571716376675,
        0.32240571716376676,
        0.33240571716376677,
        0.3424057171637668,
        0.3524057171637668,
        0.3624057171637668,
        0.3724057171637668,
        0.3824057171637668,
        0.3924057171637668,
        0.40240571716376683,
        0.41240571716376684,
        0.42240571716376685,
        0.43240571716376686,
        0.44240571716376687,
        0.4524057171637669,
        0.4624057171637669,
        0.4724057171637669,
        0.4824057171637669,
        0.4924057171637669,
        0.5024057171637669,
        0.5124057171637669,
        0.5224057171637669,
        0.532405717163767,
        0.542405717163767,
        0.552405717163767,
        0.562405717163767,
        0.572405717163767,
        0.582405717163767,
        0.592405717163767,
        0.602405717163767,
        0.612405717163767,
        0.622405717163767,
        0.632405717163767,
        0.642405717163767,
        0.652405717163767,
        0.6624057171637671,
        0.6724057171637671,
        0.6824057171637671,
        0.6924057171637671,
        0.7024057171637671,
        0.7124057171637671,
        0.7224057171637671,
        0.7324057171637671,
        0.7424057171637671,
        0.7524057171637671,
        0.7624057171637671,
        0.7724057171637672,
        0.7824057171637672,
        0.7924057171637672,
        0.8024057171637672,
        0.8124057171637672,
        0.8224057171637672,
        0.8324057171637672,
        0.8424057171637672,
        0.8524057171637672,
        0.8624057171637672,
        0.8724057171637672,
        0.8824057171637673,
