{
    "label": "U103",
    "frame": "P001",
    "level": 1,
    "L": 24,
    "lat_unit": 0.0865,
    "a_inv": 2.281,
    "m_B": 0.5173169662428758,
    "m_pi": 0.18149934239368695,
    "k2mpi2": 2.1204996510625427,
    "kcot_mpi": 2.305674675719255,
    "k2mpi2s": [
        2.002483698931603,
        2.007329755921698,
        2.0121758129117926,
        2.0170218699018876,
        2.0218679268919826,
        2.026713983882077,
        2.031560040872172,
        2.036406097862267,
        2.0412521548523617,
        2.0460982118424567,
        2.0509442688325517,
        2.055790325822646,
        2.060636382812741,
        2.0654824398028357,
        2.0703284967929307,
        2.0751745537830257,
        2.0800206107731203,
        2.0848666677632153,
        2.0897127247533103,
        2.094558781743405,
        2.0994048387335,
        2.104250895723595,
        2.1090969527136894,
        2.1139430097037843,
        2.1187890666938793,
        2.123635123683974,
        2.128481180674069,
        2.133327237664164,
        2.1381732946542584,
        2.1430193516443534,
        2.1478654086344484,
        2.152711465624543,
        2.157557522614638,
        2.1624035796047325,
        2.1672496365948275,
        2.1720956935849225,
        2.1769417505750175,
        2.181787807565112,
        2.186633864555207,
        2.1914799215453016,
        2.1963259785353966,
        2.2011720355254916,
        2.206018092515586,
        2.210864149505681,
        2.215710206495776,
        2.2205562634858707,
        2.2254023204759656,
        2.2302483774660606,
        2.235094434456155,
        2.23994049144625
    ],
    "kcot_mpis": [
        1.6108380103725435,
        1.633993724171302,
        1.6575142122315718,
        1.6814097407206336,
        1.705690963394169,
        1.7303689403861366,
        1.7554551580308233,
        1.7809615499171345,
        1.8069005192923422,
        1.8332849626294407,
        1.8601282947404425,
        1.8874444756131497,
        1.9152480386146244,
        1.9435541207370572,
        1.9723784946812772,
        2.001737603037979,
        2.0316485947196075,
        2.062129363809377,
        2.093198591018001,
        2.1248757879666185,
        2.157181344506872,
        2.190136579348649,
        2.2237637942491855,
        2.258086332066489,
        2.2931286390353316,
        2.328916331557371,
        2.365476268004686,
        2.4028366258622706,
        2.441026984780506,
        2.4800784160211053,
        2.5200235789260055,
        2.5608968250044772,
        2.6027343104028473,
        2.6455741175972896,
        2.6894563870984722,
        2.7344234602219504,
        2.7805200341403165,
        2.8277933302070686,
        2.876293277174922,
        2.9260727107595104,
        2.977187591292682,
        3.029697241452118,
        3.083664606279245,
        3.139156537974993,
        3.196244108278021,
        3.255002951695058,
        3.3155136431411547,
        3.3778621141896554,
        3.4421401126320155,
        3.508445710765685
    ],
    "k2mpi2_ref": [
        0.9104996510625443,
        0.9204996510625443,
        0.9304996510625443,
        0.9404996510625443,
        0.9504996510625443,
        0.9604996510625443,
        0.9704996510625443,
        0.9804996510625443,
        0.9904996510625443,
        1.0004996510625443,
        1.0104996510625444,
        1.0204996510625444,
        1.0304996510625444,
        1.0404996510625444,
        1.0504996510625444,
        1.0604996510625444,
        1.0704996510625444,
        1.0804996510625444,
        1.0904996510625444,
        1.1004996510625444,
        1.1104996510625444,
        1.1204996510625445,
        1.1304996510625445,
        1.1404996510625445,
        1.1504996510625445,
        1.1604996510625445,
        1.1704996510625445,
        1.1804996510625445,
        1.1904996510625445,
        1.2004996510625445,
        1.2104996510625445,
        1.2204996510625445,
        1.2304996510625446,
        1.2404996510625446,
        1.2504996510625446,
        1.2604996510625446,
        1.2704996510625446,
        1.2804996510625446,
        1.2904996510625446,
        1.3004996510625446,
        1.3104996510625446,
        1.3204996510625446,
        1.3304996510625446,
        1.3404996510625447,
        1.3504996510625447,
        1.3604996510625447,
        1.3704996510625447,
        1.3804996510625447,
        1.3904996510625447,
        1.4004996510625447,
        1.4104996510625447,
        1.4204996510625447,
        1.4304996510625447,
        1.4404996510625447,
        1.4504996510625447,
        1.4604996510625448,
        1.4704996510625448,
        1.4804996510625448,
        1.4904996510625448,
        1.5004996510625448,
        1.5104996510625448,
        1.5204996510625448,
        1.5304996510625448,
        1.5404996510625448,
        1.5504996510625448,
        1.5604996510625448,
        1.5704996510625449,
        1.5804996510625449,
        1.5904996510625449,
        1.6004996510625449,
        1.610499651062545,
        1.620499651062545,
        1.630499651062545,
        1.640499651062545,
        1.650499651062545,
        1.660499651062545,
        1.670499651062545,
        1.680499651062545,
        1.690499651062545,
        1.700499651062545,
        1.710499651062545,
        1.720499651062545,
        1.730499651062545,
        1.740499651062545,
        1.750499651062545,
        1.760499651062545,
        1.770499651062545,
        1.780499651062545,
        1.790499651062545,
        1.800499651062545,
        1.810499651062545,
        1.820499651062545,
        1.830499651062545,
        1.840499651062545,
        1.850499651062545,
        1.8604996510625451,
        1.8704996510625451,
        1.8804996510625451,
        1.8904996510625451,
        1.9004996510625451,
        1.9104996510625452,
        1.9204996510625452,
        1.9304996510625452,
        1.9404996510625452,
        1.9504996510625452,
        1.9604996510625452,
        1.9704996510625452,
        1.9804996510625452,
        1.9904996510625452,
        2.0004996510625452,
        2.010499651062545,
        2.020499651062545,
        2.0304996510625446,
        2.0404996510625444,
        2.050499651062544,
        2.060499651062544,
        2.0704996510625437,
        2.0804996510625435,
        2.0904996510625433,
        2.100499651062543,
        2.110499651062543,
        2.1204996510625427,
        2.1304996510625425,
        2.1404996510625423,
        2.150499651062542,
        2.160499651062542,
        2.1704996510625416,
        2.1804996510625414,
        2.190499651062541,
        2.200499651062541,
        2.2104996510625408,
        2.2204996510625405,
        2.2304996510625403,
        2.24049965106254,
        2.25049965106254,
        2.2604996510625397,
        2.2704996510625395,
        2.2804996510625393,
        2.290499651062539,
        2.300499651062539,
        2.3104996510625386,
        2.3204996510625384
    ],