{
    "label": "U103",
    "frame": "P001",
    "level": 0,
    "L": 24,
    "lat_unit": 0.0865,
    "a_inv": 2.281,
    "m_B": 0.5173169662428758,
    "m_pi": 0.18149934239368695,
    "k2mpi2": -0.251190879550877,
    "kcot_mpi": -0.4944207714390278,
    "k2mpi2s": [
        -0.3184842857183009,
        -0.3155854332390766,
        -0.3126865807598523,
        -0.309787728280628,
        -0.30688887580140367,
        -0.3039900233221794,
        -0.30109117084295506,
        -0.2981923183637308,
        -0.2952934658845065,
        -0.29239461340528217,
        -0.2894957609260579,
        -0.28659690844683355,
        -0.2836980559676093,
        -0.28079920348838494,
        -0.27790035100916066,
        -0.2750014985299364,
        -0.27210264605071205,
        -0.26920379357148777,
        -0.26630494109226344,
        -0.26340608861303916,
        -0.2605072361338148,
        -0.25760838365459054,
        -0.2547095311753662,
        -0.25181067869614193,
        -0.24891182621691765,
        -0.24601297373769332,
        -0.24311412125846904,
        -0.24021526877924473,
        -0.23731641630002043,
        -0.23441756382079612,
        -0.23151871134157181,
        -0.22861985886234754,
        -0.2257210063831232,
        -0.22282215390389892,
        -0.21992330142467462,
        -0.2170244489454503,
        -0.214125596466226,
        -0.2112267439870017,
        -0.20832789150777742,
        -0.20542903902855308,
        -0.2025301865493288,
        -0.1996313340701045,
        -0.1967324815908802,
        -0.1938336291116559,
        -0.19093477663243158,
        -0.18803592415320727,
        -0.18513707167398297,
        -0.1822382191947587,
        -0.17933936671553438,
        -0.17644051423631008
    ],
    "kcot_mpis": [
        -0.5563459813161319,
        -0.5537948521570022,
        -0.5512339369949458,
        -0.5486631435877712,
        -0.5460823784330051,
        -0.5434915467446829,
        -0.540890552432058,
        -0.5382792980758991,
        -0.5356576849049669,
        -0.5330256127725713,
        -0.5303829801311819,
        -0.5277296840088734,
        -0.525065619982494,
        -0.5223906821518141,
        -0.5197047631139209,
        -0.5170077539334041,
        -0.5142995441191509,
        -0.511580021589665,
        -0.5088490726493476,
        -0.506106581956338,
        -0.5033524324920008,
        -0.50058650553371,
        -0.49780868060858957,
        -0.49501883548903325,
        -0.492216846129858,
        -0.4894025866526581,
        -0.4865759293042695,
        -0.4837367444207731,
        -0.4808849003961636,
        -0.47802026363923883,
        -0.47514269854037283,
        -0.47225206742743114,
        -0.4693482305323647,
        -0.4664310459449874,
        -0.46350036957364676,
        -0.46055605510176334,
        -0.4575979539455683,
        -0.4546259152078638,
        -0.4516397856322742,
        -0.44863940955727394,
        -0.4456246288672717,
        -0.4425952829427581,
        -0.4395512086136287,
        -0.4364922401014263,
        -0.43341820897226074,
        -0.43032894407916833,
        -0.4272242715078647,
        -0.42410401451973556,
        -0.4209679934928996,
        -0.41781602586366484
    ],
    "k2mpi2_ref": [
        -0.8011908795508774,
        -0.7911908795508774,
        -0.7811908795508774,
        -0.7711908795508774,
        -0.7611908795508774,
        -0.7511908795508774,
        -0.7411908795508774,
        -0.7311908795508774,
        -0.7211908795508774,
        -0.7111908795508773,
        -0.7011908795508773,
        -0.6911908795508773,
        -0.6811908795508773,
        -0.6711908795508773,
        -0.6611908795508773,
        -0.6511908795508773,
        -0.6411908795508773,
        -0.6311908795508773,
        -0.6211908795508773,
        -0.6111908795508773,
        -0.6011908795508772,
        -0.5911908795508772,
        -0.5811908795508772,
        -0.5711908795508772,
        -0.5611908795508772,
        -0.5511908795508772,
        -0.5411908795508772,
        -0.5311908795508772,
        -0.5211908795508772,
        -0.5111908795508772,
        -0.5011908795508772,
        -0.4911908795508772,
        -0.4811908795508772,
        -0.4711908795508772,
        -0.4611908795508772,
        -0.45119087955087717,
        -0.44119087955087716,
        -0.43119087955087715,
        -0.42119087955087714,
        -0.41119087955087713,
        -0.4011908795508771,
        -0.3911908795508771,
        -0.3811908795508771,
        -0.3711908795508771,
        -0.3611908795508771,
        -0.3511908795508771,
        -0.34119087955087707,
        -0.33119087955087706,
        -0.32119087955087705,
        -0.31119087955087704,
        -0.30119087955087703,
        -0.291190879550877,
        -0.281190879550877,
        -0.271190879550877,
        -0.261190879550877,
        -0.251190879550877,
        -0.24119087955087698,
        -0.23119087955087697,
        -0.22119087955087696,
        -0.21119087955087695,
        -0.20119087955087694,
        -0.19119087955087694,
        -0.18119087955087693,
        -0.17119087955087692,
        -0.1611908795508769,
        -0.1511908795508769,
        -0.1411908795508769,
        -0.13119087955087688,
        -0.12119087955087689,
        -0.11119087955087689,
        -0.1011908795508769,
        -0.0911908795508769,
        -0.08119087955087691,
        -0.07119087955087691,
        -0.06119087955087691,
        -0.05119087955087691,
        -0.041190879550876906,
        -0.031190879550876904,
        -0.021190879550876902,
        -0.011190879550876902,
        -0.001190879550876902,
        0.008809120449123098,
        0.0188091204491231,
        0.0288091204491231,
        0.0388091204491231,
        0.048809120449123104,
        0.058809120449123106,
        0.0688091204491231,
        0.0788091204491231,
        0.08880912044912309,
        0.09880912044912309,
        0.10880912044912308,
        0.11880912044912308,
        0.12880912044912307,
        0.13880912044912308,
        0.1488091204491231,
        0.1588091204491231,
        0.1688091204491231,
        0.17880912044912312,
        0.18880912044912312,
        0.19880912044912313,
        0.20880912044912314,
        0.21880912044912315,
        0.22880912044912316,
        0.23880912044912317,
        0.24880912044912318,
        0.2588091204491232,
        0.2688091204491232,
        0.2788091204491232,
        0.2888091204491232,
        0.2988091204491232,
        0.30880912044912323,
        0.31880912044912324,
        0.32880912044912325,
        0.33880912044912326,
        0.34880912044912327,
        0.3588091204491233,
        0.3688091204491233,
        0.3788091204491233,
        0.3888091204491233,
        0.3988091204491233,
        0.4088091204491233,
        0.41880912044912333,
        0.42880912044912334,
        0.43880912044912335,
        0.44380912044912335,
        0.44880912044912336,
        0.45380912044912336,
        0.45880912044912336,
        0.46380912044912337,
        0.46630912044912337
    ],