{
    "label": "U103",
    "frame": "P002",
    "level": 0,
    "L": 24,
    "lat_unit": 0.0865,
    "a_inv": 2.281,
    "m_B": 0.5173169662428758,
    "m_pi": 0.18149934239368695,
    "k2mpi2": -0.5959591563194614,
    "kcot_mpi": -0.713346577685758,
    "k2mpi2s": [
        -0.651147155460376,
        -0.6487508546816764,
        -0.6463545539029768,
        -0.6439582531242771,
        -0.6415619523455774,
        -0.6391656515668779,
        -0.6367693507881782,
        -0.6343730500094785,
        -0.6319767492307788,
        -0.6295804484520793,
        -0.6271841476733796,
        -0.6247878468946799,
        -0.6223915461159804,
        -0.6199952453372807,
        -0.617598944558581,
        -0.6152026437798814,
        -0.6128063430011818,
        -0.6104100422224821,
        -0.6080137414437825,
        -0.6056174406650828,
        -0.6032211398863832,
        -0.6008248391076835,
        -0.5984285383289839,
        -0.5960322375502842,
        -0.5936359367715845,
        -0.591239635992885,
        -0.5888433352141853,
        -0.5864470344354856,
        -0.584050733656786,
        -0.5816544328780864,
        -0.5792581320993867,
        -0.576861831320687,
        -0.5744655305419875,
        -0.5720692297632878,
        -0.5696729289845881,
        -0.5672766282058885,
        -0.5648803274271889,
        -0.5624840266484892,
        -0.5600877258697896,
        -0.5576914250910899,
        -0.5552951243123903,
        -0.5528988235336907,
        -0.550502522754991,
        -0.5481062219762913,
        -0.5457099211975917,
        -0.5433136204188921,
        -0.5409173196401924,
        -0.5385210188614927,
        -0.5361247180827932,
        -0.5337284173040935
    ],
    "kcot_mpis": [
        -0.7581477308748296,
        -0.7562808544369285,
        -0.7544073555281707,
        -0.7525271684462368,
        -0.7506402265323828,
        -0.748746462149466,
        -0.7468458066669295,
        -0.7449381904405137,
        -0.7430235427944352,
        -0.7411017919995867,
        -0.739172865256112,
        -0.7372366886712006,
        -0.7352931872392037,
        -0.7333422848189405,
        -0.731383904114301,
        -0.729417966647998,
        -0.7274443927411407,
        -0.7254631014930806,
        -0.7234740107472035,
        -0.7214770370780719,
        -0.719472095758599,
        -0.7174591007362334,
        -0.7154379646090219,
        -0.7134085985946655,
        -0.7113709125049277,
        -0.7093248147169132,
        -0.7072702121444145,
        -0.7052070102069401,
        -0.703135112800682,
        -0.7010544222663029,
        -0.6989648393558577,
        -0.6968662632036496,
        -0.6947585912877384,
        -0.692641719399653,
        -0.6905155416056183,
        -0.68837995017679,
        -0.6862348357291634,
        -0.6840800868306522,
        -0.6819155903156187,
        -0.6797412310691745,
        -0.6775568920205791,
        -0.6753624540999418,
        -0.6731577961971343,
        -0.6709427951148134,
        -0.6687173255247185,
        -0.6664812599204328,
        -0.6642344685686195,
        -0.6619768194585582,
        -0.6597081782551892,
        -0.6574284082431793
    ],
    "k2mpi2_ref": [
        -0.8059591563194616,
        -0.7959591563194616,
        -0.7859591563194616,
        -0.7759591563194616,
        -0.7659591563194615,
        -0.7559591563194615,
        -0.7459591563194615,
        -0.7359591563194615,
        -0.7259591563194615,
        -0.7159591563194615,
        -0.7059591563194615,
        -0.6959591563194615,
        -0.6859591563194615,
        -0.6759591563194615,
        -0.6659591563194615,
        -0.6559591563194614,
        -0.6459591563194614,
        -0.6359591563194614,
        -0.6259591563194614,
        -0.6159591563194614,
        -0.6059591563194614,
        -0.5959591563194614,
        -0.5859591563194614,
        -0.5759591563194614,
        -0.5659591563194614,
        -0.5559591563194614,
        -0.5459591563194613,
        -0.5359591563194613,
        -0.5259591563194613,
        -0.5159591563194613,
        -0.5059591563194613,
        -0.4959591563194613,
        -0.4859591563194613,
        -0.4759591563194613,
        -0.4659591563194613,
        -0.45595915631946127,
        -0.44595915631946126,
        -0.43595915631946125,
        -0.42595915631946124,
        -0.41595915631946123,
        -0.4059591563194612,
        -0.3959591563194612,
        -0.3859591563194612,
        -0.3759591563194612,
        -0.3659591563194612,
        -0.3559591563194612,
        -0.34595915631946117,
        -0.33595915631946116,
        -0.32595915631946115,
        -0.31595915631946114,
        -0.30595915631946113,
        -0.2959591563194611,
        -0.2859591563194611,
        -0.2759591563194611,
        -0.2659591563194611,
        -0.2559591563194611,
        -0.24595915631946108,
        -0.23595915631946107,
        -0.22595915631946106,
        -0.21595915631946105,
        -0.20595915631946105,
        -0.19595915631946104,
        -0.18595915631946103,
        -0.17595915631946102,
        -0.165959156319461,
        -0.155959156319461,
        -0.145959156319461,
        -0.13595915631946098,
        -0.12595915631946097,
        -0.11595915631946098,
        -0.10595915631946098,
        -0.09595915631946099,
        -0.085959156319461,
        -0.075959156319461,
        -0.065959156319461,
        -0.055959156319461,
        -0.050959156319461005,
        -0.04595915631946101,
        -0.04095915631946101,
        -0.03595915631946101,
        -0.03345915631946101,
        -0.03095915631946101,
        -0.028459156319461013,
        -0.025959156319461014,
        -0.024709156319461013,
        -0.02345915631946101
    ],